SG_UF,CO_MUNICIPIO,NO_MUNICIPIO,ID_ESCOLA,NO_ESCOLA,REDE,VL_APROVACAO_2017_SI_4,VL_APROVACAO_2017_1,VL_APROVACAO_2017_2,VL_APROVACAO_2017_3,VL_APROVACAO_2017_4,VL_INDICADOR_REND_2017,VL_APROVACAO_2019_SI_4,VL_APROVACAO_2019_1,VL_APROVACAO_2019_2,VL_APROVACAO_2019_3,VL_APROVACAO_2019_4,VL_INDICADOR_REND_2019,VL_APROVACAO_2021_SI_4,VL_APROVACAO_2021_1,VL_APROVACAO_2021_2,VL_APROVACAO_2021_3,VL_APROVACAO_2021_4,VL_INDICADOR_REND_2021,VL_APROVACAO_2023_SI_4,VL_APROVACAO_2023_1,VL_APROVACAO_2023_2,VL_APROVACAO_2023_3,VL_APROVACAO_2023_4,VL_INDICADOR_REND_2023,VL_NOTA_MATEMATICA_2017,VL_NOTA_PORTUGUES_2017,VL_NOTA_MEDIA_2017,VL_NOTA_MATEMATICA_2019,VL_NOTA_PORTUGUES_2019,VL_NOTA_MEDIA_2019,VL_NOTA_MATEMATICA_2021,VL_NOTA_PORTUGUES_2021,VL_NOTA_MEDIA_2021,VL_NOTA_MATEMATICA_2023,VL_NOTA_PORTUGUES_2023,VL_NOTA_MEDIA_2023,VL_OBSERVADO_2017,VL_OBSERVADO_2019,VL_OBSERVADO_2021,VL_OBSERVADO_2023,VL_PROJECAO_2019,VL_PROJECAO_2021,...49
RO,1100015,Alta Floresta D'Oeste,11024682,EEEFM EURIDICE LOPES PEDROSO,Estadual,,,,,,,,,,,,,90.8,89.3,86.3,98.9,,0.91194,98,98.6,96.2,99.1,,0.979502,,,,,,,246.73,250.12,3.899135,254.41,253.38,4.055802,,,3.6,4,,,
RO,1100015,Alta Floresta D'Oeste,11024968,EEEMTI JUSCELINO KUBITSCHEK DE OLIVEIRA,Estadual,96.1,96.2,95.1,96.4,,0.958966,97.7,96.2,96.3,100,,0.974683,98.9,98.6,98.4,100,,0.989949,97.5,95.2,100,100,,0.983471,297.74,286.88,5.165867,313.39,306.34,5.676987,298.17,302.78,5.40993,306.56,300.31,5.490791,5,5.5,5.4,5.4,5.2,5.4,
RO,1100015,Alta Floresta D'Oeste,11025638,COLEGIO TIRADENTES DA POLICIA MILITAR - CTPM XI,Estadual,85.1,80.2,89,87.8,,0.85484,91.4,90.8,90.4,93.5,,0.915462,83.7,85.9,82.4,81.4,,0.831892,97.4,95.1,100,100,,0.983115,255.04,247.86,3.982016,272.43,266,4.497814,,,,285.14,288.04,5.006266,3.4,4.1,,4.9,3.6,3.8,
RO,1100205,Porto Velho,11000260,COLEGIO TIRADENTES DA POLICIA MILITAR - CTPM I,Estadual,85.7,81.1,88,90.1,,0.862246,97.5,96.6,97.2,99,,0.975894,99.4,99.1,99,100,,0.993646,82.7,74.8,86.1,90.9,,0.833693,266.42,261.12,4.34035,325.73,320.8,6.066769,306.31,309.49,5.624705,315.02,318.69,5.884761,3.7,5.9,5.6,4.9,4,4.2,
RO,1100205,Porto Velho,11000597,EEEFM BELA VISTA,Estadual,86.1,81,84.6,100,,0.878066,84.9,82.1,80,96.7,,0.856616,,,,,,,,,,,,,275.22,266.44,4.543586,265.8,283.47,4.666223,,,,,,,4,4,,,4.2,4.4,
RO,1100205,Porto Velho,11000708,EEEFM CAP CLAUDIO MANOEL DA COSTA,Estadual,77.7,73.7,71.6,92.6,,0.782592,74.9,67.6,78.9,90,,0.77764,73.1,65.8,75.6,90.2,,0.759272,80.6,75,82.9,87.2,,0.813803,,,,256.88,264.07,4.250523,,,,247.66,255.96,3.999622,,3.3,,3.3,,3.5,
RO,1100205,Porto Velho,11000937,EEEFM DR OSWALDO PIANNA,Estadual,81.3,,75.6,91.3,,0.827116,,,,,,,,,,,,,,,,,,,261.36,269.35,4.392486,,,,,,,,,,3.6,,,,3.8,4.1,
RO,1100205,Porto Velho,11048450,ESCOLA MARCELO CANDIA SUBSEDE I,Estadual,78.9,75.5,78,85.3,,0.793884,,,,,,,,,,,,,,,,,,,300.94,296.75,5.358565,,,,,,,,,,4.3,,,,4.5,4.7,
RO,1100205,Porto Velho,11109807,IFRO - CAMPUS PORTO VELHO CALAMA,Federal,85.2,81,85.1,93.1,87,0.863335,93.3,92.2,92.1,92.6,98.7,0.938205,,,,,,,93.5,92.5,93.2,94.9,,0.935225,,,,321.11,317.91,5.958618,,,,,,,,5.6,,,,5.8,
AC,1200401,Rio Branco,12010928,COLEGIO ADVENTISTA DE RIO BRANCO,Privada,95.5,90.9,96.7,100,,0.957171,,,,,,,,,,,,,,,,,,,290.4,293.94,5.168465,,,,,,,,,,4.9,,,,5.2,5.4,
AC,1200401,Rio Branco,12011410,ESC COLEGIO DE APLICACAO UFAC,Federal,86.1,87.1,74.5,100,,0.859503,88.7,88.1,78,100,,0.877931,93,91.9,87.5,100,,0.928506,87.5,81,82.9,100,,0.87188,307.4,308.93,5.631631,332.18,317.47,6.107509,308.93,305.16,5.596682,302.3,316.2,5.668834,4.8,5.4,5.2,4.9,5,5.3,
AC,1200401,Rio Branco,12012823,ESC MAJOR JOAO CANCIO,Estadual,86.3,74.1,91.7,95.5,,0.860299,,,,,,,,,,,,,89.1,81.3,90,94.7,,0.883109,,,,,,,,,,,,,,,,,,,
AC,1200401,Rio Branco,12013242,ESC PADRE CARLOS CASAVECCHIA,Estadual,,,,,,,72.2,66.7,85.7,69.2,,0.729714,,,,,,,94.5,90.8,100,93,,0.944409,,,,244.76,260.88,4.032544,,,,254.35,258.9,4.137594,,2.9,,3.9,,3.1,
AC,1200401,Rio Branco,12013595,ESC SAO PEDRO I,Estadual,92.3,95,85.7,95.8,,0.919305,87.7,90.9,86.7,85.7,,0.877097,,,,,,,94,97.8,91.3,92,,0.936113,,,,,,,,,,,,,,,,,,,
AC,1200401,Rio Branco,12014001,ESC SANTO ANTONIO II,Estadual,98.4,100,100,95.7,,0.985244,93.7,92.3,100,92.3,,0.947314,96.6,100,95.8,94.1,,0.965704,90,80,95.5,100,,0.909885,,,,,,,,,,,,,,,,,,,
AC,1200401,Rio Branco,12014389,ESC INSTITUTO SAO JOSE,Estadual,95.9,92.8,96.1,98.5,,0.957427,91.7,84,93.8,96.8,,0.911956,99.2,100,98.7,99,,0.992302,98.8,,,98.8,,0.988,273.75,274.08,4.637312,304.61,306.77,5.56011,,,,283.47,291.19,5.029966,4.4,5.1,,5,4.7,4.9,
AM,1302603,Manaus,13025082,ASSOCIACAO DE CIENCIAS EDUCACAO E TECNOLOGIA DA AMAZONIA,Privada,96.1,97.2,92.6,100,,0.965027,,,,,,,,,,,,,,,,,,,321.97,307.62,5.816655,,,,,,,,,,5.6,,,,5.8,6,
AM,1302603,Manaus,13026488,COLEGIO MILITAR DE MANAUS,Federal,94.2,87.8,96.1,99.5,,0.942045,95.7,93.7,95.3,98.4,,0.957606,96.5,96.2,95.9,97.5,,0.965284,96.2,90.9,99.5,99.4,,0.964267,,,,,,,,,,,,,,,,,,,
AM,1302603,Manaus,13026577,COLEGIO MILITAR DA POLICIA MILITAR DO AMAZONAS,Estadual,94,90.3,95.8,97.6,,0.944629,97.7,95,98.8,99.6,,0.977583,99.8,99.5,100,100,,0.998328,92.3,91.8,86.3,98.7,,0.919894,,,,313.68,309.2,5.723875,286.08,282.64,4.938629,318.1,322.12,5.979367,,5.6,4.9,5.5,,5.8,
AM,1302603,Manaus,13027042,ESCOLA ESTADUAL 1º DE MAIO,Estadual,90.4,90.7,84.2,97.1,,0.903601,94.2,87.9,97.3,97,,0.938575,90,,,90,,0.9,,,,,,,246.85,246.32,3.843934,242.34,252.02,3.86592,,,,,,,3.5,3.6,,,3.7,3.9,
AM,1302603,Manaus,13027158,ESCOLA ESTADUAL ANTONIO DA ENCARNACAO FILHO,Estadual,71,70.9,65.4,78.1,,0.710917,78.7,81.3,77.5,77.3,,0.786577,96.5,93.8,97.6,99.5,,0.969082,99.1,99.1,98.3,100,,0.991285,,,,,,,,,,259.29,269.04,4.358773,,,,4.3,,,
AM,1302603,Manaus,13027255,ESCOLA ESTADUAL D MILTON CORREA PEREIRA,Estadual,76.1,73.6,77,79.9,,0.767467,73.2,72.9,74,72.6,,0.731617,100,100,100,100,,1,77,69.3,80.5,85.8,,0.779071,,,,,,,,,,251.83,253.38,4.019566,,,,3.1,,,
AM,1302603,Manaus,13027280,ESCOLA ESTADUAL DR JOSE MILTON BANDEIRA,Estadual,87.8,87.4,86,89.8,,0.877054,92,94.7,88.3,92.6,,0.917885,99.8,99.6,99.7,100,,0.997664,98.5,97.6,98.5,100,,0.986901,,,,252.39,265.02,4.201683,246.29,255.46,3.972895,254.61,264.67,4.227623,,3.9,4,4.2,,4.1,
PA,1500800,Ananindeua,15035557,EEEFM RAINHA DA PAZ,Estadual,76.2,75.3,78.7,74.4,,0.760889,76.5,67.1,75,92.6,,0.768529,85.3,86.1,88,80.6,,0.847817,100,100,100,100,,1,,,,247.62,267.15,4.166575,249.14,260.95,4.095109,259.48,273.85,4.433447,,3.2,3.5,4.4,,3.4,
PA,1501402,Belém,15037991,EEEFM CONEGO BATISTA CAMPOS,Estadual,,,,,,,85.2,86.1,78.1,95,,0.858496,63.3,57,71.4,78.6,,0.677628,100,100,100,100,,1,,,,252.62,265.45,4.21135,233.26,252.97,3.752614,252.43,250.63,3.986826,,3.6,2.5,4,,3.8,
PA,1501402,Belém,15038688,ESCOLA DE APLICACAO DA UFPA,Federal,96.5,97.7,95.1,96.6,,0.964549,95.5,91.5,94.7,98.9,,0.949372,,,,,,,90.1,78.5,91.9,100,,0.892319,,,,,,,,,,289.3,308.97,5.378016,,,,4.8,,,
PA,1501402,Belém,15038769,EEEFM BARAO DE IGARAPE MIRI,Estadual,59,55.9,68.5,55.6,,0.594374,59.1,48.5,64,73.2,,0.601145,68.1,71.9,67,64.4,,0.676262,98.1,100,100,91.9,,0.971459,,,,,,,,,,256.73,268.07,4.308297,,,,4.2,,,
PA,1501402,Belém,15039153,COLEGIO TENENTE REGO BARROS,Federal,74.1,56.4,79.6,92.4,,0.729646,95,90.8,97.7,98.7,,0.956013,,,,,,,91,80.1,93.8,99.2,,0.902907,359.36,337.78,6.793292,373.4,339.91,7.022369,,,,322.1,317.46,5.965786,5,6.7,,5.4,5.2,5.4,
PA,1501402,Belém,15039250,EEEFM PROFA HILDA VIEIRA,Estadual,73.7,88.9,63,81,,0.760123,,,,,,,,,,,,,,,,,,,,,,,,,,,,,,,,,,,,,
PA,1501402,Belém,15041670,INSTITUTO ADVENTISTA GRAO PARA,Privada,97,97.1,97.5,96.5,,0.970316,,,,,,,,,,,,,,,,,,,,,,,,,,,,,,,,,,,,,
PA,1501402,Belém,15140759,ESCOLA BOSQUE PROF EIDORFE MOREIRA,Municipal,56,46,70.5,46.2,,0.521118,60,41,79.2,68.8,,0.581944,97.3,96.4,,100,,0.98167,100,100,100,100,,1,,,,,,,,,,260.98,275.96,4.486101,,,,4.5,,,
MA,2104073,Feira Nova do Maranhão,21252815,CENTRO DE ENSINO ROSALINA SA,Estadual,90.5,85.8,92.7,96.6,,0.914789,98.2,95.7,98.9,99.1,,0.978749,100,100,100,100,,1,98.6,97.6,98.9,100,,0.988236,248.75,242.69,3.816278,239.01,242.19,3.671995,241.12,244.83,3.741151,254.61,261.23,4.176126,3.5,3.6,3.7,4.1,3.7,3.9,
MA,2111300,São Luís,21009902,CENTRO EDUCACIONAL MONTESSORIANO REINO INFANTIL,Privada,98.6,96.3,100,100,,0.987355,,,,,,,,,,,,,,,,,,,,,,,,,,,,,,,,,,,,,
MA,2111300,São Luís,21011125,CENTRO DE ENSINO PROFESSOR BARJONAS LOBAO,Estadual,86.2,83,82.9,92.8,,0.859925,95.4,96.7,93.3,96.3,,0.954089,87.4,88.4,84.5,89.8,,0.875085,84.2,79,85.6,88.3,,0.841149,269.72,283.14,4.716339,274.24,281.6,4.756768,255.75,264.79,4.245431,261.32,271.57,4.425158,4.1,4.5,3.7,3.7,4.3,4.5,
MA,2111300,São Luís,21016070,CENTRO DE ENSINO ESTADO DO RIO GRANDE DO NORTE,Estadual,88.4,85.1,96.6,84.7,,0.884715,95.1,93.1,94.6,97.5,,0.950318,99.3,100,98,100,,0.993243,99.8,99.5,100,100,,0.998328,,,,268.43,275.75,4.587593,258.27,271.61,4.38292,261.66,274.46,4.473197,,4.4,4.4,4.5,,4.6,
MA,2111300,São Luís,21016631,CENTRO DE ENSINO ESTADO DE ALAGOAS,Estadual,,,,,,,97.3,98.2,95.3,97.8,,0.970829,89.7,83.3,91.4,97.3,,0.902983,94.6,92.2,94.2,100,,0.95354,,,,,,,262.58,275.85,4.506927,256.29,270.28,4.335201,,,4.1,4.1,,,
MA,2111300,São Luís,21016640,CENTRO DE ENSINO ESTADO DO AMAZONAS,Estadual,98,100,94.4,100,,0.980609,98.9,100,96.6,100,,0.988404,100,100,100,100,,1,98.9,100,100,97.9,,0.992901,242.28,229,3.520467,249.11,250.51,3.9384,240.5,257.03,3.915078,233.81,240.28,3.570369,3.5,3.9,3.9,3.5,3.7,3.9,
MA,2111300,São Luís,21016763,CENTRO DE ENSINO JACKSON LAGO,Estadual,,,,,,,,,,,,,,,,,,,97.4,92.5,99,100,,0.970503,,,,,,,,,,253.59,264.69,4.213597,,,,4.1,,,
MA,2111300,São Luís,21017484,UFMA - COLEGIO UNIVERSITARIO,Federal,96.5,91.4,99.3,100,,0.967386,96.8,99.1,96,95.5,,0.968408,97.7,96.8,96,100,,0.975697,98.9,98.1,100,98.9,,0.989939,331.61,324.63,6.206689,315.98,316.27,5.862016,,,,,,,6,5.7,,,6.2,6.4,
CE,2302701,Campos Sales,23153261,EEMTI DE CAMPOS SALES,Estadual,92,88.7,92.2,97.6,,0.926903,93.1,89,91.6,98.2,,0.92775,99.8,100,99.5,100,,0.998328,98.3,98.3,97.1,99.5,,0.982902,273.24,271.5,4.591526,272.9,276.21,4.65726,261.84,266.71,4.359707,283.61,284.65,4.934028,4.3,4.3,4.4,4.8,4.5,4.7,
MG,3106200,Belo Horizonte,31000051,EE GUIA LOPES,Estadual,62.2,45.1,70.4,96.6,,0.641993,63.9,49,60,93.3,,0.627708,75.7,70.3,64.7,95,,0.746138,,,,,,,,,,253.21,240.19,3.841493,224.83,231.56,3.313706,,,,,2.4,2.5,,,2.7,
MG,3106200,Belo Horizonte,31000086,EE PROFESSOR JOSE MESQUITA DE CARVALHO,Estadual,54.2,37.6,61.2,75,,0.533154,72.8,62.2,76.3,93.2,,0.751636,84.4,89.1,78.4,84.9,,0.838996,80.5,79.2,76.2,87,,0.805502,,,,,,,,,,252.64,253.1,4.026751,,,,3.2,,,
MG,3106200,Belo Horizonte,31000124,EE DOUTOR SIMAO TAMM BIAS FORTES,Estadual,83.7,88.2,90.9,91.8,67.5,0.832518,90.5,84.8,94,92.4,,0.902167,88.2,88.6,86.5,89.8,,0.882788,87,82.9,83.1,98.3,,0.875418,263.09,270.12,4.428311,,,,,,,,,,3.7,,,,3.9,4.1,
MG,3106200,Belo Horizonte,31000132,EE GUIMARAES ROSA,Estadual,78.5,72.9,78,90.6,,0.798393,83.8,72.4,86.6,97.1,,0.841322,88.7,90.3,83.7,93,,0.888249,76.9,75.5,71,83.8,,0.764084,,,,270.96,284.2,4.749623,,,,,,,,4,,,,4.2,
MG,3106200,Belo Horizonte,31000191,EE CAIO NELSON DE SENA,Estadual,,,,,,,92.1,90.8,92.4,94.9,,0.926694,99.4,100,98.1,100,,0.993585,81.7,81.4,78.3,85.9,,0.817487,,,,286.51,283.07,4.951106,,,,282.29,283.37,4.896327,,4.6,,4,,4.8,
MG,3106200,Belo Horizonte,31004031,COLEGIO SANTA MARCELINA,Privada,95.5,96.7,91,100,,0.95754,,,,,,,,,,,,,,,,,,,418.57,369.16,8.094654,,,,,,,,,,7.8,,,,7.9,8,
SP,3509502,Campinas,35018107,FRANCISCO BARRETO LEME,Estadual,93.3,91.2,94.1,95.8,,0.936613,96.1,95.2,88.9,100,,0.944799,93.2,95,95.8,89.7,,0.934201,98.1,100,100,94.4,,0.980609,,,,260.14,260.73,4.24631,,,,266.75,296.34,4.872231,,4,,4.8,,4.2,
SP,3509502,Campinas,35018119,CECILIA PEREIRA PROFESSORA,Estadual,71.2,78,47.2,88.2,,0.661597,91,84,96.9,96.6,,0.920905,88.7,90.3,85,90.9,,0.886525,,,,,,,,,,252.94,263.29,4.183509,239.61,253.12,3.844045,,,,,3.9,3.4,,,4.1,
SP,3509502,Campinas,35018156,AUREA ANUNCIACAO AMERICO DE GODOI PROFESSORA,Estadual,86.5,81.4,90,89.7,,0.868448,94,93.2,90.7,100,,0.944734,97.4,95.5,97.7,100,,0.976988,95.6,92.9,96.2,100,,0.962795,,,,286.42,284.15,4.96601,267,289.49,4.773197,256.29,276.63,4.430261,,4.7,4.7,4.3,,4.9,
SP,3509502,Campinas,35018272,THOMAS ALVES DOUTOR,Estadual,78.7,76.4,79.2,81.7,,0.790406,85.2,78.2,87,91.7,,0.852585,88.6,90.8,84.1,90.6,,0.883878,92.1,87,90,98.3,,0.91524,,,,278.8,283,4.841772,,,,,,,,4.1,,,,4.3,
SP,3509502,Campinas,35018302,CARLOS GOMES,Estadual,78.6,63.4,74.4,91.5,,0.747334,89.6,75.9,92.6,96.3,,0.873144,97.3,99,98.7,94.1,,0.972141,91.8,86.5,89,97.1,,0.906473,281.79,286.31,4.933317,293.46,298.33,5.277161,,,,270.84,278.86,4.667998,3.7,4.6,,4.2,3.9,4.1,
SP,3509502,Campinas,35112513,PROGRESSO CAMPINEIRO COLEGIO,Privada,95,90.9,96.8,100,,0.957497,,,,,,,,,,,,,,,,,,,394.86,361.11,7.641139,,,,,,,,,,7.3,,,,7.4,7.6,
SP,3509502,Campinas,35500012,IFSP - CAMPUS CAMPINAS,Federal,,,,,,,96,95.1,94.9,100,,0.966101,88.3,80.3,83.1,93.1,98.2,0.880835,94.3,88.5,97.4,98.1,95.7,0.947657,,,,,,,,,,,,,,,,,,,
SP,3550308,São Paulo,35000024,GAVIAO PEIXOTO BRIGADEIRO,Estadual,63.2,55.5,70.7,65.1,,0.63127,79,76,66.8,87.3,,0.757907,99.3,98.5,100,100,,0.994949,94.7,95.8,90.7,97.6,,0.946084,,,,,,,,,,,,,,,,,,,
SP,3550308,São Paulo,35000048,WALFREDO ARANTES CALDAS PROFESSOR,Estadual,79.5,82.3,68.3,88.4,,0.787315,71.7,68.4,58.2,80.4,,0.678122,,,,,,,84.1,78.4,87.1,91,,0.851664,,,,,,,,,,,,,,,,,,,
SP,3550308,São Paulo,35000309,BENEDITO TOLOSA PROFESSOR,Estadual,86,77.9,89.7,88.4,,0.84992,93.5,94.6,93.5,92.2,,0.93423,100,100,100,100,,1,94.2,91.7,94.4,100,,0.952431,,,,,,,262.85,278.17,4.545449,279.62,280.72,4.819157,,,4.5,4.6,,,
SP,3550308,São Paulo,35000371,ANTONIO JOSE LEITE PROF,Estadual,79.8,72.7,80.9,86.9,,0.797372,80.9,84.8,69.8,84.1,,0.789272,91.8,88.8,90.2,96.2,,0.916233,91.3,89.8,91.2,91.8,,0.909256,251.03,269.43,4.2486,,,,,,,259.78,275.86,4.46775,3.4,,,4.1,3.6,3.8,
SP,3550308,São Paulo,35000693,RITA BICUDO PEREIRA PROFA,Estadual,82.7,84.8,81.2,80.5,,0.821241,97.2,95.2,95.1,100,,0.967135,92.1,90.7,95.7,90.9,,0.923765,85.6,81.6,96.8,87,,0.880289,,,,258.35,262.72,4.25096,,,,243.23,248.11,3.819887,,4.1,,3.4,,4.3,
SP,3550308,São Paulo,35054082,EMEFM LINNEU PRESTES PROF,Municipal,83.3,80.3,77.5,93.2,,0.831344,79.5,70.9,71.1,90.3,,0.764462,89,92.6,87.1,88.1,,0.892036,91.4,86.6,94.6,97.1,,0.925445,,,,,,,,,,,,,,,,,,,
SP,3550308,São Paulo,35100432,JARDIM SAO PAULO COLEGIO,Privada,96.6,95.2,97.6,97.3,,0.966881,,,,,,,,,,,,,,,,,,,384.38,347.57,7.291253,,,,,,,,,,7,,,,7.2,7.3,
SP,3553807,Taquarituba,35014540,JOSE PENNA,Estadual,90.7,90.8,88.5,93.2,,0.907928,93.4,87.7,93.5,97.6,,0.927541,98,100,100,89.5,,0.962366,92.5,92.5,89.4,96.4,,0.926786,274.44,268.72,4.566763,287.86,289.32,5.063629,,,,276.77,293.07,4.964009,4.1,4.7,,4.6,4.4,4.6,
SP,3553807,Taquarituba,35049888,JOSE APARECIDO CASTELUCCI PROFESSOR,Estadual,95.2,100,88.2,100,,0.957308,100,100,100,100,,1,,,,,,,,,,,,,248.86,236.31,3.722314,268.06,266.04,4.437037,,,,,,,3.6,4.4,,,3.8,4,
SP,3553807,Taquarituba,35290661,TEREZINHA MONTEIRO DOS SANTOS PROFA ETEC,Estadual,99.5,98.6,100,100,,0.995289,99.5,98.5,100,100,,0.994949,100,100,100,100,,1,100,100,100,100,,1,331.3,330.74,6.293802,340.82,329,6.401462,326.53,338.5,6.342975,309.24,316.42,5.769599,6.3,6.4,6.3,5.8,6.4,6.6,
SP,3553807,Taquarituba,35900424,DIMAS MOZART E SILVA PROFESSOR,Estadual,94.6,93.5,93.8,96.7,,0.946449,96.7,95.5,94,100,,0.964336,97.9,100,94.4,96.7,,0.969792,96.2,97.3,94.3,95.9,,0.958176,,,,275.55,270.73,4.612443,,,,276.58,279.17,4.753256,,4.4,,4.6,,4.7,
SP,3553807,Taquarituba,35910119,GUIDO DIAS DE ALMEIDA PROFESSOR,Estadual,83.7,76.7,81.4,94.9,,0.836581,98.3,97.5,97.8,100,,0.984208,95.5,98.4,91.4,97.8,,0.957595,85.5,,87.2,82.9,,0.849956,269.14,267.83,4.479002,282.59,270.32,4.705181,271.15,279.62,4.683729,251.99,250.29,3.975556,3.7,4.6,4.5,3.4,4,4.2,
SP,3553807,Taquarituba,35924088,JOSE PIRES DE CARVALHO DOUTOR,Estadual,93.8,92.1,96.8,92.9,,0.938891,98.5,100,100,96.4,,0.987705,,,,,,,,,,,,,258.6,264.35,4.278872,257.15,269.91,4.34174,,,,,,,4,4.3,,,4.2,4.5,
SP,3554102,Taubaté,35014278,ANTONIO MAGALHAES BASTOS,Estadual,86.4,77.9,85.4,91.9,,0.846789,98.1,99.2,96.5,98.6,,0.980862,93.7,93.5,93.6,94.1,,0.937326,93.7,95.3,89.6,94.7,,0.931285,,,,283.99,275.78,4.806581,260.79,259.33,4.234481,257.59,258.95,4.183848,,4.7,4,3.9,,4.9,
SP,3554102,Taubaté,35039664,JOSE MARCONDES DE MATTOS DOUTOR,Estadual,99.5,99.1,100,100,,0.996982,98.8,99,97.5,100,,0.988226,100,100,100,100,,1,99.3,98.1,100,100,,0.993585,,,,286.36,295.62,5.136873,288.67,304.11,5.296413,279.12,290.52,4.958841,,5.1,5.3,4.9,,5.3,
SP,3554102,Taubaté,35111173,SESI 411 CENTRO EDUCACIONAL,Privada,100,100,100,100,,1,,,,,,,,,,,,,,,,,,,321.51,314.14,5.907799,,,,,,,,,,5.9,,,,6.1,6.3,
SP,3554102,Taubaté,35229573,JOAQUIM FRANCA VEREADOR EMEFM,Municipal,,,,,,,,,,,,,100,100,100,100,,1,100,,100,100,,1,,,,,,,,,,259.89,269.5,4.374086,,,,4.4,,,
SP,3554102,Taubaté,35277685,EMILIO AMADEI BERINGHS EMIEFM,Municipal,,,,,,,,,,,,,95,94.4,93.5,97.1,,0.949756,98.6,,97.4,100,,0.986829,,,,,,,,,,266.44,264.61,4.392877,,,,4.3,,,
SP,3554102,Taubaté,35457197,ANNA DOS R SIGNORINI PROFA EMIEFM,Municipal,,,,,,,,,,,,,100,100,100,100,,1,100,,100,100,,1,,,,,,,,,,273.97,274.17,4.641749,,,,4.6,,,
SP,3554102,Taubaté,35659538,JOSE MARCONDES DE MOURA PROF EMEIEFM,Municipal,,,,,,,93.2,89.7,94.7,96.2,,0.934494,100,100,100,100,,1,,,,,,,,,,,,,,,,,,,,,,,,,
SP,3555406,Ubatuba,35011162,FLORENTINA MARTINS SANCHEZ PROFESSORA,Estadual,98.5,94.7,98.8,100,,0.9778,96.9,96.6,96.7,97.6,,0.969646,93.8,93.9,97.3,90.5,,0.938179,89.3,88.9,86.5,95.8,,0.902318,246.22,252.04,3.920714,263.73,270.32,4.440294,244.61,270.57,4.175497,247.82,251.32,3.932408,3.8,4.3,3.9,3.5,4.1,4.3,
SP,3555406,Ubatuba,35011186,SEMIRAMIS PRADO DE OLIVEIRA PROFESSORA,Estadual,99,97.1,100,100,,0.990143,96.3,98.2,91.8,98.2,,0.959698,93.3,96.9,91.7,90.9,,0.930921,91.8,92.5,84.3,98.6,,0.914211,282.24,287.85,4.962691,,,,,,,256.44,273.42,4.384313,4.9,,,4,5.1,5.3,
SP,3555406,Ubatuba,35011198,AUREA MOREIRA RACHOU PROFESSORA,Estadual,97.4,98.8,97.3,95.6,,0.972157,92.9,94.4,95.2,90.4,,0.932854,98.1,100,98.1,95.7,,0.979016,71,77,66.8,70.8,,0.712905,,,,,,,266.85,269.85,4.477078,,,,,,4.4,,,,
SP,3555406,Ubatuba,35011216,DEOLINDO DE OLIVEIRA SANTOS CAPITAO,Estadual,96.2,93.3,97,98.1,,0.960889,92.5,89,91.5,96.5,,0.922293,97.9,96.7,98.8,98.3,,0.979251,91.8,88.2,90.6,98.7,,0.922875,,,,273,283.41,4.766449,,,,262.62,267.92,4.388776,,4.4,,4.1,,4.6,
SP,3555406,Ubatuba,35038751,SUELI APARECIDA FIGUEIRA DOS SANTOS PROFESSORA,Estadual,97.2,97.1,95.7,98.6,,0.971189,96.7,94.9,97.3,100,,0.973555,86.9,89,77.9,92.3,,0.859422,97.4,95.3,98.4,100,,0.978608,,,,,,,,,,281.51,275.16,4.762468,,,,4.7,,,
SP,3555406,Ubatuba,35038763,DIONISIA BUENO VELLOSO PROFESSORA,Estadual,85.4,71.1,87.9,96.9,,0.838899,94.8,90.5,95.8,100,,0.95274,99.5,100,98.5,100,,0.994949,91.2,84.1,91.5,96,,0.902629,,,,,,,,,,,,,,,,,,,
SP,3555406,Ubatuba,35045123,IDALINA DO AMARAL GRACA,Estadual,100,100,100,100,,1,97.1,97,98.3,95.9,,0.970568,97,95,97.5,100,,0.974573,95.4,93.2,95.3,98.8,,0.957113,,,,244.55,254.85,3.939325,254.36,248.81,3.986687,260.14,267.25,4.343914,,3.8,3.9,4.2,,4,
SP,3555406,Ubatuba,35046747,MARIA ALICE ALVES PEREIRA,Estadual,88.7,83.5,85.7,99.1,,0.889272,98.7,100,96.4,99.2,,0.985089,99.1,100,99.4,97.8,,0.990579,94.6,93.4,93.1,97.6,,0.946561,272.97,271.29,4.58459,278.31,275.93,4.729051,,,,264.24,272.47,4.479642,4.1,4.7,,4.2,4.3,4.5,
SP,3555406,Ubatuba,35047824,AURELINA FERREIRA PROFESSORA,Estadual,94.8,90.6,97.2,97.4,,0.949591,95.5,94.5,93.2,98.8,,0.954408,97.2,99.1,97.2,94.7,,0.969664,99.1,97.7,100,100,,0.992214,,,,,,,252.63,259.95,4.129155,266.54,274.72,4.545628,,,4,4.5,,,
PR,4106902,Curitiba,41127021,ALCYONE M C VELLOZO C E PROF EF M PROFI,Estadual,83.2,69.7,91.8,95.2,,0.839286,81.6,78.4,84.1,83.3,,0.818542,96,98.4,89.8,100,,0.958514,99.6,100,98.6,100,,0.995289,257.41,248.78,4.029075,,,,,,,280.32,288.24,4.941563,3.4,,,4.9,3.6,3.8,
PR,4106902,Curitiba,41127200,ANGELO TREVISAN C E EF M PROFIS,Estadual,,,,,,,,,,,,,99.5,100,100,96.7,,0.988753,99.5,100,98.3,100,,0.994268,,,,,,,296.03,295.94,5.277478,302.66,308.63,5.560567,,,5.2,5.5,,,
PR,4106902,Curitiba,41127218,ANGELO VOLPATO C E EF M,Estadual,77.3,72.4,74,95.8,,0.794406,88.2,80.4,87.5,100,,0.885834,94.5,93.5,91.7,100,,0.949358,91.4,92.5,86.7,92.3,,0.904184,297.12,294.03,5.264195,277.19,277.02,4.729638,,,,244.51,257.67,3.980979,4.2,4.2,,3.6,4.4,4.6,
PR,4106902,Curitiba,41127382,ATTICO EUSEBIO DA ROCHA C E D EF M PROF,Estadual,74.6,70,72.2,86.7,,0.756236,80.4,80.8,78.1,82.6,,0.804573,94.8,97.3,96.4,90.3,,0.945623,100,100,100,100,,1,,,,,,,272.32,290.49,4.862886,286.96,314.66,5.43033,,,4.6,5.4,,,
PR,4106902,Curitiba,41127722,COLEGIO BOM JESUS ED INFANTIL ENSINO FUNDAMENTAL E MEDIO SEDE,Privada,98.3,94.9,100,100,,0.982402,,,,,,,,,,,,,,,,,,,,,,,,,,,,,,,,,,,,,
PR,4106902,Curitiba,41128052,CARRAO C E CONS EF M,Estadual,77.4,71.2,75.8,84.9,,0.768913,78.9,72,77.8,92.7,,0.799364,100,100,100,100,,1,,,,,,,,,,268.17,288.35,4.772564,274.46,284.57,4.804319,,,,,3.8,4.8,,,4,
PR,4106902,Curitiba,41131215,COLEGIO MILITAR DE CURITIBA,Federal,97.9,97.1,95.8,100,,0.97602,98.1,97.1,99.3,97.7,,0.980246,98.7,97.6,99.3,99.3,,0.987268,93.2,86.2,93.9,99.4,,0.928479,,,,,,,,,,369.91,336.75,6.926047,,,,6.4,,,
RS,4316808,Santa Cruz do Sul,43119956,ESC EST ENS MED ERNESTO ALVES DE OLIVEIRA,Estadual,71.2,62.8,71.6,82.4,,0.713844,81.6,71.3,84.4,91.6,,0.815425,98,99.5,96.7,98.1,,0.980867,92.3,91.6,92.8,92.5,,0.922972,311.27,301.84,5.579847,315.08,311.58,5.779166,,,,306.09,308.03,5.599759,4,4.7,,5.2,4.2,4.4,
RS,4316907,Santa Maria,43122043,ESC EST ENS MED DR WALTER JOBIM,Estadual,53.8,46.3,60.9,62.5,,0.555364,76.8,65.6,84,96.2,,0.799069,85.6,91.2,75,92.6,,0.854765,,,,,,,,,,261.26,285.93,4.639285,,,,,,,,3.7,,,,3.9,
RS,4316907,Santa Maria,43123120,ESC EST ENS MED PRINCESA ISABEL,Estadual,74.1,61.5,72.7,94.1,,0.738147,,,,,,,,,,,,,,,,,,,,,,,,,,,,,,,,,,,,,
RS,4316907,Santa Maria,43123180,ESC EST ENS MED MARECHAL HUMBERTO DE ALENCAR CASTELO BRANCO,Estadual,,,,,,,81.3,69.4,80,100,,0.812805,86.3,92.9,81.1,79.2,,0.839843,78.8,78.8,61.5,90,,0.748846,,,,,,,,,,,,,,,,,,,
RS,4316907,Santa Maria,43123260,ESC BASICA EST CICERO BARRETO,Estadual,,,,,,,68.1,62.5,70.2,77.5,,0.695277,79.3,77.3,76.7,85.7,,0.79696,57.5,55.9,55.6,67.7,,0.59235,,,,,,,,,,,,,,,,,,,
RS,4316907,Santa Maria,43123279,ESC EST ENS MED DOM ANTONIO REIS,Estadual,,,,,,,46.9,37.3,42.4,69,,0.46234,66.4,80.4,64,46.2,,0.603527,43.5,31.7,40.8,81.8,,0.439364,,,,,,,,,,,,,,,,,,,
RS,4316907,Santa Maria,43123988,COLEGIO RIACHUELO,Privada,97,96.7,91.3,98.8,,0.954939,,,,,,,,,,,,,,,,,,,,,,,,,,,,,,,,,,,,,
RS,4316907,Santa Maria,43184790,COLEGIO MILITAR DE SANTA MARIA,Federal,,,,,,,96.4,94.4,96.2,100,,0.968109,100,100,100,100,,1,92.8,92.1,92.1,94.1,,0.927572,,,,,,,,,,353.31,331.19,6.609667,,,,6.1,,,
MT,5107040,Primavera do Leste,51047101,EE CAMPO VILA UNIAO,Estadual,,,,,,,,,,,,,,,,,,,100,100,100,100,,1,,,,,,,,,,,,,,,,,,,
MT,5107040,Primavera do Leste,51047110,EE MONTEIRO LOBATO,Estadual,66.5,57.8,71.4,75.5,,0.673375,59.7,47.4,61.6,85.7,,0.612252,,,,,,,100,100,100,100,,1,,,,,,,,,,255.54,249.85,4.018829,,,,4,,,
MT,5107040,Primavera do Leste,51066610,IFMT - CAMPUS PRIMAVERA DO LESTE,Federal,92.2,85.8,98.9,100,,0.944399,89.9,88,88.9,94.4,,0.903466,,,,,,,93.4,88.7,95.4,96.9,,0.935277,325.48,297.53,5.714904,,,,,,,,,,5.4,,,,5.6,5.8,
MT,5107040,Primavera do Leste,51066963,ESCOLA ESTADUAL PROFESSORA MARIA SEBASTIANA DE SOUZA,Estadual,38.8,34.3,58.8,37.5,,0.41193,51.3,33,77.8,73.3,,0.528178,,,,,,,96.2,95.8,100,92.9,,0.961456,,,,256.33,258.46,4.158816,,,,,,,,2.2,,,,2.9,
MT,5107040,Primavera do Leste,51070120,EEDIEB GETULIO DORNELLES VARGAS,Estadual,,,,,,,,,,,,,98.8,96.9,100,100,,0.989449,96.2,94.7,98.8,96.7,,0.967044,,,,,,,,,,258.21,257.9,4.176838,,,,4,,,
MT,5107040,Primavera do Leste,51143801,EE CREMILDA DE OLIVEIRA VIANA,Estadual,51.2,41.7,50,77.8,,0.52785,63.3,54.6,64.2,82.1,,0.65116,68.5,82.1,56.1,65.8,,0.663671,95.7,95.3,94.8,98.2,,0.960769,,,,,,,,,,254.56,261,4.171981,,,,4,,,
