SG_UF,CO_MUNICIPIO,NO_MUNICIPIO,ID_ESCOLA,NO_ESCOLA,REDE,VL_APROVACAO_2005_SI_4,VL_APROVACAO_2005_1,VL_APROVACAO_2005_2,VL_APROVACAO_2005_3,VL_APROVACAO_2005_4,VL_INDICADOR_REND_2005,VL_APROVACAO_2007_SI_4,VL_APROVACAO_2007_1,VL_APROVACAO_2007_2,VL_APROVACAO_2007_3,VL_APROVACAO_2007_4,VL_INDICADOR_REND_2007,VL_APROVACAO_2009_SI_4,VL_APROVACAO_2009_1,VL_APROVACAO_2009_2,VL_APROVACAO_2009_3,VL_APROVACAO_2009_4,VL_INDICADOR_REND_2009,VL_APROVACAO_2011_SI_4,VL_APROVACAO_2011_1,VL_APROVACAO_2011_2,VL_APROVACAO_2011_3,VL_APROVACAO_2011_4,VL_INDICADOR_REND_2011,VL_APROVACAO_2013_SI_4,VL_APROVACAO_2013_1,VL_APROVACAO_2013_2,VL_APROVACAO_2013_3,VL_APROVACAO_2013_4,VL_INDICADOR_REND_2013,VL_APROVACAO_2015_SI_4,VL_APROVACAO_2015_1,VL_APROVACAO_2015_2,VL_APROVACAO_2015_3,VL_APROVACAO_2015_4,VL_INDICADOR_REND_2015,VL_APROVACAO_2017_SI_4,VL_APROVACAO_2017_1,VL_APROVACAO_2017_2,VL_APROVACAO_2017_3,VL_APROVACAO_2017_4,VL_INDICADOR_REND_2017,VL_APROVACAO_2019_SI_4,VL_APROVACAO_2019_1,VL_APROVACAO_2019_2,VL_APROVACAO_2019_3,VL_APROVACAO_2019_4,VL_INDICADOR_REND_2019,VL_APROVACAO_2021_SI_4,VL_APROVACAO_2021_1,VL_APROVACAO_2021_2,VL_APROVACAO_2021_3,VL_APROVACAO_2021_4,VL_INDICADOR_REND_2021,VL_APROVACAO_2023_SI_4,VL_APROVACAO_2023_1,VL_APROVACAO_2023_2,VL_APROVACAO_2023_3,VL_APROVACAO_2023_4,VL_INDICADOR_REND_2023,VL_NOTA_MATEMATICA_2005,VL_NOTA_PORTUGUES_2005,VL_NOTA_MEDIA_2005,VL_NOTA_MATEMATICA_2007,VL_NOTA_PORTUGUES_2007,VL_NOTA_MEDIA_2007,VL_NOTA_MATEMATICA_2009,VL_NOTA_PORTUGUES_2009,VL_NOTA_MEDIA_2009,VL_NOTA_MATEMATICA_2011,VL_NOTA_PORTUGUES_2011,VL_NOTA_MEDIA_2011,VL_NOTA_MATEMATICA_2013,VL_NOTA_PORTUGUES_2013,VL_NOTA_MEDIA_2013,VL_NOTA_MATEMATICA_2015,VL_NOTA_PORTUGUES_2015,VL_NOTA_MEDIA_2015,VL_NOTA_MATEMATICA_2017,VL_NOTA_PORTUGUES_2017,VL_NOTA_MEDIA_2017,VL_NOTA_MATEMATICA_2019,VL_NOTA_PORTUGUES_2019,VL_NOTA_MEDIA_2019,VL_NOTA_MATEMATICA_2021,VL_NOTA_PORTUGUES_2021,VL_NOTA_MEDIA_2021,VL_NOTA_MATEMATICA_2023,VL_NOTA_PORTUGUES_2023,VL_NOTA_MEDIA_2023,VL_OBSERVADO_2005,VL_OBSERVADO_2007,VL_OBSERVADO_2009,VL_OBSERVADO_2011,VL_OBSERVADO_2013,VL_OBSERVADO_2015,VL_OBSERVADO_2017,VL_OBSERVADO_2019,VL_OBSERVADO_2021,VL_OBSERVADO_2023,VL_PROJECAO_2007,VL_PROJECAO_2009,VL_PROJECAO_2011,VL_PROJECAO_2013,VL_PROJECAO_2015,VL_PROJECAO_2017,VL_PROJECAO_2019,VL_PROJECAO_2021
RO,1100015,Alta Floresta D'Oeste,11024666,EMEIEF BOA ESPERANCA,Municipal,,,,,,,,,,,,,91.7,95,82.6,92.9,96,0.912955,,,,,,,72.8,69.2,36.4,78.9,88,0.606416,87.2,84.2,91.3,81.5,100,0.886931,76.7,70.4,85.7,78.3,73.7,0.766092,90.3,90.9,100,83.3,86.7,0.898071,100,100,100,100,100,1,96.7,88.2,100,100,100,0.967636,,,,,,,250.38,224.4,4.579667,,,,238.92,222.5,4.357,,,,262.17,257.74,5.331833,,,,,,,249.24,257.79,5.117167,,,4.2,,2.6,,4.1,,,5,,,4.3,4.6,4.9,5.2,5.4,5.7
RO,1100015,Alta Floresta D'Oeste,11024682,EEEFM EURIDICE LOPES PEDROSO,Estadual,81,75.6,86.2,84.5,74.4,0.798345,80.1,73,81.7,75,92.9,0.799422,73,58.3,76.3,81,93.5,0.750473,69.4,64,70.3,70.5,76.5,0.700451,76.5,71.8,60,74.3,95.1,0.733024,77.9,78.9,67.3,82.2,100,0.804852,91.2,90.2,92.5,90.6,,0.91089,,,,,,,,,,,,,,,,,,,260.02,231.66,4.861337,273.93,249.98,5.3985,248.98,243.73,4.8785,230.86,217.12,4.133,261.89,247.24,5.152167,,,,,,,,,,,,,,,,3.9,4.3,3.7,2.9,3.8,,,,,,3.9,4.1,4.3,4.7,5.1,5.4,5.6,5.8
RO,1100015,Alta Floresta D'Oeste,11024828,EMEIEF IZIDORO STEDILE,Municipal,,,,,,,,,,,,,64.2,58.8,50,80,68.2,0.623349,76.2,73.5,67.7,83.3,81,0.758625,73,82.8,48,79.2,81.8,0.692499,79.3,88,81.8,64,86.7,0.788215,89.4,96.4,72,91.3,100,0.884658,89.1,97.1,76,84.6,100,0.883453,98.7,100,100,96.7,100,0.991541,91.4,93.3,100,85,92.3,0.923424,,,,,,,226.93,219.53,4.107667,237.66,224.5,4.369333,226.35,228.97,4.255333,,,,268.11,257.83,5.432333,244.94,239.76,4.745,,,,,,,,,2.6,3.3,2.9,,4.8,4.2,,,,,2.8,3.1,3.4,3.7,3.9,4.2
RO,1100015,Alta Floresta D'Oeste,11024917,EMEIEF JOSE BASILIO DA GAMA,Municipal,,,,,,,,,,,,,78.2,87.5,84.6,80.8,57.9,0.756197,,,,,,,,,,,,,,,,,,,,,,,,,,,,,,,,,,,,,,,,,,,,,,,,,245.46,227.8,4.554333,,,,,,,,,,,,,,,,,,,,,,,,3.4,,,,,,,,,,3.6,3.9,4.2,4.5,4.7,5
RO,1100015,Alta Floresta D'Oeste,11024968,EEEMTI JUSCELINO KUBITSCHEK DE OLIVEIRA,Estadual,78.1,72,79.1,94,71.9,0.783122,65.4,67,73.8,69.9,51,0.641133,75.3,71.1,72.6,70.3,84.6,0.742337,79.1,74,71.6,89.9,84,0.79195,73.3,86.4,39.2,76.5,81.1,0.640137,85.8,91,78.6,88.8,83,0.850682,97.6,87.5,100,100,96.7,0.957629,,,,,,,96.8,,,,96.8,0.968,98.9,,,,98.9,0.989,241.11,225.41,4.441948,251.21,227.91,4.652,227.6,224.18,4.196333,224.17,211.36,3.9255,250.56,242.93,4.8915,260.08,262.41,5.374833,268.25,265.88,5.568833,,,,258.05,272.48,5.508833,261.54,258.52,5.334333,3.5,3,3.1,3.1,3.1,4.6,5.3,,5.3,5.3,3.5,3.7,3.9,4.3,4.7,5,5.2,5.5
RO,1100015,Alta Floresta D'Oeste,11025077,EMEIEF MARIA DE SOUZA PEGO,Municipal,,,,,,,,,,,,,,,,,,,60.7,47.6,55,57.9,79.2,0.578975,,,,,,,,,,,,,86.8,78.9,84.2,100,100,0.897852,,,,,,,,,,,,,,,,,,,,,,,,,,,,210.17,199.25,3.490333,,,,,,,258.47,250.7,5.152833,,,,,,,,,,,,,2,,,4.6,,,,,,,2.4,2.7,3,3.2,3.5
RO,1100015,Alta Floresta D'Oeste,11025115,EMMEF MARTIM AFONSO DE SOUZA,Municipal,,,,,,,,,,,,,80.6,66.7,72.4,100,95,0.81085,,,,,,,,,,,,,,,,,,,,,,,,,,,,,,,,,,,,,,,,,,,,,,,,,214.55,208.37,3.715333,,,,,,,,,,,,,,,,,,,,,,,,3,,,,,,,,,,3.2,3.4,3.8,4,4.3,4.6
RO,1100015,Alta Floresta D'Oeste,11025280,EMEIEF PADRE FEIJO,Municipal,,,,,,,,,,,,,,,,,,,,,,,,,,,,,,,,,,,,,,,,,,,90,86.7,100,83.3,100,0.91872,,,,,,,97.7,100,83.3,100,100,0.952272,,,,,,,,,,,,,,,,,,,,,,241.78,240.09,4.697833,,,,233.67,236.49,4.502667,,,,,,,,4.3,,4.3,,,,,,,,4.6
RO,1100015,Alta Floresta D'Oeste,11025310,EMEIEF PEDRO ALEIXO,Municipal,,,,,,,,,,,,,88.7,85.7,84.8,91.7,96,0.893199,86,83.3,83.3,94.4,82.1,0.85501,89.7,85.2,92.3,82.9,100,0.896177,,,,,,,63.4,48.1,60,54.5,91.7,0.599606,81,79.1,77.8,80,93.3,0.821122,99.1,100,96,100,100,0.989691,78.8,64.3,82.8,72.7,96.4,0.772827,,,,,,,237.81,216.65,4.241,243.52,229.05,4.542833,222.39,219.39,4.029667,,,,264.48,272.02,5.608333,265.14,276.42,5.692667,254.43,255.49,5.165333,240.96,235.83,4.613167,,,3.8,3.9,3.6,,3.4,4.7,5.1,3.6,,,3.9,4.2,4.5,4.8,5.1,5.3
RO,1100015,Alta Floresta D'Oeste,11025352,EMEIEF POTY,Municipal,74.9,58.2,76.8,82.9,94.2,0.75641,,,,,,,86.7,82.7,86.9,89.2,90.3,0.871757,83.9,81.8,81,81.6,90.5,0.835505,75.9,82.8,62.5,73.3,78.8,0.735156,,,,,,,80,78.3,61.1,100,91.7,0.799311,92.2,100,75,100,90.9,0.902233,88.2,88.9,84.2,94.4,84.6,0.878375,93.1,88.9,92,100,94.1,0.935779,234.7,214.34,4.150636,,,,226.52,211.25,3.962833,226.56,206.48,3.884,239.49,223.29,4.379667,,,,239.93,237.09,4.617,237.89,252.54,4.8405,224.97,237.5,4.3745,229.27,231.32,4.343167,3.1,,3.5,3.2,3.2,,3.7,4.4,3.8,4.1,3.2,3.3,3.6,4,4.4,4.6,4.9,5.2
RO,1100015,Alta Floresta D'Oeste,11025620,EEEF TANCREDO DE ALMEIDA NEVES,Estadual,,,,,,,65.7,64.9,50.9,75.9,83.3,0.664069,76.3,69.9,72.6,85.1,100,0.802711,87.3,80.4,89.1,88.6,100,0.88992,85.6,81.5,78.3,92.6,95.2,0.863098,82.1,83.3,75.9,86.2,,0.815639,92,93.5,89.2,92.3,,0.916305,,,,,,,,,,,,,90.8,89.8,89.4,90.2,94,0.908135,,,,222,211.45,3.890833,,,,,,,255.07,261.64,5.2785,,,,,,,,,,,,,249.16,233.56,4.712,,2.6,,,4.6,,,,,4.3,,2.7,2.9,3.2,3.5,3.8,4,4.3
RO,1100015,Alta Floresta D'Oeste,11025638,COLEGIO TIRADENTES DA POLICIA MILITAR - CTPM XI,Estadual,70.7,63.4,69.1,71.7,77.8,0.701199,62.9,66.1,60.3,56.7,70.9,0.630384,66.8,59.3,61.5,68.4,82.3,0.667845,83.6,80.8,82.4,81.5,90.3,0.835836,93,97.8,86.7,87.3,99.1,0.923691,88.6,97.7,84.5,87.3,85.1,0.883483,97.2,96.4,98.6,97.3,96.1,0.970903,94.8,90.7,95,93.2,97.5,0.940342,92.6,100,92.3,93.2,89.4,0.935683,97.7,99,97.2,98.2,96.3,0.976644,248.46,230.13,4.643098,248.54,238.65,4.7865,243.24,232.96,4.603333,239.03,226.37,4.423333,242.78,233.25,4.6005,245.4,237.47,4.7145,250.6,256.76,5.122667,273.59,268.37,5.699333,247.14,244.83,4.866167,259.25,249.09,5.139,3.3,3,3.1,3.7,4.2,4.2,5,5.4,4.6,5,3.3,3.4,3.7,4.1,4.5,4.8,5,5.3
RO,1100205,Porto Velho,11000260,COLEGIO TIRADENTES DA POLICIA MILITAR - CTPM I,Estadual,79.1,78.4,73.5,84.1,81.9,0.792689,87,81.3,89.1,84.7,93.8,0.869739,73.7,66.5,78,78.2,71.6,0.732436,78.6,78.1,71.2,84.9,81.3,0.785427,89.5,79.4,89.2,98.8,90.5,0.889355,85.3,84.8,76.6,93.2,86.2,0.847856,96.8,100,96,97.9,93.2,0.9671,99.3,99.2,100,100,97.9,0.992675,99.2,100,100,100,96.9,0.992066,98.8,100,98.7,100,96.5,0.987791,264.24,252.18,5.273744,252.93,250.47,5.056667,261.7,249.19,5.1815,,,,268.95,261.06,5.500167,268.33,264.39,5.545333,291.15,292.52,6.3945,291.11,287.68,6.313167,285.04,281.33,6.106167,283.97,285.61,6.159667,4.2,4.4,3.8,,4.9,4.7,6.2,6.3,6.1,6.1,4.2,4.4,4.6,5,5.4,5.6,5.9,6.1
RO,1100205,Porto Velho,11000368,EMEIEF 13 DE MAIO,Municipal,,,,,,,,,,,,,,,,,,,82.4,73.4,83.8,92.1,92,0.845944,87.8,78.9,84,97.1,97.4,0.886041,90.3,82.7,93.9,96.9,100,0.928905,90.2,90.2,,,,0.902,,,,,,,,,,,,,,,,,,,,,,,,,,,,234.55,223.44,4.299833,235.99,236.74,4.5455,273.63,266.96,5.6765,,,,,,,,,,,,,,,,3.6,4,5.3,,,,,,,,3.9,4.1,4.4,4.7,4.9
RO,1100205,Porto Velho,11000597,EEEFM BELA VISTA,Estadual,,,,,,,73.5,74.5,84.5,81.2,36,0.612087,65.7,59,69.2,81.6,60.5,0.66463,63.5,61.5,69.6,59.9,61.6,0.629364,79.1,86.6,72.7,77.4,81.6,0.792435,81.6,90.5,68.4,81.5,85.7,0.806319,90.6,90,92.9,83,97.3,0.904956,93,94.7,94.9,91.6,91.8,0.932241,98.5,100,99.1,95.4,100,0.985877,98.1,97.1,99.3,98.9,96.5,0.979358,,,,229.83,226.34,4.2695,237.09,240.98,4.6345,237.61,236.21,4.563667,230.32,231.98,4.371667,244.01,245.19,4.82,252.3,256.35,5.144167,236.02,237.28,4.555,,,,243.66,249,4.877667,,2.6,3.1,2.9,3.5,3.9,4.7,4.2,,4.8,,2.8,3,3.4,3.7,4,4.3,4.5
RO,1100205,Porto Velho,11000708,EEEFM CAP CLAUDIO MANOEL DA COSTA,Estadual,62.4,51.8,56.6,76.2,87.4,0.650006,68.6,56.4,75.1,80,75.3,0.7039,80,76.6,77.2,81.7,91.2,0.812793,64.8,69.9,61.7,56.8,68.7,0.63821,66.3,61.6,59.4,72.6,78.9,0.672075,62.4,42.9,69.3,71.2,83.5,0.627342,89.2,87.1,91.3,91.3,86.5,0.889926,89.8,91.8,88.9,91.7,86.6,0.896975,95.8,99.4,97.6,97.4,88.1,0.954109,96.2,98.1,99.5,92.4,94.3,0.959903,226.09,203.18,3.821208,232.17,226.08,4.304167,241.19,246.21,4.79,231.73,225,4.278833,228.39,219.48,4.131167,229.51,231.99,4.358333,,,,232.69,233.71,4.44,222.35,226.09,4.140667,231.02,235.33,4.439167,2.5,3,3.9,2.7,2.8,2.7,,4,4,4.3,2.5,2.6,2.9,3.3,3.7,3.9,4.2,4.5
RO,1100205,Porto Velho,11000937,EEEFM DR OSWALDO PIANNA,Estadual,96.8,97.9,95.1,97.8,96.4,0.967863,68.4,52,61.3,80.3,90,0.676723,68.7,56.8,70.3,78.3,82.7,0.705546,59,50.5,41.3,78,85.9,0.584138,74.2,70.7,73.7,72.7,85.9,0.753162,71.8,71.8,69.9,66.3,81.3,0.719207,65.9,65.2,58.9,63.9,81.3,0.663736,66.8,63.8,54.1,76.5,84.2,0.676743,80.4,87.5,76.5,74.7,85.8,0.80739,96.6,99.2,92.8,97.6,97.2,0.966406,215.77,206.63,3.706566,225.14,221.58,4.112,224.53,233.25,4.296333,224.84,230,4.247333,231.84,230.12,4.366,233.07,230.87,4.399,,,,229.02,238.15,4.452833,233.08,246.02,4.651667,233.33,238.88,4.536833,3.6,2.8,3,2.5,3.3,3.2,,3,3.8,4.4,3.6,3.8,4,4.4,4.8,5.1,5.3,5.6
RO,1100205,Porto Velho,11048450,ESCOLA MARCELO CANDIA SUBSEDE I,Estadual,,,,,,,77.4,81.1,80,72,76.4,0.772076,72.2,67.4,74.6,74.4,72.4,0.72079,75.8,61.4,78.7,79.7,85,0.7504,67.2,67.8,60.6,60.2,79.7,0.66215,82,75.5,85.3,87.6,81.8,0.822896,85.5,83.8,89.6,85.3,83.6,0.855086,,,,,,,,,,,,,,,,,,,,,,259.72,246.72,5.107333,264.37,267.69,5.534333,264.65,260.39,5.417333,252.53,248.34,5.0145,274.01,279.51,5.892,272.75,272.95,5.761667,,,,,,,,,,,3.9,4,4.1,3.3,4.8,4.9,,,,,4,4.2,4.6,4.9,5.2,5.4,5.7
AC,1200401,Rio Branco,12011410,ESC COLEGIO DE APLICACAO UFAC,Federal,92.4,100,98.1,92.9,83.3,0.931039,86.3,92,83.9,70.9,98.3,0.849873,87.9,72,94.5,94.7,88.5,0.863372,85.3,92.6,84.5,87.7,76.8,0.850037,87.1,88.5,78.3,97.9,84.6,0.867572,68.3,60.3,67.7,72.2,72.9,0.678856,88.3,89.2,77.8,95.2,91.3,0.878709,83.5,94.5,68.8,87.9,76.3,0.806458,90.8,93.5,84.7,91.8,97,0.915246,80.8,85.7,82,73.6,83.3,0.808808,267.49,248.38,5.264485,258.83,250.68,5.1585,261.45,265.62,5.451167,262.55,265.88,5.473833,264.98,265.57,5.509167,267.64,273.54,5.686333,299.32,291.84,6.519333,294.46,273.16,6.127,264.92,273.69,5.6435,267.96,287.46,5.923667,4.9,4.4,4.7,4.7,4.8,3.9,5.7,4.9,5.2,4.8,4.9,5.1,5.3,5.7,6,6.2,6.5,6.7
AC,1200401,Rio Branco,12011681,ESC ISMAEL GOMES DE CARVALHO,Municipal,88.3,86.6,85.7,90.9,90.6,0.883888,,,,,,,,,,,,,,,,,,,,,,,,,,,,,,,,,,,,,,,,,,,,,,,,,,,,,,,238.05,209.41,4.124239,,,,,,,,,,,,,,,,,,,,,,,,,,,,3.6,,,,,,,,,,3.7,3.8,4.1,4.5,4.9,5.1,5.4,5.6
AC,1200401,Rio Branco,12012823,ESC MAJOR JOAO CANCIO,Estadual,,,,,,,,,,,,,,,,,,,,,,,,,93.8,91.7,88.2,100,95.5,0.936457,,,,,,,91.4,76,94.3,94.7,100,0.902486,75,88.6,66.7,82.6,63.6,0.739249,,,,,,,78.9,68.2,76.9,88.2,84,0.785711,,,,,,,,,,,,,223.43,222.44,4.097833,,,,,,,220.76,226.8,4.126,,,,,,,,,,,3.8,,,3.1,,,,,,,4.1,4.3,4.6,4.9
AC,1200401,Rio Branco,12013242,ESC PADRE CARLOS CASAVECCHIA,Estadual,81.6,70.3,88.8,81.5,89.7,0.817925,89.3,85.5,89.1,91.8,91.8,0.89474,83.1,78.9,81.4,84.8,90.1,0.835937,91.5,90.5,87.7,94.5,93.8,0.915432,81.6,81.3,76.9,85.5,82.4,0.81407,71.9,76,68.3,69.8,74.4,0.719856,81.1,81.6,87,75.2,84.4,0.818073,78.5,88.2,78.9,77.5,68.9,0.777769,,,,,,,95.2,98.7,93.5,95,92.8,0.949463,226.51,223.13,4.160744,227.71,221.07,4.146333,235.26,241.88,4.619,229.58,223.3,4.214667,235.34,239.44,4.579667,,,,239.91,245.05,4.749333,,,,,,,245.87,256.33,5.036667,3.4,3.7,3.9,3.9,3.7,,3.9,,,4.8,3.4,3.6,3.9,4.3,4.6,4.9,5.2,5.4
AC,1200401,Rio Branco,12013595,ESC SAO PEDRO I,Estadual,,,,,,,,,,,,,,,,,,,,,,,,,,,,,,,,,,,,,88.3,87.1,90.9,84.6,89.3,0.879107,96.6,97.2,96.2,96.6,96.4,0.965986,,,,,,,89.7,94.1,90.4,82,92.9,0.89589,,,,,,,,,,,,,,,,,,,,,,,,,,,,231.97,234.94,4.4485,,,,,,,,,,4,,,,,,,,
AC,1200401,Rio Branco,12014001,ESC SANTO ANTONIO II,Estadual,,,,,,,,,,,,,,,,,,,94.3,92.9,90.6,96.2,100,0.947939,89.3,80.8,88.9,92.6,93.8,0.887214,90.9,88.6,80,100,93.3,0.89878,88.6,87.2,89.3,87.9,92.9,0.892719,90.8,86.1,100,85.2,89.7,0.898881,98.2,100,100,96.3,97.1,0.983215,97.9,100,100,100,88.9,0.96973,,,,,,,,,,217.69,231.26,4.149167,222.84,225.06,4.131667,,,,232.73,236.19,4.482,218.36,217.71,3.9345,,,,225.97,247.37,4.555667,,,,3.9,3.7,,4,3.5,,4.4,,,,4.2,4.4,4.7,4.9,5.2
AC,1200401,Rio Branco,12014389,ESC INSTITUTO SAO JOSE,Estadual,,,,,,,,,,,,,92.3,93.4,95.1,97.6,75,0.892835,97.9,99.3,100,96.5,97.4,0.982798,96.6,99,90,99.3,94.3,0.954949,99,99.1,99.5,98.1,98.6,0.988222,97.7,100,97.4,97.3,96.8,0.978593,97,98.1,94.1,98.3,98,0.970928,100,100,100,100,100,1,99,99.5,97.9,100,99.1,0.991189,,,,,,,256.88,258.64,5.258667,272.06,262.58,5.577333,254.7,243.24,4.965667,274.11,280.15,5.904333,273.3,278.84,5.869,285.21,289.54,6.245833,283.29,294.18,6.291167,267.22,275.86,5.718,,,4.7,5.5,4.7,5.8,5.7,6.1,6.3,5.7,,,4.8,5.1,5.4,5.7,5.9,6.1
AM,1302603,Manaus,13026488,COLEGIO MILITAR DE MANAUS,Federal,,,,,,,,,,,,,89.7,90.6,85.6,88.8,93.6,0.89556,90.1,87.8,93.1,89,90,0.899327,87.3,85.4,92.4,82.8,89.1,0.872738,91.3,89.9,97.7,90.5,86.8,0.910553,96.3,98.1,96.6,94,96.9,0.963766,95.8,95.8,97.9,93.2,96.3,0.9577,98.2,97.3,99.5,96.8,99,0.98137,98.4,98.7,98.9,98.8,97.3,0.984206,,,,,,,316.72,288.04,6.746,321.56,288.94,6.841667,,,,323.49,305.2,7.144833,,,,,,,,,,,,,,,6,6.2,,6.5,,,,,,,6.2,6.4,6.6,6.8,7,7.2
AM,1302603,Manaus,13026577,COLEGIO MILITAR DA POLICIA MILITAR DO AMAZONAS,Estadual,84.4,78,83.7,88.4,87.5,0.84195,65,66.5,62.5,61.9,71.6,0.654031,76,76.5,75.9,73.4,78.4,0.760078,89.3,87.7,89.8,86.7,95.1,0.89711,94.2,95.1,92.8,92.4,97.6,0.944298,91.2,94.2,90.7,91.6,88.2,0.911245,92.5,96.6,88.6,90.5,94.7,0.924898,94.1,94,96.3,91.7,94.5,0.940963,99.5,99.7,99.1,99.5,99.5,0.994495,96.7,92.4,99,99.4,95.7,0.965409,296.07,271.42,6.124948,292.58,272.02,6.076667,281.83,277.44,5.987833,302.16,293.49,6.594167,288.38,285.35,6.228833,298.34,302.62,6.682667,289.77,290.49,6.337667,291.19,286.74,6.298833,267.49,266.99,5.574667,302.24,300.45,6.7115,5.2,4,4.6,5.9,5.9,6.1,5.9,5.9,5.5,6.5,5.2,5.3,5.6,5.9,6.2,6.5,6.7,6.9
AM,1302603,Manaus,13026828,EM DESEMBARGADOR CANDIDO HONORIO FERREIRA,Municipal,86.6,81.5,80.3,94.3,92.1,0.866074,98,100,99.1,96,97.2,0.980499,,,,,,,,,,,,,,,,,,,,,,,,,,,,,,,,,,,,,,,,,,,,,,,,,243.04,226.42,4.491011,249.18,242.32,4.858333,,,,,,,,,,,,,,,,,,,,,,,,,3.9,4.8,,,,,,,,,3.9,4.1,4.3,4.7,5.1,5.4,5.6,5.9
AM,1302603,Manaus,13027042,ESCOLA ESTADUAL 1º DE MAIO,Estadual,59.2,58.7,50.9,72.9,54.3,0.581262,81.1,75,79.1,88,83.8,0.811814,76,79.5,72,65.1,86.6,0.749403,72.6,72.4,75.6,68.8,73.7,0.725386,89.1,90.9,91,85.7,87.1,0.886136,87.5,88.6,91,82.1,88.6,0.874458,95,91.7,98.5,93.9,95.5,0.948356,94.1,91.3,87.8,98,100,0.940148,93.1,93.4,92.4,95,92.3,0.932625,100,100,100,100,100,1,237.35,233.76,4.518503,229.66,223.95,4.226833,244.03,244.56,4.809833,238.66,238.18,4.614,,,,243.02,253.26,4.938,252.03,265.87,5.298333,254.56,268.13,5.378167,264.31,267.52,5.5305,246,256.18,5.036333,2.6,3.4,3.6,3.3,,4.3,5,5.1,5.2,5,2.7,2.9,3.3,3.7,4.2,4.4,4.7,5
AM,1302603,Manaus,13027158,ESCOLA ESTADUAL ANTONIO DA ENCARNACAO FILHO,Estadual,56.9,64.3,53.3,60.2,47.2,0.554696,65.3,52,67,75.5,70.9,0.650348,59.1,56.8,61.6,53.5,66.9,0.59278,76.9,78,73.2,78,78.2,0.767902,77.4,79.2,69.3,73.1,86,0.763882,66.2,64.2,66.2,65,69.1,0.660737,82.2,78.6,82.5,82.8,82.5,0.815621,81.3,,57.1,85.9,83.3,0.728874,,,,,,,,,,,,,237.73,219.51,4.287413,255.59,250.41,5.1,248.34,246.95,4.9215,233.87,233.63,4.458333,228.55,235.49,4.400667,250.73,254.75,5.091333,,,,,,,,,,,,,2.4,3.3,2.9,3.4,3.4,3.4,,,,,2.5,2.7,3.1,3.6,4,4.3,4.5,4.8
AM,1302603,Manaus,13027255,ESCOLA ESTADUAL D MILTON CORREA PEREIRA,Estadual,54.7,44.6,56.3,61.7,58,0.543239,66.5,52.3,68.3,75.6,75.1,0.663297,61,52.4,55.2,65.9,69,0.598201,80,76.5,74.1,78.8,89.9,0.79395,67.3,73.3,56.4,66.4,75.1,0.669469,80.8,,91.3,82.4,76.4,0.829237,90.1,87.4,92.5,,90.2,0.899849,92.6,92.2,95.4,95.5,87.8,0.926164,100,100,100,100,100,1,87.9,84.9,81.8,86.8,94.7,0.867982,237.87,227.08,4.415726,241.06,237.39,4.640833,237.56,242.33,4.664833,238.11,239.57,4.628,237.31,239.89,4.62,246.8,243.58,4.839667,244.72,260.26,5.083,247.45,255.11,5.042667,240.45,240.69,4.685667,241.03,254.65,4.928,2.4,3.1,2.8,3.7,3.1,4,4.6,4.7,4.7,4.3,2.5,2.7,3.1,3.7,4.1,4.4,4.6,4.9
AM,1302603,Manaus,13027280,ESCOLA ESTADUAL DR JOSE MILTON BANDEIRA,Estadual,57.6,64.7,48.2,64.8,53.2,0.567924,83.9,78.6,82.2,87.3,92.3,0.847869,68.7,62.3,61.3,73,76.9,0.677196,84.1,88.9,86.7,85.4,80,0.851205,86.9,,86.1,87.2,87.2,0.868302,91.7,,,,91.7,0.917,,,,,,,,,,,,,,,,,,,,,,,,,232.45,219.39,4.197182,239.82,230.01,4.497167,237.92,248.77,4.778167,228.89,231.48,4.3395,228.95,235.43,4.406333,237.72,240.7,4.640333,,,,,,,,,,,,,2.4,3.8,3.2,3.7,3.8,4.3,,,,,2.5,2.7,3,3.5,3.9,4.2,4.5,4.7
PA,1500800,Ananindeua,15035557,EEEFM RAINHA DA PAZ,Estadual,,,,,,,,,,,,,77.4,69.9,80.2,82,82.6,0.783137,87.6,89.7,85.1,95.8,76.7,0.862527,67,75.9,68.1,73.1,53.3,0.663337,69,67.4,68.4,72.6,67.7,0.689633,72.7,60.3,82.5,81.3,68.1,0.71827,86.5,88.6,91.9,83.8,82.3,0.864829,89.3,87.5,93.8,88.3,88.2,0.893806,100,100,100,100,100,1,,,,,,,239.11,247.22,4.772167,227.06,231.76,4.313667,228.41,223.99,4.206667,227.12,214.51,4.027167,,,,224.35,227.55,4.198333,237.45,247.75,4.753333,239.76,242.87,4.7105,,,3.7,3.7,2.8,2.8,,3.6,4.2,4.7,,,3.9,4.2,4.5,4.8,5,5.3
PA,1501402,Belém,15037991,EEEFM CONEGO BATISTA CAMPOS,Estadual,68.5,76.2,87.5,39.1,72.5,0.625778,34.8,36.3,39.4,39,9.9,0.222742,60.8,60.2,62.3,71,47.4,0.589586,54.5,56.6,54.7,59.6,42.9,0.526053,55.7,42.9,60.7,70.5,57.4,0.560299,73.6,78.2,61.8,81.1,69.1,0.717216,67.9,59.7,63.2,78.6,76.7,0.68571,86.1,86.9,90.2,75,88.9,0.847891,85.8,85.1,85.4,86.2,87.5,0.8604,100,100,100,100,100,1,227.74,220.28,4.133741,217.23,205.48,3.711833,236.4,239.61,4.600167,217.97,217.87,3.930667,217.81,233.16,4.182833,220.49,224.07,4.076,210.45,232.93,4.056333,231.92,235.99,4.465167,234.65,249.5,4.735833,225.71,233.54,4.320833,2.6,0.8,2.7,2.1,2.3,2.9,2.8,3.8,4.1,4.3,2.6,2.8,3.1,3.5,3.9,4.2,4.4,4.7
PA,1501402,Belém,15038688,ESCOLA DE APLICACAO DA UFPA,Federal,,,,,,,84.3,80,86.1,81.2,88.4,0.837839,93,96.9,86.8,97.9,91,0.929278,89.9,91.4,89.1,92.2,86.8,0.898251,89,100,95.8,87.4,70.9,0.86986,90.9,91.8,90.6,94.3,87.6,0.91011,83.2,96.7,87.9,79.4,72.8,0.832491,95.1,99.1,96.4,91.1,93.3,0.948782,,,,,,,98.3,95.9,97.6,100,99.2,0.981497,,,,263.88,259.85,5.3955,261.39,255.94,5.288833,270.57,275.01,5.759667,270.19,275.65,5.764,269.72,279.4,5.818667,270.01,284.4,5.906833,277.3,276.29,5.893167,,,,268.24,270.93,5.652833,,4.5,4.9,5.2,5,5.3,4.9,5.6,,5.5,,4.6,4.8,5.1,5.5,5.7,5.9,6.2
PA,1501402,Belém,15038769,EEEFM BARAO DE IGARAPE MIRI,Estadual,54.7,41.9,53.9,71.1,79,0.578518,58.4,64.7,54.7,58.3,46.1,0.5511,64.1,65.8,68.7,63.7,49.6,0.609631,68.2,63.4,68.2,66.1,79.6,0.688148,55.7,56.4,52.3,53.6,63,0.560376,59.2,51.9,53.8,72.6,55.8,0.575122,56.3,46.3,69.7,60.4,45.9,0.538443,70.4,70,75.3,65.7,67.9,0.695481,90.7,91.2,86.2,94.3,92,0.908268,98.1,100,98.5,100,94.2,0.981162,239.31,225.44,4.412639,225.13,224.69,4.163667,237.61,244.21,4.697,,,,232.73,235.37,4.468333,231.62,229.19,4.346833,232.42,238.44,4.514333,240.53,238.41,4.649,239.95,251.71,4.861,245.5,249.47,4.916167,2.6,2.3,2.9,,2.5,2.5,2.4,3.2,4.4,4.8,2.6,2.8,3.2,3.7,4.1,4.4,4.6,4.9
PA,1501402,Belém,15039153,COLEGIO TENENTE REGO BARROS,Federal,78.3,89.3,76.9,85.8,61.9,0.76905,90.2,96.5,89.2,86.8,89.8,0.904363,91,91.7,93.1,91.7,87.7,0.910044,82.4,89.2,78.8,86.1,76.8,0.824125,81.1,87.9,84.1,88.9,65.5,0.803488,89.4,92.1,95.5,89.3,81.5,0.892915,90,95.9,89.2,90.7,85.9,0.902831,90,95.7,96.2,87.4,83.4,0.903416,,,,,,,94.2,99.3,99.2,92.4,85.1,0.93623,313.85,274.81,6.477635,308.96,278.54,6.458333,311.83,282.5,6.572167,316.09,289.83,6.765333,304.16,287.04,6.52,313.5,297.23,6.8455,319.51,304.77,7.071333,312.3,295.45,6.795833,,,,296.34,284.61,6.349167,5,5.8,6,5.6,5.2,6.1,6.4,6.1,,5.9,5,5.2,5.4,5.8,6.1,6.3,6.5,6.7
PA,1501402,Belém,15039250,EEEFM PROFA HILDA VIEIRA,Estadual,65.6,65.9,68.8,62.5,63.3,0.650331,49.7,45.9,47.9,52.6,55.8,0.502539,65.1,58.6,67.5,66.5,72.7,0.659278,,,,,,,48.1,35.1,52.4,54.5,63,0.489024,71.2,59.4,77,74.8,76.2,0.710298,82.4,82.8,80,88.5,80,0.826844,85.5,91.3,85.5,79.5,86.1,0.853938,78.9,75.2,83,80,78.2,0.789986,98.9,100,98.5,100,96.3,0.986765,244.11,228,4.535225,234.22,231.58,4.43,242.97,240.11,4.718,,,,232.95,235.08,4.467167,232.88,243.06,4.599,,,,230.4,233.54,4.399,,,,230.58,248.15,4.6455,2.9,2.2,3.1,,2.2,3.3,,3.8,,4.6,3,3.1,3.4,3.8,4.2,4.4,4.7,5
PA,1501402,Belém,15140759,ESCOLA BOSQUE PROF EIDORFE MOREIRA,Municipal,77.8,86.2,66.3,85.1,74,0.769997,78.2,86.8,76.5,79.1,68,0.770108,79.2,85.2,68.8,86.2,79.1,0.791842,76.4,91,67.9,89.2,52.7,0.71553,73,88.2,64.1,72,67.6,0.719162,80.9,96.5,56.5,96.3,83.1,0.792397,87.2,98.7,67.4,100,94.1,0.87728,91.7,98.8,84.2,97.8,78,0.888032,99.6,98,100,100,100,0.994924,99.8,100,100,100,99.4,0.998493,234.62,221.16,4.263021,227.01,216,4.050167,226.55,237.5,4.400833,226.01,219.98,4.099833,232.89,236.85,4.495667,246.6,241.74,4.805667,229.64,230.76,4.34,,,,,,,223.58,234.59,4.302833,3.3,3.1,3.5,2.9,3.2,3.8,3.8,,,4.3,3.3,3.5,3.7,4.1,4.5,4.8,5,5.3
MA,2104073,Feira Nova do Maranhão,21182663,EM CRISTO REI,Municipal,,,,,,,,,,,,,,,,,,,,,,,,,87.2,71.4,91.7,90.9,100,0.871235,84.5,61.9,91.7,92.9,92,0.821456,77.2,79.2,75,60,94.7,0.752079,90.7,73.9,100,95.5,100,0.909029,100,100,100,100,100,1,96.4,100,93.8,92.3,100,0.963967,,,,,,,,,,,,,219.17,208.73,3.798333,237.9,227.32,4.420333,235.27,230.43,4.428333,232.27,245.24,4.625167,258.35,232.25,4.843333,236.07,238.85,4.582,,,,,3.3,3.6,3.3,4.2,4.8,4.4,,,,,3.6,3.8,4.1,4.3
MA,2104073,Feira Nova do Maranhão,21183066,EM LEOPOLDINO LISBOA,Municipal,,,,,,,,,,,,,,,,,,,61.3,45.2,60,66.7,100,0.627126,88.2,87,73,100,100,0.885095,,,,,,,92.3,90.9,100,92.3,86.7,0.92231,86.6,95.5,75.9,83.3,100,0.876208,97.2,100,96.6,93.8,100,0.975302,100,100,100,100,100,1,,,,,,,,,,222.45,190.53,3.549667,240.21,210.4,4.176833,,,,205.47,199.49,3.416,242.69,228.92,4.526833,249.08,244.92,4.9,239.67,240.22,4.664833,,,,2.2,3.7,,3.2,4,4.8,4.7,,,,2.5,2.8,3,3.3,3.5
MA,2104073,Feira Nova do Maranhão,21183252,EM PEDRO ALVES DE OLIVEIRA,Municipal,61.6,49,56.4,75.4,80,0.625966,72.8,66.2,72.3,80.6,84.9,0.752976,69.6,58.8,66.4,75.7,94.5,0.716088,67.5,53.8,67.7,80.4,91.5,0.705154,79.2,71.9,71.5,91.7,97.3,0.815048,79.6,75.8,71.4,80.2,94.5,0.796035,86.7,81.4,79.2,96.7,94.9,0.873554,87.2,84.2,82.5,87.9,100,0.881557,95.5,96.5,95.4,97.8,92.1,0.954026,92.2,97,91.4,84.6,94.7,0.916796,229.69,211.17,4.014359,232.9,212.39,4.088167,239.66,218.59,4.304167,234.12,227.58,4.361667,220.71,220.8,4.025167,237.02,240.52,4.625667,237.83,231.81,4.494,239.16,243.84,4.716667,239.2,240.3,4.658333,243.06,241.44,4.741667,2.5,3.1,3.1,3.1,3.3,3.7,3.9,4.2,4.4,4.3,2.6,2.7,3,3.4,3.8,4.1,4.3,4.6
MA,2104073,Feira Nova do Maranhão,21183759,EM SEN ALEXANDRE COSTA,Municipal,,,,,,,,,,,,,82.4,,88.2,90,81.5,0.864082,74.1,63.1,71.4,89.7,85.3,0.758652,,,,,,,80.9,57.1,82.6,90.6,100,0.789621,78.9,60,73.9,100,94.7,0.788051,86.9,86.1,75,90.5,93.3,0.856246,98.9,96.3,100,100,100,0.990486,97.3,100,90.9,100,100,0.975584,,,,,,,216.45,197.75,3.57,214.91,183.03,3.299,,,,225.46,221.86,4.122,235.06,219.43,4.2415,230.1,227.26,4.289333,197.67,206.92,3.409833,224.39,228.23,4.210333,,,3.1,2.5,,3.3,3.3,3.7,3.4,4.1,,,3.2,3.5,3.8,4.1,4.4,4.6
MA,2104073,Feira Nova do Maranhão,21319200,EM JOSE PEREIRA DE BRITO,Municipal,,,,,,,,,,,,,,,,,,,,,,,,,,,,,,,,,,,,,,,,,,,80.9,55.6,76.9,93.3,90,0.757307,97.6,100,100,88.9,100,0.96973,,,,,,,,,,,,,,,,,,,,,,,,,,,,213.14,213.97,3.785167,228.68,217.32,4.1,,,,,,,,,,,2.9,4,,,,,,,,,3.1
MA,2111300,São Luís,21011125,CENTRO DE ENSINO PROFESSOR BARJONAS LOBAO,Estadual,87.5,90.2,83.9,76.8,96.6,0.862474,75.4,73.6,67.2,82.1,80.4,0.753495,76.9,70.9,72.8,85.8,78.5,0.765777,82.5,82.6,69,88.5,89.5,0.81513,83.6,,84.5,78.5,87.8,0.834198,72.2,,,63.2,76.6,0.692578,,,,,,,,,,,,,,,,,,,,,,,,,251.47,239.08,4.84254,243.12,240.76,4.731333,248.23,261.19,5.157,242.99,250.21,4.886667,244.08,246.44,4.842,241.5,248.67,4.836167,,,,,,,,,,,,,4.2,3.6,3.9,4,4,3.3,,,,,4.2,4.4,4.6,5,5.4,5.6,5.9,6.1
MA,2111300,São Luís,21016070,CENTRO DE ENSINO ESTADO DO RIO GRANDE DO NORTE,Estadual,88.2,85.9,93.4,92.2,78.4,0.870527,91.5,92.1,90.4,93.7,89.8,0.914747,85.9,85.5,77.5,86.4,96,0.858556,86.8,87.3,83.3,87.3,90.6,0.870477,90.9,88.3,89.3,96.9,88.4,0.905892,90.7,88.2,89.7,94.2,90.6,0.90622,92.6,100,95.8,90.9,85.5,0.927312,98.9,100,97.8,98.7,99.3,0.989434,100,,100,100,100,1,99.7,,100,100,99.2,0.997319,240.37,223.55,4.398774,243.09,237.76,4.680833,251.71,252.1,5.0635,244.24,244.58,4.813667,243.58,248.29,4.8645,252.14,258.64,5.179667,251.94,255.32,5.121,254.82,257.57,5.2065,249.86,256.81,5.111167,239.65,243.99,4.727333,3.8,4.3,4.3,4.2,4.4,4.7,4.7,5.2,5.1,4.7,3.9,4,4.3,4.7,5.1,5.3,5.6,5.8
MA,2111300,São Luís,21016097,UEB ENS FUND EVANDRO BESSA - STA BARBARA,Municipal,,,,,,,,,,,,,97.9,96.9,97.1,98,100,0.979848,96.3,100,96.6,100,89.8,0.964138,93.6,93.8,90.2,97.7,93.3,0.936747,96,97.7,95.6,88.5,98.4,0.948818,86.4,98.2,72.2,90.3,86,0.855875,78,66.7,79.6,80.9,90.9,0.785587,97.6,94.6,100,97.3,100,0.979233,90.6,88,87.5,91.8,97.1,0.909419,,,,,,,231.23,234.55,4.429667,218.91,226.04,4.0825,230.19,234.12,4.405167,229.73,239.29,4.483667,215.35,230.28,4.093833,231.69,226.47,4.302667,,,,219.13,225.29,4.073667,,,4.3,3.9,4.1,4.3,3.5,3.4,,3.7,,,4.5,4.8,5.1,5.3,5.6,5.8
MA,2111300,São Luís,21016631,CENTRO DE ENSINO ESTADO DE ALAGOAS,Estadual,,,,,,,86.3,77.6,93,93.6,88.9,0.877739,90.1,87.5,85.3,88.4,100,0.899602,93.9,95.2,90.9,93.3,96.9,0.940218,93.4,90.5,94.4,92.1,97.2,0.934825,89.6,80,93.8,89.7,96.6,0.895632,100,,,100,100,1,98.9,98.8,97.1,100,100,0.989606,95.2,95.7,98.1,96.6,88.6,0.946037,98.5,100,100,94.7,98.4,0.982264,,,,247.94,241.72,4.827667,235.83,241.56,4.623167,238.37,248.01,4.773,237.73,242.36,4.668167,248.28,260.01,5.138167,257.37,271.87,5.487333,243.29,261.09,5.073,249.91,261.31,5.187,244.91,252.99,4.965,,4.2,4.2,4.5,4.4,4.6,5.5,5,4.9,4.9,,4.3,4.5,4.9,5.2,5.4,5.7,5.9
MA,2111300,São Luís,21016640,CENTRO DE ENSINO ESTADO DO AMAZONAS,Estadual,,,,,,,,,,,,,,,,,,,73.2,69.7,70.6,73.8,88,0.748709,69.6,47.9,81,85,76.3,0.688547,85.7,86.4,81.3,94.4,81.5,0.855846,79.7,74.7,84.1,79.5,83.3,0.802232,99.5,,,99.1,100,0.99548,,,,,,,100,,,,100,1,,,,,,,,,,222.44,245.58,4.467,218.99,217.73,3.945333,215.16,229.73,4.0815,259.63,261.1,5.3455,235.38,243.7,4.651333,,,,205.4,230.7,3.935,,,,3.3,2.7,3.5,4.3,4.6,,3.9,,,,3.6,3.8,4.1,4.4,4.6
MA,2111300,São Luís,21016763,CENTRO DE ENSINO JACKSON LAGO,Estadual,,,,,,,,,,,,,,,,,,,,,,,,,,,,,,,,,,,,,,,,,,,96.2,100,90,96.7,95.1,0.953116,98.2,97.1,,100,96.8,0.979456,99.3,100,100,100,97.1,0.992589,,,,,,,,,,,,,,,,,,,,,,237.35,249.14,4.774833,236.64,248.04,4.744667,241.47,237.62,4.6515,,,,,,,,4.6,4.6,4.6,,,,,,,,4.8
MA,2111300,São Luís,21017484,UFMA - COLEGIO UNIVERSITARIO,Federal,,,,,,,74.3,88.1,69.3,65.1,75.6,0.73571,81.9,77.2,75.9,86.4,86.8,0.812621,79.7,90.9,79.3,93.9,66.7,0.812124,83.9,83.6,94.8,64.4,92.2,0.818261,96.3,90.8,98.5,98.5,97.1,0.961158,93.9,100,87.5,92.4,97.1,0.940076,92.9,98.6,92.1,85.2,94.3,0.922907,98,93.8,98.4,100,100,0.979826,96,100,91,93.1,100,0.95854,,,,240.48,236.89,4.622833,252.31,246.1,4.9735,265.64,263.2,5.480667,304.44,291.76,6.603333,304.57,302.98,6.7925,309.89,304.98,6.9145,308.14,300.24,6.806333,,,,306.57,307.9,6.907833,,3.4,4,4.5,5.4,6.5,6.5,6.3,,6.6,,3.5,3.7,4,4.4,4.6,4.9,5.2
CE,2302701,Campos Sales,23153237,PADRE AZARIAS SOBREIRA EEIF,Municipal,,,,,,,86.7,85,90.6,78.1,100,0.877071,80,80,81.1,81.6,73.1,0.787941,73.5,75.8,59.6,76.7,81.8,0.724193,84,78.6,82.3,80.8,97.4,0.841813,95.8,93.1,98.1,95.5,95.2,0.954421,87.4,78.3,89.3,83.3,96.7,0.863639,95,93.5,92,93.9,100,0.947544,100,100,100,100,100,1,96.5,96.8,94.3,96,100,0.967312,,,,212.77,189.35,3.368667,211.75,208.13,3.664667,218.93,231.93,4.181,214.37,204.24,3.6435,252.98,247.31,5.004833,230.49,237.82,4.471833,299,299.48,6.641333,240.1,252.28,4.873,270.26,265.06,5.588667,,3,2.9,3,3.1,4.8,3.9,6.3,4.9,5.4,,3,3.2,3.6,3.9,4.2,4.4,4.7
CE,2302701,Campos Sales,23153253,ANTONIO RIBEIRO DE CARVALHO EEIF,Municipal,,,,,,,,,,,,,,,,,,,100,100,100,100,100,1,,,,,,,,,,,,,94.2,92.3,90,93.3,100,0.93757,,,,,,,93.2,90.9,100,94.4,88.2,0.931702,,,,,,,,,,,,,,,,225.83,216.54,4.0395,,,,,,,302.86,241.73,5.743167,,,,276.31,271.09,5.79,,,,,,,4,,,5.4,,5.4,,,,,4.3,4.5,4.8,5.1,5.3
CE,2302701,Campos Sales,23153261,EEMTI DE CAMPOS SALES,Estadual,91.8,,88.9,98.2,87.6,0.913314,86.5,,79.1,96,81.6,0.849526,87.8,,,,87.8,0.878,,,,,,,,,,,,,,,,,,,,,,,,,,,,,,,,,,,,,,,,,,,212.24,199.19,3.523924,220.79,208.86,3.8275,235.82,244.78,4.676667,,,,,,,,,,,,,,,,,,,,,,3.2,3.3,4.1,,,,,,,,3.2,3.4,3.7,4.1,4.5,4.7,5,5.2
CE,2302701,Campos Sales,23153369,JOAO XXIII EEIF,Municipal,77.9,70.9,79.1,80.7,87.3,0.790624,77.9,83.2,73.9,70.3,85,0.776089,89.2,83.5,93.4,91.2,88.5,0.889936,79.8,64.2,73,83.1,98.8,0.777755,81.9,76,88.3,81,82.2,0.816426,94.4,85.9,97.5,94.6,98.7,0.938959,96.2,98.3,98.6,100,89.6,0.964421,100,100,100,100,100,1,100,100,100,100,100,1,100,100,100,100,100,1,193.74,187.32,3.017666,200.46,194.14,3.243333,219.39,224.5,4.064833,228.49,226.55,4.250667,219.9,226.96,4.114333,242.69,250.41,4.885,239.38,256.09,4.9245,271.41,263.5,5.581833,258.68,255.89,5.242833,260.38,258.33,5.311833,2.4,2.5,3.6,3.3,3.4,4.6,4.7,5.6,5.2,5.3,2.4,2.5,2.8,3.2,3.6,3.8,4.1,4.4
CE,2302701,Campos Sales,23153385,JOSE AUGUSTO SOBRINHO EEIF,Municipal,,,,,,,,,,,,,,,,,,,77.9,72.3,65.9,81.8,96.8,0.775776,89.8,83.8,85.7,93.3,100,0.902529,94.1,87.5,92.5,96.8,100,0.93963,91.9,90.9,89.1,88.5,100,0.919036,94.4,100,94.4,92.1,91.4,0.943576,99.1,100,97,100,100,0.992327,89.1,80,83.3,100,100,0.898779,,,,,,,,,,229.6,220.55,4.169167,247.5,236.35,4.730833,251.3,236.66,4.799333,262.32,259.15,5.357833,265.84,273.2,5.650667,245.24,251.72,4.949333,246.42,244.24,4.844333,,,,3.2,4.3,4.5,4.9,5.3,4.9,4.4,,,,3.4,3.7,4,4.3,4.5
CE,2302701,Campos Sales,23153415,LUCIANO TORRES DE MELO EEIF,Municipal,78.3,74.4,77.6,81.8,88.6,0.802583,80.5,74,88.3,77.7,84.8,0.808064,80.3,75,79.7,81.4,89.1,0.809901,77.4,65.3,79.4,79.7,89.8,0.775324,84.9,80.9,96,81.4,81.8,0.845888,97.3,91.1,97.5,100,100,0.970088,95.6,96.2,94,92.7,100,0.956462,97.4,100,95.5,92.7,100,0.969493,97.4,100,94.1,97.1,100,0.977382,97.1,94.3,97.1,95.8,100,0.96755,208.27,198.67,3.449091,204.1,195.25,3.3225,223.67,229.42,4.218167,236.36,217.42,4.229667,224.9,225.81,4.1785,235.11,233.13,4.470667,236.22,250.89,4.785167,274.68,257.33,5.5335,234.56,254.47,4.817167,254.56,264.54,5.318333,2.8,2.7,3.4,3.3,3.5,4.3,4.6,5.4,4.7,5.1,2.8,2.9,3.2,3.6,4,4.2,4.5,4.8
CE,2302701,Campos Sales,23153474,MANOEL DUARTE DE SA BARRETO E E I F,Municipal,,,,,,,84.9,78.4,89.8,84.4,89.1,0.851741,88.9,93.9,82,93,89.1,0.892443,90.1,85.2,85.7,92.3,100,0.90416,85.8,88.7,84.2,85.7,84.2,0.856613,91.3,91.9,88.9,89.1,95.6,0.912959,98.8,98,100,97.4,100,0.988361,100,100,100,100,100,1,98.9,100,96.7,100,100,0.991541,99.1,100,100,100,97,0.992327,,,,201.56,188.75,3.171833,209.8,204.85,3.5775,233.98,194.39,3.806167,222.84,214.04,3.948,237.77,229.98,4.4625,261.42,254.01,5.257167,327.17,296.19,7.056,238.49,251.4,4.8315,245.89,255.21,5.018333,,2.7,3.2,3.4,3.4,4.1,5.2,7.1,4.8,5,,2.8,3,3.3,3.7,3.9,4.2,4.4
MG,3106200,Belo Horizonte,31000051,EE GUIA LOPES,Estadual,54.8,60.3,50,57.2,50.8,0.542363,87,84,83.3,94.9,89.7,0.877284,70.7,62.2,81.8,83.7,50,0.663905,74.5,73.4,75,61.1,85.4,0.72683,76.9,70.4,73.5,90.4,71,0.755338,53.1,40.6,55.6,59.6,51.6,0.507778,60.6,46.2,68.6,63.9,65.6,0.595986,68.9,44,78.6,84.2,72.2,0.653842,86.2,94.1,90.6,84.6,79.4,0.868069,78.9,66.7,75,90,81.8,0.774265,211.3,207.57,3.647909,221.33,211.77,3.885,217.75,225.99,4.062333,228.1,226.66,4.246,228.14,236.28,4.407,222.1,214.7,3.946667,,,,,,,,,,,,,2,3.4,2.7,3.1,3.3,2,,,,,2.1,2.3,2.6,3.1,3.5,3.8,4.1,4.4
MG,3106200,Belo Horizonte,31000086,EE PROFESSOR JOSE MESQUITA DE CARVALHO,Estadual,,,,,,,67.2,73.2,79.3,61.8,54.7,0.658606,63.4,57.5,48.2,72.6,74.7,0.612565,77.7,78.3,88.2,69.4,70.9,0.760126,90.3,83.7,91.2,91.8,95,0.902285,79.4,66.1,77.6,87.3,86.3,0.783432,67.8,73.1,76.9,47.8,70.5,0.647368,80.2,71.1,85.1,82.9,88.1,0.812528,92.8,97,88.8,93.4,93.3,0.930334,89.1,88.2,86.7,91.9,89.6,0.890591,,,,242.09,230.6,4.544833,250.82,255.97,5.113167,251.9,251.4,5.055,252.28,235.47,4.795833,237.69,229.68,4.456167,,,,247.21,236.44,4.7275,,,,222.26,225.02,4.121333,,3,3.1,3.8,4.3,3.5,,3.8,,3.7,,3.1,3.3,3.6,4,4.2,4.5,4.8
MG,3106200,Belo Horizonte,31000124,EE DOUTOR SIMAO TAMM BIAS FORTES,Estadual,84,79.1,78.2,91.2,90.3,0.842654,86.6,88.2,86.8,90.2,81.4,0.865237,83,80.5,84.2,81.2,87.1,0.831684,86,81.2,88.6,81.8,93,0.858745,93.7,98.2,91.4,90.5,95.4,0.937732,87,92.6,84.3,82.9,88.4,0.868876,89.7,94.4,83.3,88.4,92.5,0.894433,91.4,91.9,95.8,88.1,89.6,0.912591,89.8,86.4,81.7,97.3,93,0.891978,88.9,90,89.5,83.3,93,0.888064,272.95,256.9,5.497567,250.88,238.41,4.8215,241.18,234.19,4.5895,266.7,258.89,5.4265,250.9,248.91,4.996833,246.27,248.12,4.9065,259.33,261.45,5.346333,231.57,224.08,4.260833,244.9,255.24,5.002333,253.39,264.47,5.297667,4.6,4.2,3.8,4.7,4.7,4.3,4.8,3.9,4.5,4.7,4.7,4.8,5.1,5.4,5.8,6,6.2,6.5
MG,3106200,Belo Horizonte,31000132,EE GUIMARAES ROSA,Estadual,,,,,,,72.8,70.2,74.1,61,87.4,0.719743,75.2,74.7,86.1,71,72.5,0.756445,66.4,72.7,72.9,52.4,65.3,0.646512,86.1,83.9,93.1,81.8,86.4,0.860972,77.7,79.4,76.9,71.3,84.9,0.778177,79.4,83.6,84.7,80.8,68.8,0.789278,85.5,92.9,73.2,92.2,82.8,0.844795,88.6,94.1,87.2,87.8,85.9,0.88641,72.9,83.6,86.8,77.1,54.3,0.729011,,,,246.26,232.56,4.647,234.06,230.01,4.401167,240.33,248.23,4.809333,255.4,257.78,5.219667,245.52,230.77,4.604833,,,,237.2,242.04,4.654,,,,,,,,3.3,3.3,3.1,4.5,3.6,,3.9,,,,3.4,3.6,4,4.3,4.6,4.8,5.1
MG,3106200,Belo Horizonte,31000191,EE CAIO NELSON DE SENA,Estadual,78.6,88,80.5,81.1,64.7,0.775609,79.1,80.4,94.4,73.8,67.6,0.778603,76,70.7,75.3,78.8,79,0.757962,77.2,81.7,78.3,86,62.2,0.758778,89,94.5,94.7,81.3,88.7,0.894539,68.3,78.4,70.4,49,77.5,0.663669,81.8,79.8,72.6,83.5,90.4,0.810645,91.4,89.5,92.5,88.6,93.9,0.910741,100,100,100,100,100,1,82.4,74,90,74.3,89.9,0.812892,250.61,232.76,4.722831,255.41,249.25,5.077667,261.6,253.18,5.246333,259.5,265.08,5.409667,258.64,263.77,5.3735,245.1,244.91,4.8335,,,,268.27,259.02,5.454833,,,,,,,3.7,4,4,4.1,4.8,3.2,,5,,,3.7,3.8,4.1,4.5,4.9,5.2,5.4,5.7
MG,3106200,Belo Horizonte,31002593,ESCOLA MUNICIPAL BELO HORIZONTE,Municipal,73.8,,77.4,73.5,70.1,0.735462,,,,,,,86.6,61.2,93.1,94.1,87,0.812971,76.6,68,75.7,80.3,80,0.756584,79.4,75.4,76.6,78.2,89.9,0.796359,88.9,85,78.4,95.2,95.6,0.879425,80.4,78.4,85.1,81.3,75,0.797775,94,91.8,93.4,94,100,0.94701,100,100,100,100,100,1,83.8,85.6,84.6,91.5,73.1,0.831403,203.11,184.49,3.126691,,,,222.2,199.36,3.692667,268.45,260.49,5.482333,257.57,245.32,5.048167,257.26,258.71,5.266167,,,,234.48,238.88,4.556,,,,246.41,243.16,4.826167,2.3,,3,4.1,4,4.6,,4.3,,4,2.3,2.5,2.7,3.1,3.5,3.7,4,4.3
MG,3106200,Belo Horizonte,31258377,ESCOLA DE EDUCACAO BASICA E PROFISSIONAL DA UFMG - CENTRO PEDAGOGICO,Federal,91.8,97.6,89.6,87.3,92.3,0.915424,87.9,97.6,82.6,83.5,,0.87391,91.5,96.7,86.7,93.9,88.4,0.912468,81.2,88.9,87.2,80.5,74.1,0.822468,84.6,91.6,85.3,75.9,81.5,0.831851,100,100,100,100,100,1,98.8,98.1,100,98.6,98.4,0.987697,94.6,93.6,100,90.6,95,0.946799,93.8,93.8,88.2,100,93,0.935639,97.7,95.7,97.8,97.6,100,0.977513,294.92,270.52,6.090621,301.9,276.47,6.306167,297.43,284.02,6.3575,329.77,296.4,7.102833,328.25,303.3,7.1925,320.85,291.74,6.8765,337.7,317.35,7.584167,327.04,306.22,7.221,,,,315.05,302.83,6.964667,5.6,5.5,5.8,5.8,6,6.9,7.5,6.8,,6.8,5.6,5.7,6,6.3,6.6,6.8,7,7.2
SP,3509502,Campinas,35018107,FRANCISCO BARRETO LEME,Estadual,,,,,,,91.1,96,97,95.3,77.4,0.906228,92.4,96.3,95.4,98,81.5,0.922926,86,96.1,93,95.7,66.7,0.858363,93.1,98.5,94.4,97.5,83.8,0.931639,94.8,92.7,95.6,96.2,94.2,0.946556,100,100,100,100,100,1,98.2,97.1,100,97.8,97.7,0.981378,99.2,100,100,96.3,100,0.990486,98.6,96.4,100,100,96.9,0.982961,,,,266.84,250.43,5.287833,255.18,245.15,5.0055,256.28,250.43,5.111833,252.6,255.48,5.134667,262.33,265.77,5.468333,261.16,257.03,5.303167,262.06,260.04,5.368333,265.79,266.25,5.534,269.46,278.97,5.807167,,4.8,4.6,4.4,4.8,5.2,5.3,5.3,5.5,5.7,,4.9,5.1,5.4,5.7,5.9,6.2,6.4
SP,3509502,Campinas,35018119,CECILIA PEREIRA PROFESSORA,Estadual,,,,,,,82.6,80,84.5,83.4,82.1,0.824657,82.9,86,82,85,79.7,0.831,77.9,72,90.5,84.1,64.9,0.765733,88.8,90.1,97.4,88.4,83.5,0.895777,91.8,94.6,92.1,91.1,89.7,0.918404,88.2,97.1,88,97.4,73.9,0.879874,91.8,100,92.5,95,80.4,0.913765,99.5,100,100,98.2,100,0.995438,96.8,95.8,100,98,92.7,0.965484,,,,213.54,197.9,3.524,220.82,216.8,3.960333,240.44,243.21,4.7275,221.36,224.96,4.105333,242.47,239.72,4.703167,,,,,,,,,,248.18,258.49,5.111167,,2.9,3.3,3.6,3.7,4.3,,,,4.9,,3,3.2,3.5,3.9,4.1,4.4,4.7
SP,3509502,Campinas,35018156,AUREA ANUNCIACAO AMERICO DE GODOI PROFESSORA,Estadual,,,,,,,82.5,75,91.8,83.9,76.6,0.813002,86.7,95.7,89.5,88.5,73.5,0.859709,89.3,93.3,93,87.3,83.1,0.889695,89.6,94.4,93.7,95.9,78.7,0.900909,88.8,82.4,96.2,92.3,84.1,0.883865,87,94.7,92.2,84.8,78.4,0.870451,96.5,93.3,98.1,96.9,97.9,0.965106,96.4,100,95.1,93.3,96.8,0.962373,92.8,94.6,91.1,96.9,88.7,0.927178,,,,247.94,234.3,4.704,245.7,248.37,4.901167,260.66,250.58,5.187333,264.44,255.45,5.3315,256.13,252.61,5.145667,,,,254.88,260.74,5.260333,253.94,266.98,5.348667,246.07,249.67,4.929,,3.8,4.2,4.6,4.8,4.5,,5.1,5.1,4.6,,3.9,4.1,4.5,4.8,5.1,5.3,5.6
SP,3509502,Campinas,35018272,THOMAS ALVES DOUTOR,Estadual,,,,,,,77.9,86.9,83.2,83.3,61.6,0.772719,89.6,93.2,90.4,98.1,78.3,0.893722,82.4,81.2,86.2,91.5,68.3,0.808302,87.6,93.2,91.8,85.9,81.3,0.877878,83.4,82.8,93.8,90.6,72.6,0.841221,87.1,87.8,89.8,87,81.3,0.863562,93.7,94.2,97.8,100,80.9,0.925892,93.5,90.8,97.4,98.1,89.8,0.938754,95.1,96.8,97.1,92.6,93.5,0.949587,,,,251.13,231.94,4.717833,248.6,247.58,4.936333,250.34,250.84,5.019667,247.39,246.22,4.8935,235.78,228.77,4.409167,,,,,,,,,,236.35,236.93,4.554667,,3.6,4.4,4.1,4.3,3.7,,,,4.3,,3.7,3.9,4.3,4.6,4.9,5.1,5.4
SP,3509502,Campinas,35018302,CARLOS GOMES,Estadual,,,,,,,,,,,,,,,,,,,,,,,,,,,,,,,,,,,,,88.6,90.4,90,85.4,88.2,0.884554,95.9,97.3,92.9,100,91.8,0.953857,98.4,97.3,96.5,100,100,0.984247,92.5,96.4,91.5,94.4,90,0.930087,,,,,,,,,,,,,,,,,,,,,,279.95,269.57,5.825333,280.1,284.3,6.073333,259.74,272.9,5.544,,,,,,,,5.6,6,5.2,,,,,,,,5.8
SP,3509502,Campinas,35058932,CIRO EXEL MAGRO PROF EMEF,Municipal,,,,,,,85.3,95.1,73.8,82.6,90.7,0.847506,88.3,90.7,82.7,88.5,92.7,0.884874,79.6,96.1,64.9,,,0.774769,,,,,,,,,,,,,,,,,,,,,,,,,,,,,,,,,,,,,,,,231.19,241.14,4.538833,252.97,260.48,5.224167,,,,,,,,,,,,,,,,,,,,,,,3.8,4.6,,,,,,,,,3.9,4.1,4.5,4.8,5.1,5.3,5.6
SP,3550308,São Paulo,35000024,GAVIAO PEIXOTO BRIGADEIRO,Estadual,,,,,,,85.5,79.1,86.2,88.5,87.8,0.852295,78.1,76.2,75.3,78.4,85,0.785494,83.9,80.9,84.1,88.2,81.4,0.835519,86.4,95.6,89.2,88.4,77.5,0.871717,86.5,97.3,88.1,88.6,80.9,0.883473,92.2,95.6,98.8,96.1,78.6,0.915119,88.8,95.9,95.6,76.7,88.8,0.885213,99.6,100,100,98.4,100,0.995951,98.2,99.2,99.2,100,93.2,0.978213,,,,252.48,243.5,4.933,240.71,237.95,4.644333,245.85,246.2,4.8675,223.85,223.11,4.116,236.9,238.07,4.582833,,,,252.25,249.37,5.027,255.45,259.75,5.253333,251.04,262.57,5.226833,,4.2,3.6,4.1,3.6,4,,4.4,5.2,5.1,,4.3,4.5,4.8,5.2,5.4,5.6,5.9
SP,3550308,São Paulo,35000048,WALFREDO ARANTES CALDAS PROFESSOR,Estadual,,,,,,,77.9,68,82.5,85.7,79.4,0.78293,83.1,86.1,82.5,87.1,76,0.826881,87.1,96.8,89.3,79.9,81.9,0.864782,85.4,,,77.7,90.4,0.835703,,,,,,,,,,,,,,,,,,,,,,,,,,,,,,,,,,241.11,232.97,4.568,223.17,217.8,4.016167,227.57,225.94,4.225167,230.47,227.44,4.2985,,,,,,,,,,,,,,,,,3.6,3.3,3.7,3.6,,,,,,,3.7,3.9,4.2,4.6,4.8,5.1,5.3
SP,3550308,São Paulo,35000309,BENEDITO TOLOSA PROFESSOR,Estadual,,,,,,,93.6,96.8,96.8,95.4,85.4,0.933425,95.2,97.3,94.1,95.2,94.2,0.951828,95.6,98.5,96.3,94.9,93,0.956329,96.3,98.5,100,97.4,91.6,0.967674,97.8,100,96.2,100,95.8,0.97959,97.4,94,100,97.7,98,0.973762,96.7,98.2,100,98.4,90.9,0.967422,99.5,100,100,98.1,100,0.995181,96.7,96.9,97.8,97.8,92.6,0.962257,,,,244.12,238.47,4.709833,245.18,247.75,4.882167,251.58,243.27,4.914167,243.79,242.38,4.7695,265.01,262.73,5.462333,245.17,241.98,4.785833,254.14,254.3,5.140667,260.22,269.48,5.495,,,,,4.4,4.6,4.7,4.6,5.4,4.7,5,5.5,,,4.5,4.7,5,5.3,5.6,5.8,6
SP,3550308,São Paulo,35000371,ANTONIO JOSE LEITE PROF,Estadual,,,,,,,82.3,83.7,92.8,84.3,69.6,0.817102,91,94.6,95,90.4,81.5,0.900312,95.2,97.6,98.7,94.6,89.5,0.949631,90.7,96,93.4,94,86.5,0.923312,93.6,98.7,92.7,97.2,88.6,0.941311,89.7,87.8,95.1,90.6,85,0.894714,93.7,91.4,93.2,96.9,92.4,0.934297,94.2,90,92,98.6,94.9,0.937645,95.4,98.5,97.1,94.9,90.9,0.95262,,,,232.9,224.03,4.282167,243.34,255.75,4.984833,254.48,255.93,5.1735,251.17,260.49,5.194333,,,,245.05,250.16,4.920167,261.25,268.13,5.489667,251.59,256,5.1265,250.89,252.69,5.059667,,3.5,4.5,4.9,4.8,,4.4,5.1,4.8,4.8,,3.6,3.8,4.1,4.5,4.7,5,5.2
SP,3550308,São Paulo,35000693,RITA BICUDO PEREIRA PROFA,Estadual,,,,,,,84.9,88.8,85.1,84.4,81.2,0.847893,87.6,92.8,88.2,89.3,81.4,0.877252,95.3,99.2,96.9,96.2,87.4,0.947032,89,91.7,92.6,90.7,82.5,0.891845,88.5,94.1,91.5,88.1,84.4,0.893754,83.7,83.3,81.9,90.5,80.7,0.839347,93,90.7,94.3,92.3,94.5,0.929237,91.5,92,88,97.8,88.8,0.914925,91.6,92.8,93.8,85.7,92.7,0.911308,,,,232.14,226.43,4.3095,238.95,246.16,4.751833,221.34,221.24,4.043,236.83,234.64,4.5245,241.53,239,4.6755,,,,250.73,253.89,5.077,,,,241.01,238.62,4.6605,,3.7,4.2,3.8,4,4.2,,4.7,,4.2,,3.7,4,4.3,4.6,4.9,5.1,5.4
SP,3550308,São Paulo,35054082,EMEFM LINNEU PRESTES PROF,Municipal,97.3,97,97.4,98.5,96.1,0.972424,88,95,90.3,88.1,78.7,0.876084,90.2,94.5,96.9,93,78,0.899379,88,97.8,99,92,74.6,0.896854,86.6,94.2,92.9,91.3,75.9,0.878964,85.5,100,,93.3,73.1,0.872144,94.4,95,93.4,94.6,,0.943284,88.2,88.7,90,89.2,85.9,0.884227,97.4,100,93.5,98.3,97.1,0.971657,97.5,100,100,96.7,93.8,0.975556,250.97,238.81,4.82976,245.09,233.51,4.643333,242.26,243.88,4.769,233.22,230.71,4.398833,240.8,239.97,4.6795,248.49,240.95,4.824,,,,253.21,258.3,5.191833,284.47,278.79,6.054333,258.37,253.07,5.190667,4.7,4.1,4.3,3.9,4.1,4.2,,4.6,5.9,5.1,4.7,4.9,5.1,5.5,5.9,6.1,6.3,6.5
SP,3553807,Taquarituba,35014540,JOSE PENNA,Estadual,,,,,,,92.8,96.7,97.8,97.5,79.9,0.922972,91.8,99.2,98.2,94.2,80.5,0.923745,91.4,95.2,98.1,93.8,80.5,0.913634,97,97.4,98.8,95.2,96.5,0.969573,92.7,100,96.2,89.7,89.9,0.937498,94,98.8,100,89.7,88.8,0.940491,99,100,99,98.6,97.8,0.988437,99,100,100,97.3,98.9,0.990376,98.7,100,99,98.8,96.7,0.986103,,,,264.65,246.99,5.194,271.75,264.65,5.606667,261.59,255.6,5.2865,269.19,255.46,5.410833,271.83,265.41,5.620667,264.76,264.77,5.492167,,,,275.47,264.48,5.665833,269.57,271.1,5.677833,,4.8,5.2,4.8,5.2,5.3,5.2,,5.6,5.6,,4.9,5.1,5.4,5.7,5.9,6.2,6.4
SP,3553807,Taquarituba,35049888,JOSE APARECIDO CASTELUCCI PROFESSOR,Estadual,,,,,,,,,,,,,,,,,,,,,,,,,97.3,100,100,94.4,96,0.975375,,,,,,,100,100,100,100,100,1,100,100,100,100,100,1,100,100,100,100,100,1,100,100,100,100,100,1,,,,,,,,,,,,,241.49,216.05,4.292333,,,,298.51,286.01,6.408667,271.83,263.4,5.587167,273.97,274.28,5.804167,,,,,,,,4.2,,6.4,5.6,5.8,,,,,,4.4,4.7,4.9,5.2
SP,3553807,Taquarituba,35900424,DIMAS MOZART E SILVA PROFESSOR,Estadual,,,,,,,80.4,89.3,89.2,81.3,63.6,0.793141,87.6,96,90.4,86.2,71.4,0.849525,99.7,100,100,100,98.8,0.996973,96.7,98.7,97.3,94.3,96.6,0.966986,99,97.8,98.4,100,99,0.987933,96.9,100,98.2,95.2,92.6,0.964166,99,100,100,97.8,98.2,0.989897,99.6,100,100,100,98.4,0.995951,98.2,100,100,94.1,98.5,0.98089,,,,233.81,211.4,4.086833,231.7,222.25,4.2325,241.78,239.34,4.685333,252.16,245.33,4.958167,254.99,244.47,4.991,265.05,268.13,5.553,273.43,269.43,5.714333,271.33,264.16,5.5915,271.16,267.97,5.652167,,3.2,3.6,4.7,4.8,4.9,5.4,5.7,5.6,5.5,,3.3,3.5,3.9,4.2,4.5,4.7,5
SP,3553807,Taquarituba,35910119,GUIDO DIAS DE ALMEIDA PROFESSOR,Estadual,,,,,,,92.6,94.4,98.6,96.4,81.2,0.921151,91.2,95.3,90.6,91.3,86.6,0.908452,95,96.9,98,95.5,88,0.944313,95.6,100,96.6,95.7,91,0.95716,96.4,98.3,97.6,94.4,95.5,0.964244,96.5,96.6,100,90.9,97.4,0.961076,100,100,100,100,100,1,99.6,100,98.3,100,100,0.995695,98.7,98.8,100,98.4,98,0.987944,,,,255.62,236.66,4.871333,279.95,257.95,5.631667,273.97,254.88,5.480833,239.79,239.23,4.650333,262.34,249.11,5.190833,263.68,264.24,5.465333,266.67,266.66,5.5555,272.21,270.22,5.707167,280.55,267.08,5.793833,,4.5,5.1,5.2,4.5,5,5.3,5.6,5.7,5.7,,4.6,4.8,5.1,5.4,5.7,5.9,6.1
SP,3553807,Taquarituba,35924088,JOSE PIRES DE CARVALHO DOUTOR,Estadual,,,,,,,85.7,95.8,88.5,81.7,73.6,0.84096,85.5,87.1,87.8,87.1,78.8,0.850304,97,100,98.5,98.1,90.2,0.965427,91.4,91.2,96.2,95.5,83.9,0.914284,95.9,96.3,96.9,93.3,97.7,0.960208,95.4,100,94.1,86.7,96.3,0.940176,98.9,100,98,98,100,0.989899,99.4,100,100,100,97.7,0.994149,98.5,100,95.7,100,98,0.983927,,,,225.32,218.49,4.0635,240.03,236.86,4.614833,227.35,222.28,4.1605,245.53,240.75,4.771333,263.44,248.75,5.203167,,,,283.25,279.69,6.049,258.84,261.82,5.344333,262.55,274.89,5.624,,3.4,3.9,4,4.4,5,,6,5.3,5.5,,3.5,3.7,4.1,4.4,4.7,4.9,5.2
SP,3554102,Taubaté,35014278,ANTONIO MAGALHAES BASTOS,Estadual,,,,,,,79.8,91.2,75.8,81.4,72.1,0.795036,85,87.1,88.6,89.8,71.9,0.836614,89.4,97.2,,93.1,75.9,0.877079,,,,,,,79.2,,,,79.2,0.792,,,,,,,,,,,,,,,,,,,,,,,,,,,,243.01,217.21,4.337,238.22,235.46,4.561333,239.77,228.71,4.474667,,,,257.61,249.37,5.116333,,,,,,,,,,,,,,3.4,3.8,3.9,,4.1,,,,,,3.5,3.7,4.1,4.4,4.7,4.9,5.2
SP,3554102,Taubaté,35039664,JOSE MARCONDES DE MATTOS DOUTOR,Estadual,,,,,,,95.2,,97.6,,93,0.952445,89.4,96.4,90.9,,83.7,0.900307,85.2,89.3,87.1,79.3,85.2,0.850581,85.9,,85,78.9,92,0.849653,,,,,,,,,,,,,,,,,,,,,,,,,,,,,,,,,,241.69,228.55,4.504,248.56,248.03,4.943167,247.52,252.04,4.992667,237.57,224.11,4.361333,,,,,,,,,,,,,,,,,4.3,4.5,4.2,3.7,,,,,,,4.4,4.6,4.9,5.2,5.5,5.7,6
SP,3554102,Taubaté,35060215,AVEDIS VICTOR NAHAS DR EMIEF,Municipal,,,,,,,90.8,82.4,93.2,93.7,98.1,0.914671,93.1,92.8,92.5,90.5,98.1,0.933923,90.3,90.7,92.3,88.9,89.2,0.902548,94.8,92.7,91,96.8,98.8,0.947227,94.8,93.5,94.7,95.8,95.5,0.948666,89.6,88.2,88.4,89.7,92.6,0.896911,99.7,100,100,98.6,100,0.996463,100,100,100,100,100,1,99.7,100,100,100,98.6,0.996463,,,,252.87,251.35,5.070333,247.34,246.21,4.8925,239.44,247.58,4.783667,253.15,243.65,4.946667,248.89,240.62,4.825167,262.4,262.68,5.418,257.29,267.46,5.4125,,,,228.67,231.67,4.339,,4.6,4.6,4.3,4.7,4.6,4.9,5.4,,4.3,,4.7,4.9,5.3,5.6,5.8,6,6.2
SP,3554102,Taubaté,35229573,JOAQUIM FRANCA VEREADOR EMEFM,Municipal,,,,,,,96.6,95.7,98.4,93.2,98.9,0.964954,93.2,86,91.7,97,99.1,0.931681,93,88,93.1,91.7,100,0.930018,87.8,79.1,82,92,96.6,0.868454,87.9,90,84.9,93.8,85.1,0.882972,93.2,92.6,90,92.6,97.9,0.931882,95.8,96.8,91.4,98.5,97.3,0.959203,100,100,100,100,100,1,100,100,100,100,100,1,,,,261.12,250.92,5.200667,255.41,255.65,5.184333,253.32,238.96,4.871333,270.68,263.52,5.57,267.12,267.59,5.5785,266.92,273.69,5.676833,256.99,255.31,5.205,,,,238.54,235.39,4.5655,,5,4.8,4.5,4.8,4.9,5.3,5,,4.6,,5.1,5.3,5.6,5.9,6.1,6.3,6.5
SP,3554102,Taubaté,35277685,EMILIO AMADEI BERINGHS EMIEFM,Municipal,,,,,,,87.7,80.3,90.7,86.4,100,0.887848,94.1,93.4,94.3,95.6,93.3,0.94141,90.7,92.4,87,92,91.4,0.906469,78.3,78.8,80.6,73.6,80.6,0.782914,85.3,80.6,88.9,87.3,84.1,0.851047,93,93.9,90.5,95.5,92.2,0.929875,96.3,98.8,93.5,97.3,95.5,0.96234,99.3,100,98.8,98.6,100,0.993457,99.6,100,98.6,100,100,0.996463,,,,253.49,241,4.908167,250.73,234.79,4.758667,265.3,250.07,5.256167,248.93,240.62,4.825833,262.65,253.87,5.275333,251.72,249.97,5.028167,263.42,262.74,5.436,,,,248.57,241.9,4.841167,,4.4,4.5,4.8,3.8,4.5,4.7,5.2,,4.8,,4.4,4.7,5,5.3,5.5,5.8,6
SP,3554102,Taubaté,35457197,ANNA DOS R SIGNORINI PROFA EMIEFM,Municipal,,,,,,,,,,,,,,,,,,,,,,,,,83.5,89.3,75.5,83.9,84.1,0.828967,90.5,87.9,89.9,91.8,94.9,0.910525,93.6,93.5,90.7,92.8,98.6,0.938122,97.8,98.7,98.1,96.7,98,0.978695,99.8,100,99.3,100,100,0.998241,99.3,100,98.6,98.6,100,0.992951,,,,,,,,,,,,,262.97,255.9,5.3145,251.01,250.42,5.023833,293.21,292.84,6.434167,293.35,283.4,6.279167,,,,255.8,253.13,5.148833,,,,,4.4,4.6,6,6.1,,5.1,,,,,4.7,4.9,5.1,5.4
SP,3554102,Taubaté,35659538,JOSE MARCONDES DE MOURA PROF EMEIEFM,Municipal,,,,,,,,,,,,,95.7,92.7,94.9,100,96.6,0.959765,96.3,94.9,95.5,95.6,100,0.964579,87.8,85.3,84.6,86.7,94.4,0.875831,89.4,93.5,82.6,86.2,93.3,0.88651,90.5,86.2,87,88.9,100,0.902043,98.8,100,100,95.7,100,0.988892,99,100,100,100,96.2,0.990221,100,100,100,100,100,1,,,,,,,241.52,256,4.958667,229.6,219.12,4.145333,240.87,230.52,4.523167,242.01,230.94,4.549167,233,257.28,4.838,263.39,266.17,5.492667,,,,,,,,,4.8,4,4,4,4.4,5.4,,,,,4.9,5.2,5.5,5.7,6,6.2
SP,3555406,Ubatuba,35011162,FLORENTINA MARTINS SANCHEZ PROFESSORA,Estadual,,,,,,,95.3,98.6,97.3,97.7,82.7,0.935743,96.7,97.9,98.6,96.9,94.4,0.969236,94.7,95.9,97.9,94.7,87.9,0.939447,99.7,100,100,99.2,100,0.997988,97.3,97.4,100,94.7,97.8,0.974385,96.5,97.7,98,100,87.2,0.954486,98.6,100,98.5,100,95.8,0.985447,98.2,98.3,97.8,100,97.1,0.982884,96.4,100,98.3,90.9,95.7,0.960999,,,,223.7,219.63,4.0555,230.79,240.33,4.518667,226.72,220.11,4.113833,232.22,240.76,4.549667,236.76,222.39,4.319167,232.58,230.07,4.3775,255.57,257.03,5.21,262.55,257.5,5.334167,239.96,259.55,4.991833,,3.8,4.4,3.9,4.5,4.2,4.2,5.1,5.2,4.8,,3.9,4.1,4.4,4.8,5,5.3,5.5
SP,3555406,Ubatuba,35011186,SEMIRAMIS PRADO DE OLIVEIRA PROFESSORA,Estadual,,,,,,,86.1,96.2,91.1,93.7,70.7,0.866015,95.2,96.8,98.9,95.8,87.1,0.944259,86.7,92.1,91.1,90,72.7,0.856513,94.6,97.8,98.5,94.1,89.6,0.948655,86.1,72,95.9,97.3,86.1,0.865645,99.7,100,100,98.4,100,0.995951,98.6,98.8,98.8,100,96.7,0.985606,97.5,98.2,98.5,97.6,96.1,0.975912,98.2,97.2,100,100,95.5,0.981372,,,,241.44,226.46,4.465,239.39,251.15,4.842333,247.63,233.07,4.678333,243.45,236.72,4.6695,261.27,251.67,5.215667,,,,,,,258.4,243.87,5.037833,242.75,245.37,4.802,,3.9,4.6,4,4.4,4.5,,,4.9,4.7,,4,4.2,4.5,4.8,5.1,5.3,5.6
SP,3555406,Ubatuba,35011198,AUREA MOREIRA RACHOU PROFESSORA,Estadual,,,,,,,82.6,92,89.7,86,59.7,0.793711,89.2,92.5,89.4,90.6,84.7,0.892053,94.8,96.6,97,91.7,93.2,0.945716,95.4,99.1,95.5,98.1,88.9,0.952284,97.9,97.6,98.5,98.9,96.8,0.979432,96.4,98.7,98.1,92.6,94.5,0.959082,97.1,97.6,100,97.5,94.3,0.973076,99.3,100,100,98.9,98.1,0.992435,88,95.9,92.6,89.1,74.2,0.870946,,,,234.36,227.63,4.3665,232,229.16,4.352667,240.48,237.82,4.638333,238.76,237.51,4.6045,241.59,234.84,4.607167,260.18,252.2,5.206333,247.33,247.7,4.917167,250.99,252.08,5.051167,244.3,253.03,4.9555,,3.5,3.9,4.4,4.4,4.5,5,4.8,5,4.3,,3.6,3.8,4.1,4.4,4.7,5,5.2
SP,3555406,Ubatuba,35011216,DEOLINDO DE OLIVEIRA SANTOS CAPITAO,Estadual,,,,,,,91.5,,97.4,90.9,69,0.838908,75.7,,,,75.7,0.757,,,,,,,95.4,93.5,96.8,95.9,94.1,0.950564,89.6,,,97.4,81.6,0.888027,,,,,,,,,,,,,,,,,,,,,,,,,,,,225.39,223.5,4.148167,257.13,259.2,5.272167,,,,255.69,254.22,5.165167,267.2,279.15,5.7725,,,,,,,,,,,,,,3.5,4,,4.9,5.1,,,,,,3.6,3.8,4.1,4.5,4.7,5,5.2
SP,3555406,Ubatuba,35038751,SUELI APARECIDA FIGUEIRA DOS SANTOS PROFESSORA,Estadual,,,,,,,87.1,93.2,91.3,86.3,76.1,0.861872,97.2,100,96.9,98.4,94.3,0.973545,96.2,98.4,97,95.7,93.3,0.960631,97.6,100,97.5,100,94.4,0.979201,94,100,84.8,97.1,90.9,0.928242,97.9,98.1,100,100,89.7,0.96754,100,100,100,100,100,1,96.2,98.4,97.1,95.2,94.4,0.962494,99.6,100,100,100,98.4,0.995951,,,,234.91,225.74,4.344167,242.49,228.36,4.514167,236.09,231.69,4.463,235.13,223.41,4.309,244.27,240.74,4.750167,262.6,258.99,5.359833,267.62,256.05,5.3945,248.37,252.37,5.012333,229.35,242.62,4.532833,,3.7,4.4,4.3,4.2,4.4,5.2,5.4,4.8,4.5,,3.8,4,4.4,4.7,5,5.2,5.5
SP,3555406,Ubatuba,35038763,DIONISIA BUENO VELLOSO PROFESSORA,Estadual,,,,,,,84.7,88.9,90.8,80.3,78,0.841474,86.9,90.8,91.7,93.2,75.9,0.872921,94.8,94.7,95.6,93.8,95,0.947705,97.8,96.6,97.6,97.4,98.6,0.975448,97.3,97.9,98.4,93.8,98.1,0.970126,95.6,91.5,95,100,96.6,0.956772,98.5,97.6,98.9,100,97.4,0.984638,99.3,97.3,100,100,100,0.99311,96.9,96.7,97.1,98.7,95.5,0.969865,,,,234.72,226.78,4.358333,230.24,227.01,4.2875,229.87,227.99,4.297667,235.03,231.77,4.446667,244.01,233.91,4.632,,,,246.04,249.66,4.928333,238.3,236.61,4.581833,237.32,244.14,4.691,,3.7,3.7,4.1,4.3,4.5,,4.9,4.6,4.5,,3.8,4,4.3,4.6,4.9,5.2,5.4
SP,3555406,Ubatuba,35045123,IDALINA DO AMARAL GRACA,Estadual,,,,,,,90.1,92.9,94.4,92.2,77.3,0.88613,93.1,95.4,91.2,95.2,90.9,0.931264,95.1,100,94.8,96.1,89.3,0.948934,99.8,100,100,100,99.1,0.997735,100,100,100,100,100,1,99.7,100,100,98.8,100,0.996973,99.7,100,98.9,100,100,0.997227,99.5,98,100,100,100,0.994924,98.5,97.6,100,100,96.4,0.984752,,,,236.14,218.25,4.239833,228.87,223.68,4.209167,219.36,219.88,3.987333,227.75,221.56,4.155167,240.4,239.2,4.66,235.81,223.62,4.323833,239.96,233.65,4.560167,235.55,233.34,4.4815,252.26,256.33,5.143167,,3.8,3.9,3.8,4.1,4.7,4.3,4.5,4.5,5.1,,3.8,4.1,4.4,4.7,5,5.2,5.5
SP,3555406,Ubatuba,35046747,MARIA ALICE ALVES PEREIRA,Estadual,,,,,,,80.9,91.9,82.6,82.6,67,0.799683,89.3,87.9,93.6,91.3,84.3,0.891353,87.6,88.5,87.3,92,82.9,0.875533,92.4,93.1,92.2,93.2,91.1,0.923922,96.1,97.1,97.8,97.8,93.1,0.964095,94.6,94.8,98.1,98.9,84,0.935493,98.6,99,99,99,97.3,0.985695,100,100,100,100,100,1,96.9,96.8,98.6,100,93.5,0.971634,,,,239.6,224.18,4.396333,229.59,235.7,4.4215,242.61,230.88,4.558167,250.32,238.47,4.813167,250.43,242.99,4.890333,242.81,251.36,4.902833,264.17,253.73,5.298333,255.8,256.87,5.211167,250.02,258.53,5.1425,,3.5,3.9,4,4.4,4.7,4.6,5.2,5.2,5,,3.6,3.8,4.2,4.5,4.8,5,5.3
SP,3555406,Ubatuba,35047824,AURELINA FERREIRA PROFESSORA,Estadual,,,,,,,84.8,90.8,88.7,84.3,73.9,0.838902,93.2,98.4,99.2,92.5,84.7,0.933262,88.6,95.2,92.3,81.9,83.5,0.878648,94.9,96.5,97.4,92.6,93.2,0.948803,95.3,97.1,96.6,97.5,91.9,0.957203,98.5,99.1,99,97.8,97.7,0.983957,98.4,98.2,100,98.2,96.8,0.982869,99,96.1,100,100,99.1,0.987736,99.7,100,100,98.8,100,0.996973,,,,230.61,218.55,4.152667,222.42,216.78,3.986667,235.58,225.37,4.349167,244.24,241.57,4.7635,241.62,230.48,4.535,238.29,239.16,4.624167,264.64,257.01,5.360833,244.72,245.02,4.829,231.61,237.4,4.4835,,3.5,3.7,3.8,4.5,4.3,4.5,5.3,4.8,4.5,,3.6,3.8,4.1,4.5,4.7,5,5.2
SP,3555406,Ubatuba,35201820,JOSE BELARMINO SOBRINHO EM,Municipal,88.7,88.4,89.4,83.3,94.7,0.887659,91.4,93.9,89.5,93.1,89.3,0.914032,88.2,95.7,76.7,95.1,84.5,0.872663,91.6,97,84.9,92.8,92.9,0.916843,95.9,97.4,91.7,98.5,96.4,0.959283,92.5,100,84.4,89.7,94.3,0.917409,91.3,92.6,85.4,94.1,92.1,0.909225,97.4,98,95,100,97.4,0.975673,94.7,95.7,98.3,92,92.3,0.945044,98.6,98.6,98.2,97.4,100,0.98541,221.07,221.62,4.044918,217,206.63,3.727167,214.99,197.15,3.535667,218.9,219.01,3.965167,252.72,237.75,4.841167,236.42,233.1,4.492,220.9,224.25,4.085833,,,,,,,237.5,235.89,4.5565,3.6,3.4,3.1,3.6,4.6,4.1,3.7,,,4.5,3.6,3.8,4,4.4,4.8,5.1,5.3,5.6
PR,4106902,Curitiba,41127013,ALBERT SCHWEITZER E M EF,Municipal,89.5,84.4,89.3,93.3,95,0.903118,89.8,85.8,90.7,91.7,92.8,0.901686,81.9,78.9,77.8,81.5,93.6,0.825058,89.8,87.7,87.1,93.1,92,0.898992,89.8,90.1,89.4,88.3,92.3,0.900015,96.4,94.7,93.6,99.5,99.4,0.967257,99.2,98.8,99.2,98.8,100,0.991976,97.7,98.3,95.3,98,99.1,0.976538,100,100,100,100,100,1,99.8,,100,100,99.3,0.997656,252.96,225.86,4.647156,268.62,245.01,5.227167,267.27,261.64,5.481833,266.06,262.11,5.4695,262.69,258.15,5.347333,278.51,271.13,5.827333,,,,262.97,252.46,5.257167,,,,269.58,265.13,5.5785,4.2,4.7,4.5,4.9,4.8,5.6,,5.1,,5.6,4.2,4.4,4.6,5,5.4,5.6,5.9,6.1
PR,4106902,Curitiba,41127021,ALCYONE M C VELLOZO C E PROF EF M PROFI,Estadual,,,,,,,81.8,85.8,82.2,81.4,75.1,0.809372,69.9,66,59.8,73.5,80.5,0.690826,87.1,86.2,86.6,85.3,91.2,0.872667,80.5,76.2,72.1,87.2,89.5,0.805898,83.2,82.1,78,82.9,92.2,0.834908,81.2,78.8,82.8,78.7,84.4,0.810989,89,87.9,87.3,88.9,92.2,0.890355,99.4,100,97.9,100,100,0.994666,100,100,100,100,100,1,,,,242.8,225.25,4.4675,254.71,258.31,5.217,259.05,249.64,5.144833,241.87,233.78,4.594167,255.32,251.59,5.115167,,,,267.61,259.25,5.447667,254.12,256.14,5.171,261.26,267.13,5.473167,,3.6,3.6,4.5,3.7,4.3,,4.9,5.1,5.5,,3.7,3.9,4.3,4.6,4.9,5.1,5.4
PR,4106902,Curitiba,41127200,ANGELO TREVISAN C E EF M PROFIS,Estadual,,,,,,,,,,,,,,,,,,,97,94.4,100,94.9,100,0.972511,95.6,95.6,94.3,98.8,93.7,0.9556,97.1,96.6,98.5,93.2,100,0.970076,98.5,96.3,99.1,100,98.5,0.984559,98.7,96.8,100,98.2,100,0.987316,100,100,100,100,100,1,98.8,97.4,100,100,98,0.988361,,,,,,,,,,296.78,278.88,6.261,300.28,288.94,6.487,292.6,294.85,6.4575,300.77,302.72,6.724833,309.57,298.24,6.796833,283.16,288.41,6.192833,291.21,284.86,6.267833,,,,6.1,6.2,6.3,6.6,6.7,6.2,6.2,,,,6.3,6.5,6.7,6.9,7
PR,4106902,Curitiba,41127218,ANGELO VOLPATO C E EF M,Estadual,81.6,68.1,78.7,88.3,97.6,0.816965,88.3,91.8,81.1,90.6,90.8,0.883501,74.7,70.7,74.7,74.3,81.5,0.751032,77,82.8,73.3,71.4,80.5,0.76705,76.7,71.3,88.5,81.4,67.6,0.763321,82.8,84.5,75,88.1,83.1,0.823858,81.9,91.5,79.4,77.6,78.2,0.813045,90.1,93.9,92.3,83,91.8,0.900388,96.2,89.2,96.3,97.8,100,0.956482,99.4,98.2,100,100,100,0.995438,258.91,241.98,5.014895,249.87,235.14,4.750167,249.07,244.35,4.890333,260.15,257.09,5.287333,254.96,241.12,4.934667,258.67,270.11,5.479667,,,,271.4,262.26,5.561,237.68,230.21,4.464833,261.93,261.03,5.382667,4.1,4.2,3.7,4.1,3.8,4.5,,5,4.3,5.4,4.1,4.3,4.5,4.9,5.3,5.6,5.8,6
PR,4106902,Curitiba,41127382,ATTICO EUSEBIO DA ROCHA C E D EF M PROF,Estadual,,,,,,,85.4,83.3,85.6,89,83.2,0.852111,73.5,67.6,71.3,73.8,82,0.733092,72.4,63.8,70.1,76.5,81.6,0.723771,70.7,78,67.4,64.9,72.4,0.703262,62.2,67.7,64.6,63.6,50.7,0.608846,73.1,63.8,70,70.1,90.3,0.723337,72.9,70.2,69,78.4,75,0.729578,97.3,98.4,93,100,97,0.970295,100,100,100,100,100,1,,,,266.69,255.02,5.361833,254.58,247.85,5.0405,265.07,267.99,5.551,255.45,250.02,5.091167,263.21,260.67,5.398,269.66,273.97,5.727167,282.82,274.77,5.959833,261.06,269.05,5.501833,257.91,262.76,5.3445,,4.6,3.7,4,3.6,3.3,4.1,4.3,5.3,5.3,,4.7,4.9,5.2,5.5,5.7,6,6.2
PR,4106902,Curitiba,41128052,CARRAO C E CONS EF M,Estadual,62.4,66.3,55.9,60.1,69.4,0.624803,86.3,87.2,82.1,83.9,94.9,0.867594,73.9,67.9,71.2,76.9,79.5,0.735903,77.9,76.9,85.8,71.7,77,0.7753,84.1,84.1,82.9,90.3,78.4,0.837124,81.1,84,79.3,82.2,78.4,0.809133,83.6,80.7,81.6,86.9,85.1,0.834989,79.5,76.1,73.2,92.1,77.8,0.791875,99.1,98.8,99,100,98.3,0.990212,100,100,100,100,100,1,261.78,239.21,5.016469,242.76,226.52,4.488,251.27,253.74,5.0835,247.95,248.81,4.946,239.08,234.35,4.557167,249.58,245.36,4.915667,235.22,247.15,4.706167,250.89,243.36,4.904167,256.22,262.23,5.3075,248.92,263.55,5.207833,3.1,3.9,3.7,3.8,3.8,4,3.9,3.9,5.3,5.2,3.2,3.4,3.7,4.1,4.5,4.8,5,5.3
PR,4106902,Curitiba,41131215,COLEGIO MILITAR DE CURITIBA,Federal,,,,,,,,,,,,,92.6,91.6,93.7,92.5,92.6,0.92594,95.4,90.5,99,98.5,93.4,0.952162,90.6,91.8,91.6,93,86.1,0.905441,97.5,100,99.2,97.7,93.9,0.976427,98.3,94.6,100,100,97.8,0.980494,95.1,93.6,97.4,100,89.7,0.950142,99.4,98.8,99.2,100,99.3,0.993231,98.8,100,97.5,97.6,100,0.987598,,,,,,,341.33,302.65,7.399667,337.67,305.94,7.3935,335.66,295.08,7.179,354.55,316.51,7.851,345.98,322.5,7.808,340.68,311.6,7.538,335.98,314.54,7.508667,342.87,316.24,7.651833,,,6.9,7,6.5,7.7,7.7,7.2,7.5,7.6,,,7,7.1,7.3,7.5,7.6,7.8
RS,4316808,Santa Cruz do Sul,43119956,ESC EST ENS MED ERNESTO ALVES DE OLIVEIRA,Estadual,82.1,82.3,73.3,89.4,82.8,0.815391,89.2,88.2,84.5,92.7,92.3,0.892979,90.2,95.6,85.3,92.2,88.2,0.901562,86,88.5,78.9,86.2,90.2,0.857245,80.8,88.5,75.8,71.9,83.9,0.794925,92.9,87.7,94.7,96.4,94.4,0.931775,86.2,92.8,86.6,81.7,84.1,0.861072,91.4,94.5,88.6,97.3,84.9,0.910648,100,100,100,100,100,1,96.2,96.7,96.9,93.9,97.1,0.96132,286.53,239.04,5.42619,284.22,264.88,5.818333,297.47,271.6,6.151167,296.21,274.89,6.185,282.61,273.94,5.9425,293.99,282.64,6.277167,283.8,282.19,6.099833,299.96,294.75,6.5785,304.82,301.82,6.777333,301.8,283.24,6.417333,4.4,5.2,5.5,5.3,4.7,5.8,5.3,6,6.8,6.2,4.5,4.6,4.9,5.3,5.6,5.8,6.1,6.3
RS,4316808,Santa Cruz do Sul,43120318,EMEF DONA LEOPOLDINA,Municipal,,,,,,,,,,,,,,,,,,,,,,,,,,,,,,,,,,,,,89.1,90.9,88.2,93.3,80,0.878019,91.8,88.2,100,77.8,100,0.905155,89.8,77.8,91.3,94.4,93.1,0.886118,88.7,100,81.3,72.2,100,0.866729,,,,,,,,,,,,,,,,,,,287.25,281.99,6.154,308.93,282.5,6.523833,289.09,263.48,5.876167,278.27,248.26,5.442167,,,,,,,5.4,5.9,5.2,4.7,,,,,,,5.6,5.9
RS,4316808,Santa Cruz do Sul,43172210,EMEF SANTUARIO,Municipal,,,,,,,63.3,58.7,52.9,78.9,94.1,0.675212,55.6,49.1,53.8,57.9,83.3,0.586253,62.1,50.9,57.5,65.5,100,0.642005,72.9,68.2,79.5,69.6,73.9,0.725413,75.6,80,64.9,71.4,94.4,0.761801,78.3,79.6,66.7,88,81.3,0.780959,82.9,77.8,81.3,87.9,84.6,0.827293,81.9,66.7,88,90.9,94.7,0.834779,87.1,81.8,83.9,91.7,100,0.887922,,,,270.32,253.87,5.403167,,,,,,,259.77,248.02,5.129833,267.94,264.99,5.548833,,,,,,,260.35,276.14,5.608167,253.48,258.77,5.204167,,3.6,,,3.7,4.2,,,4.7,4.6,,3.7,3.9,4.3,4.6,4.9,5.1,5.4
RS,4316907,Santa Maria,43122043,ESC EST ENS MED DR WALTER JOBIM,Estadual,80.8,86,72.9,81.9,83.1,0.80663,82,71.7,82.9,83,90.9,0.815344,73,83,67.3,45.8,92.3,0.671419,81.9,87.5,75.5,84.3,78.3,0.811237,81.3,87.8,89.5,72.5,75,0.805005,72.5,66.7,73,76.3,74.2,0.723663,68.5,81.3,43.3,63,90.9,0.642375,72.2,73.7,67.6,85.7,61.5,0.710603,96.2,100,100,92,93.3,0.961823,91.6,100,88.9,68.8,100,0.873678,250.02,236.51,4.775506,231.17,222.91,4.234667,264.06,247.99,5.200833,254.61,242.22,4.947167,,,,241.12,234.89,4.600167,,,,245.93,248.79,4.912,,,,,,,3.9,3.5,3.5,4,,3.3,,3.5,,,3.9,4,4.3,4.7,5.1,5.3,5.6,5.8
RS,4316907,Santa Maria,43122051,EMEF PROFESSORA MARIA DE LOURDES BANDEIRA MEDINA,Municipal,,,,,,,,,,,,,,,,,,,,,,,,,,,,,,,,,,,,,89.9,95,76.5,88.9,100,0.891925,,,,,,,,,,,,,96.1,95.5,88.9,100,100,0.958777,,,,,,,,,,,,,,,,,,,289.64,290.98,6.343667,,,,,,,255.86,257.6,5.224333,,,,,,,5.7,,,5,,,,,,,5.9,6.1
RS,4316907,Santa Maria,43123120,ESC EST ENS MED PRINCESA ISABEL,Estadual,,,,,,,,,,,,,66.1,,58.5,,81,0.679355,,,,,,,,,,,,,,,,,,,,,,,,,,,,,,,,,,,,,,,,,,,,,,,,,251.73,228.02,4.6625,,,,,,,,,,,,,,,,,,,,,,,,3.2,,,,,,,,,,3.3,3.6,3.9,4.2,4.5,4.7
RS,4316907,Santa Maria,43123180,ESC EST ENS MED MARECHAL HUMBERTO DE ALENCAR CASTELO BRANCO,Estadual,87.7,84.4,81.1,91,94.4,0.874106,82.8,86.6,74.2,100,76.9,0.832842,77.1,81.8,77.6,79.7,64.1,0.751044,81.5,78.1,84.3,78.5,88.2,0.820627,85.9,81.3,81.8,81.7,96.8,0.849337,85.5,90,77.6,90.6,85.2,0.855207,,,,,,,92.2,91.1,93,91.2,93.2,0.921146,97,97.8,94.2,100,96,0.969525,99.5,100,100,98.1,100,0.995181,244.62,235.65,4.67111,231.69,220.55,4.204,264.58,246.93,5.191833,272.2,248.6,5.346667,244.52,237.73,4.704167,253.86,254.69,5.1425,,,,239.49,246.97,4.774333,,,,,,,4.1,3.5,3.9,4.4,4,4.4,,4.4,,,4.1,4.3,4.5,4.9,5.3,5.5,5.8,6
RS,4316907,Santa Maria,43123260,ESC BASICA EST CICERO BARRETO,Estadual,64,73.6,72.6,54.3,53.7,0.621125,60.8,64.3,71.2,48.4,65.4,0.610233,56.7,55.3,69.8,65.9,42.7,0.563352,64.2,78.9,61.7,70,51.3,0.638359,56.2,58,60,76.3,36,0.534817,60.6,69.4,68.3,45.7,56.7,0.583354,,,,,,,,,,,,,89.7,91.3,95,90,83.3,0.896959,94.6,96,90,100,92.9,0.945804,257.25,241.72,4.98285,244.61,236.02,4.677167,252.64,252.97,5.0935,253,254.58,5.126333,232.32,235.44,4.462667,221.46,229.63,4.184833,,,,,,,,,,,,,3.1,2.9,2.9,3.3,2.4,2.4,,,,,3.1,3.3,3.6,4.1,4.5,4.7,5,5.3
RS,4316907,Santa Maria,43123279,ESC EST ENS MED DOM ANTONIO REIS,Estadual,,,,,,,78.3,80.5,82.4,66.6,78.6,0.764878,51,50.7,65.5,45.3,34.5,0.464837,65.5,75,64,48.3,64,0.612677,68.3,66.7,74.4,65.8,60,0.663376,61.3,50,65.5,50,80.8,0.591336,,,,,,,,,,,,,90.3,100,83.3,82.4,100,0.906193,,,,,,,,,,241.63,221.58,4.386833,244.48,234.84,4.655333,225.47,234.69,4.336,,,,251.57,234.36,4.7655,,,,,,,,,,,,,,3.4,2.2,2.7,,2.8,,,,,,3.4,3.7,4,4.3,4.6,4.9,5.1
RS,4316907,Santa Maria,43184790,COLEGIO MILITAR DE SANTA MARIA,Federal,96.9,96.2,96.8,94.8,99.2,0.967241,95.2,90.2,95.4,97.3,96.9,0.94863,94.4,94.9,92.7,95.4,94.9,0.944633,90.4,94.4,94.4,85.8,88.2,0.905401,94.8,90.1,94.7,97.5,95.1,0.942727,96.4,98.7,95.6,95.5,96.5,0.96558,94.9,93.5,92.4,96.8,96.3,0.947138,98.9,98.9,99.1,97.1,100,0.987637,99.8,100,99,100,100,0.997481,96.5,97.5,95.2,95.3,98.2,0.965319,304.85,268.05,6.215037,316.6,293.54,6.835667,352.19,309.97,7.702667,341.79,307.4,7.4865,348,317.58,7.759667,339.08,315.29,7.572833,346.43,330.03,7.941,332.1,316.07,7.4695,318.21,301.27,6.991333,340.09,321.09,7.686333,6,6.5,7.3,6.8,7.3,7.3,7.5,7.4,7,7.4,6,6.2,6.4,6.7,6.9,7.1,7.3,7.4
MT,5107040,Primavera do Leste,51046946,CME CARLOS DRUMMOND DE ANDRADE,Municipal,,,,,,,,,,,,,84.7,77.8,87.5,85.7,86.4,0.841667,90.4,76.5,100,91.2,95.8,0.899377,91.7,80.5,95.8,96,100,0.924269,85.9,81.3,78.3,90,95.8,0.857982,78.5,77.1,100,64,76.9,0.775208,100,100,100,100,100,1,90.8,91.3,92,88,92,0.907942,,,,,,,,,,,,,239.13,250.06,4.819833,265.07,253.12,5.303167,233.36,252.95,4.771833,260.3,252.54,5.214,245.23,261.88,5.1185,,,,,,,,,,,,4.1,4.8,4.4,4.5,4,,,,,,4.2,4.5,4.8,5.1,5.3,5.6
MT,5107040,Primavera do Leste,51047101,EE CAMPO VILA UNIAO,Estadual,,,,,,,,,,,,,,,,,,,,,,,,,,,,,,,,,,,,,,,,,,,96.6,93.8,91.7,100,100,0.962323,,,,,,,100,100,100,100,100,1,,,,,,,,,,,,,,,,,,,,,,267.67,256,5.3945,,,,232.21,240.85,4.551,,,,,,,,5.2,,4.6,,,,,,,,5.4
MT,5107040,Primavera do Leste,51047110,EE MONTEIRO LOBATO,Estadual,37.4,39.7,33.3,24.1,50,0.342722,89.2,76.1,97.1,89.7,100,0.897112,71.5,48,89.7,95.2,60,0.676219,97.2,88.5,100,100,100,0.968536,100,100,100,100,100,1,96.8,100,96.8,100,92.6,0.972533,99.3,100,100,96.3,100,0.990486,89.4,100,90.8,84.7,84.5,0.895778,96.9,98.1,96.2,98.2,95,0.968563,100,100,100,100,100,1,271.92,240.21,5.202208,260.32,240.8,5.018667,248.73,234.59,4.722,261.94,254.93,5.281167,261.33,251.19,5.208667,261.33,253.49,5.247,,,,252.12,250.51,5.043833,,,,258.27,262,5.337833,1.8,4.5,3.2,5.1,5.2,5.1,,4.5,,5.3,2,2.6,3.2,4,4.6,4.9,5.1,5.4
MT,5107040,Primavera do Leste,51066963,ESCOLA ESTADUAL PROFESSORA MARIA SEBASTIANA DE SOUZA,Estadual,,,,,,,,,,,,,,,,,,,,,,,,,,,,,,,90.1,100,100,100,67.5,0.892562,99.3,99.3,,,,0.993,93.8,90.8,98.7,90.1,100,0.946887,,,,,,,,,,,,,,,,,,,,,,,,,,,,237.99,222.3,4.338167,,,,250.39,243.1,4.8915,,,,,,,,,,,,3.9,,4.6,,,,,,,,4.1,4.4,4.6
MT,5107040,Primavera do Leste,51070120,EEDIEB GETULIO DORNELLES VARGAS,Estadual,,,,,,,,,,,,,,,,,,,,,,,,,,,,,,,,,,,,,,,,,,,,,,,,,98.9,,96.2,100,100,0.987004,99,100,100,98.9,98.3,0.992946,,,,,,,,,,,,,,,,,,,,,,,,,,,,239.84,242.83,4.711167,,,,,,,,,,4.7,,,,,,,,
MT,5107040,Primavera do Leste,51143801,EE CREMILDA DE OLIVEIRA VIANA,Estadual,,,,,,,,,,,,,93,,95.5,96.4,85,0.919981,99.2,100,100,100,97.7,0.994149,100,100,100,100,100,1,97.2,100,100,100,89.5,0.971506,95.9,100,99,97.9,87.4,0.957919,86.5,87.8,93.2,83.5,81.8,0.863556,91,95.5,93.9,89,85.8,0.908847,99.6,100,100,99.4,99.3,0.996739,,,,,,,242.99,242.65,4.760667,248.35,239.38,4.7955,243.46,248.12,4.859667,243.82,246.01,4.8305,238.89,244.95,4.730667,258.75,256.37,5.252,,,,243.46,247.76,4.853667,,,4.4,4.8,4.9,4.7,4.5,4.5,,4.8,,,4.5,4.8,5.1,5.4,5.6,5.9
