SG_UF,CO_MUNICIPIO,NO_MUNICIPIO,ID_ESCOLA,NO_ESCOLA,REDE,VL_APROVACAO_2005_SI_4,VL_APROVACAO_2005_SI,VL_APROVACAO_2005_1,VL_APROVACAO_2005_2,VL_APROVACAO_2005_3,VL_APROVACAO_2005_4,VL_INDICADOR_REND_2005,VL_APROVACAO_2007_SI_4,VL_APROVACAO_2007_SI,VL_APROVACAO_2007_1,VL_APROVACAO_2007_2,VL_APROVACAO_2007_3,VL_APROVACAO_2007_4,VL_INDICADOR_REND_2007,VL_APROVACAO_2009_SI_4,VL_APROVACAO_2009_SI,VL_APROVACAO_2009_1,VL_APROVACAO_2009_2,VL_APROVACAO_2009_3,VL_APROVACAO_2009_4,VL_INDICADOR_REND_2009,VL_APROVACAO_2011_SI_4,VL_APROVACAO_2011_SI,VL_APROVACAO_2011_1,VL_APROVACAO_2011_2,VL_APROVACAO_2011_3,VL_APROVACAO_2011_4,VL_INDICADOR_REND_2011,VL_APROVACAO_2013_SI_4,VL_APROVACAO_2013_SI,VL_APROVACAO_2013_1,VL_APROVACAO_2013_2,VL_APROVACAO_2013_3,VL_APROVACAO_2013_4,VL_INDICADOR_REND_2013,VL_APROVACAO_2015_SI_4,VL_APROVACAO_2015_SI,VL_APROVACAO_2015_1,VL_APROVACAO_2015_2,VL_APROVACAO_2015_3,VL_APROVACAO_2015_4,VL_INDICADOR_REND_2015,VL_APROVACAO_2017_SI_4,VL_APROVACAO_2017_SI,VL_APROVACAO_2017_1,VL_APROVACAO_2017_2,VL_APROVACAO_2017_3,VL_APROVACAO_2017_4,VL_INDICADOR_REND_2017,VL_APROVACAO_2019_SI_4,VL_APROVACAO_2019_SI,VL_APROVACAO_2019_1,VL_APROVACAO_2019_2,VL_APROVACAO_2019_3,VL_APROVACAO_2019_4,VL_INDICADOR_REND_2019,VL_APROVACAO_2021_SI_4,VL_APROVACAO_2021_SI,VL_APROVACAO_2021_1,VL_APROVACAO_2021_2,VL_APROVACAO_2021_3,VL_APROVACAO_2021_4,VL_INDICADOR_REND_2021,VL_APROVACAO_2023_SI_4,VL_APROVACAO_2023_SI,VL_APROVACAO_2023_1,VL_APROVACAO_2023_2,VL_APROVACAO_2023_3,VL_APROVACAO_2023_4,VL_INDICADOR_REND_2023,VL_NOTA_MATEMATICA_2005,VL_NOTA_PORTUGUES_2005,VL_NOTA_MEDIA_2005,VL_NOTA_MATEMATICA_2007,VL_NOTA_PORTUGUES_2007,VL_NOTA_MEDIA_2007,VL_NOTA_MATEMATICA_2009,VL_NOTA_PORTUGUES_2009,VL_NOTA_MEDIA_2009,VL_NOTA_MATEMATICA_2011,VL_NOTA_PORTUGUES_2011,VL_NOTA_MEDIA_2011,VL_NOTA_MATEMATICA_2013,VL_NOTA_PORTUGUES_2013,VL_NOTA_MEDIA_2013,VL_NOTA_MATEMATICA_2015,VL_NOTA_PORTUGUES_2015,VL_NOTA_MEDIA_2015,VL_NOTA_MATEMATICA_2017,VL_NOTA_PORTUGUES_2017,VL_NOTA_MEDIA_2017,VL_NOTA_MATEMATICA_2019,VL_NOTA_PORTUGUES_2019,VL_NOTA_MEDIA_2019,VL_NOTA_MATEMATICA_2021,VL_NOTA_PORTUGUES_2021,VL_NOTA_MEDIA_2021,VL_NOTA_MATEMATICA_2023,VL_NOTA_PORTUGUES_2023,VL_NOTA_MEDIA_2023,VL_OBSERVADO_2005,VL_OBSERVADO_2007,VL_OBSERVADO_2009,VL_OBSERVADO_2011,VL_OBSERVADO_2013,VL_OBSERVADO_2015,VL_OBSERVADO_2017,VL_OBSERVADO_2019,VL_OBSERVADO_2021,VL_OBSERVADO_2023,VL_PROJECAO_2007,VL_PROJECAO_2009,VL_PROJECAO_2011,VL_PROJECAO_2013,VL_PROJECAO_2015,VL_PROJECAO_2017,VL_PROJECAO_2019,VL_PROJECAO_2021
RO,1100015,Alta Floresta D'Oeste,11024372,EMEIEF ANA NERY,Municipal,,,,,,,,,,,,,,,,,,,,,,,,,,,,,,,,,,,,,,,,,,,,,,,,,,,,,,,,,93.3,83.3,100,100,84.6,100,0.928934,,,,,,,,,,,,,,,,,,,,,,,,,,,,,,,,,,,,,,,,,,,,,,,,,,,,,,,
RO,1100015,Alta Floresta D'Oeste,11024666,EMEIEF BOA ESPERANCA,Municipal,,,,,,,,,,,,,,,,,,,,,,,,,,,,,,,,,,,,97.9,100,100,100,100,90,0.978261,97.4,100,100,100,94.1,95.8,0.979136,86.9,92.9,100,100,77.3,72.2,0.86879,98.5,100,100,100,100,94.4,0.988275,93,100,100,81.8,50,93.3,0.794369,,,,,,,,,,,,,,,,209.26,193.66,5.478655,224.05,191.78,5.726725,210.37,184.83,5.339293,,,,,,,,,,,,5.4,5.6,4.6,,,,,,,,5.6,5.9,6.1
RO,1100015,Alta Floresta D'Oeste,11024682,EEEFM EURIDICE LOPES PEDROSO,Estadual,93.1,,100,93.7,93,91,0.943084,92,100,100,87.9,93.6,92.2,0.945067,89,100,100,74.5,86.2,92.3,0.895127,92.6,100,97.7,81.6,92.2,93.3,0.924994,93.1,98,97.3,83,90.6,96.7,0.927497,94.7,100,98.8,86,91.1,98.8,0.946114,95.5,,,93.2,94,98.7,0.952392,94.4,,,,92.2,96.1,0.941096,100,,,,100,100,1,100,,,,,100,1,181.55,164.82,4.425578,185.03,166.87,4.52916,202.34,174.8,5.003685,211.93,173.05,5.154882,219.46,201.27,5.811675,227.07,210.35,6.121995,256.25,244.34,7.296865,245.12,223.45,6.704643,216.53,206.92,5.858486,244.1,222.33,6.664813,4.2,4.3,4.5,4.8,5.4,5.8,6.9,6.3,5.9,6.7,4.2,4.6,5,5.3,5.5,5.8,6.1,6.3
RO,1100015,Alta Floresta D'Oeste,11024828,EMEIEF IZIDORO STEDILE,Municipal,,,,,,,,,,,,,,,84.4,96,85.7,25,79.4,88,0.581102,91.2,96.4,83.9,96.2,85.7,100,0.919861,85.7,94.7,68,85.3,88.2,95.8,0.850844,97.8,100,100,100,96,92.9,0.976926,94.3,100,100,100,88.6,90,0.954239,95.9,100,100,100,83.3,95.5,0.952816,100,100,100,100,100,100,1,91.2,100,92.3,100,90.9,81.3,0.923609,,,,,,,194.63,157.09,4.534548,,,,,,,208.37,177.01,5.158943,202.24,183.98,5.168686,194.74,158.06,4.554283,168.75,157.99,4.057018,175.9,166.45,4.347287,,,2.6,,,5,4.9,4.3,4.1,4,,,3.2,3.5,3.8,4.1,4.4,4.7
RO,1100015,Alta Floresta D'Oeste,11024968,EEEMTI JUSCELINO KUBITSCHEK DE OLIVEIRA,Estadual,89.4,,100,82.9,88.1,90.1,0.898629,94.3,,100,80,94,98.4,0.923768,93.4,95.8,100,58.8,95,98.3,0.859927,85.6,100,100,81.4,83.3,75,0.867707,93.1,,100,100,98.1,84.7,0.95238,91.6,,,,93.1,90.9,0.919868,,,,,,,,,,,,,,,,,,,,,,,,,,,,,198.77,177.66,4.9876,204.11,180.41,5.139464,211.58,188.54,5.429839,209.4,173.47,5.114236,233.84,213.73,6.312648,236.2,218.29,6.440595,,,,,,,,,,,,,4.5,4.7,4.7,4.4,6,5.9,,,,,4.5,4.9,5.3,5.5,5.8,6.1,6.3,6.6
RO,1100015,Alta Floresta D'Oeste,11025077,EMEIEF MARIA DE SOUZA PEGO,Municipal,,,,,,,,,,,,,,,,,,,,,,,,,,,,,,,,,,,,,,,,,,,85.9,100,70,100,81.8,87.5,0.862973,90.2,100,100,100,72.7,80,0.888807,67.5,100,100,75,50,38.5,0.630459,,,,,,,,,,,,,,,,,,,,,,,,,,201,195.11,5.347385,180.18,173.45,4.556239,169.64,170.73,4.305639,,,,,,,,,,4.6,4,2.7,,,,,,,,4.9,5.2
RO,1100015,Alta Floresta D'Oeste,11025280,EMEIEF PADRE FEIJO,Municipal,,,,,,,,,,,,,,,,,,,,,,,,,,,,,,,,,,,,,,,,,,,,,,,,,,95.2,83.3,100,100,92.3,100,0.94627,,,,,,,,,,,,,,,,,,,,,,,,,,,,,,,,,,,,215.88,189.63,5.531718,,,,,,,,,,,,,,5.2,,,,,,,,,,5.5
RO,1100015,Alta Floresta D'Oeste,11025310,EMEIEF PEDRO ALEIXO,Municipal,,,,,,,,,,,,,,,93.5,100,90.9,100,100,87,0.952465,86.6,100,76.5,85.7,90,88.9,0.875653,88.4,100,81.3,85.7,77.8,92.3,0.867206,,,,,,,,94.1,100,95,100,90,90,0.947894,98.2,100,100,100,92.6,100,0.984269,100,100,100,100,100,100,1,93.7,100,100,95,85.7,85.7,0.928272,,,,,,,176.77,156.38,4.180799,,,,,,,,,,206.46,192.9,5.411402,199.12,199.65,5.394053,,,,162.94,163.69,4.049777,,,4,,,,5.1,5.3,,3.8,,,4.3,4.5,4.8,5.1,5.4,5.7
RO,1100015,Alta Floresta D'Oeste,11025352,EMEIEF POTY,Municipal,,,,,,,,,,,,,,,,,,,,,,,,,,,,,,,,,,,,,,,,,,,90,100,100,100,70.8,87.5,0.900044,89.5,85.7,100,88.9,80,95,0.893759,96.9,100,100,100,93.8,95.2,0.977227,,,,,,,,,,,,,,,,,,,,,,,,,,191.87,187.44,5.033694,195.96,194.87,5.246838,173.13,162.14,4.21606,,,,,,,,,,4.5,4.7,4.1,,,,,,,,4.8,5.1
RO,1100015,Alta Floresta D'Oeste,11025620,EEEF TANCREDO DE ALMEIDA NEVES,Estadual,85.1,,100,76.1,81.9,90.9,0.862967,85.7,,,86.8,87.8,82.3,0.855653,84.3,100,100,76.9,78.1,80.6,0.858886,85.5,100,100,82.5,76.5,85.2,0.878269,87.8,100,100,65,90.4,90.5,0.869621,87.6,100,100,67.9,81.1,91.1,0.86155,89.6,,,91.9,87.2,93.2,0.906923,88.6,,,,87.5,90.1,0.88781,78.9,,,,,78.9,0.789,,,,,,,,181.64,164.47,4.420792,186.82,154.92,4.346047,190.44,172.88,4.741677,174.87,149.99,4.028357,215.35,194.61,5.612149,229.96,208.8,6.148966,222.38,214.3,6.10431,219.27,194.68,5.688231,180.69,163.78,4.390153,,,,3.8,3.7,4.1,3.5,4.9,5.3,5.5,5.1,3.5,,3.9,4.2,4.6,4.9,5.2,5.5,5.7,6
RO,1100015,Alta Floresta D'Oeste,11025638,COLEGIO TIRADENTES DA POLICIA MILITAR - CTPM XI,Estadual,81.7,,98.1,87.3,75.4,75.4,0.83033,85.4,100,100,81.9,84.5,81.7,0.888348,83.4,100,100,77.6,70,89,0.856043,84,100,96.3,73.8,75.5,84,0.846251,89.4,,97.9,87.8,84.4,92.5,0.903686,89.3,,,,87.2,91.7,0.893934,,,,,,,,,,,,,,,,,,,,,,,,,,,,,186.74,166.84,4.561247,192.87,173.04,4.79096,204.07,180.49,5.140155,198.37,181.02,5.041012,230.22,209.54,6.167382,233.01,208.48,6.201354,,,,,,,,,,,,,3.8,4.3,4.4,4.3,5.6,5.5,,,,,3.9,4.2,4.6,4.9,5.2,5.4,5.7,6
RO,1100015,Alta Floresta D'Oeste,11025654,EMEIEF FLORESTA ENCANTADA,Municipal,,,,,,,,,,,,,,,,,,,,,,,,,,,,,,,,,,,,,,,,,,,,,,,,,,,,,,,,,,,,,,,,96.8,98.4,100,95.2,94.7,96,0.968183,,,,,,,,,,,,,,,,,,,,,,,,,,,,223.92,217.28,6.187881,,,,,,,,,,6,,,,,,,,
RO,1100015,Alta Floresta D'Oeste,11047461,EMEIEF 17 DE JUNHO,Municipal,,,,,,,,,,,,,,,,,,,,,,,,,,,,,,,,,,,,,,,,,,,,,,,,,,,,,,,,,99.5,100,100,98.9,98.7,100,0.995165,89.6,100,100,69.2,78.9,94.6,0.866612,,,,,,,,,,,,,,,,,,,,,,,,,,,,194.86,195.09,5.229846,,,,,,,,,,4.5,,,,,,,,
RO,1100015,Alta Floresta D'Oeste,11050594,EMEF MARIOMA PEREIRA DA SILVA,Municipal,,,,,,,,,,,,,,,,,,,,,,,,,,,,,,,,,,,,,,,,,,,,,,,,,,,,,,,,,99.2,,100,100,100,98.4,0.995951,98.2,100,100,95.3,93.3,100,0.976347,,,,,,,,,,,,,,,,,,,,,,,,,,,,225.49,217,6.212752,,,,,,,,,,6.1,,,,,,,,
RO,1100205,Porto Velho,11000260,COLEGIO TIRADENTES DA POLICIA MILITAR - CTPM I,Estadual,92.1,,97.5,97.2,93,82.4,0.920957,94.5,,94.7,97.4,94,92.5,0.94617,93.5,100,91.5,98.5,96.6,86.9,0.944453,98.6,100,100,98.1,98.1,97.8,0.987902,97.9,100,100,97.2,97.5,94.4,0.977752,96.3,100,100,92.2,92.5,97.3,0.962755,97.5,100,100,95.7,96.7,95.7,0.975802,99.2,100,100,100,96.2,100,0.992162,100,100,100,100,100,100,1,99.4,100,100,100,100,97.6,0.995106,209.26,195.91,5.519604,212.74,198.82,5.638885,216.28,195.53,5.646625,221.94,207.15,5.965913,219.55,212.19,6.011938,223.66,223.34,6.293101,233.81,232.31,6.649894,252.38,246.88,7.269192,225.64,226.03,6.379796,241.38,234.25,6.829632,5.1,5.3,5.3,5.9,5.9,6.1,6.5,7.2,6.4,6.8,5.1,5.5,5.8,6.1,6.3,6.5,6.8,7
RO,1100205,Porto Velho,11000368,EMEIEF 13 DE MAIO,Municipal,,,,,,,,,,,,,,,82.8,100,72.6,75.9,80.7,88.5,0.824534,83.7,100,66.3,85.7,88.1,84.9,0.834991,89.6,100,95.1,81.7,83.6,85.1,0.885461,96.2,100,100,84,98.8,98.3,0.95787,97.1,100,97.8,94.4,95.7,100,0.975277,96.6,98.6,98.8,91.4,100,94.9,0.966337,98.4,100,100,100,93.5,100,0.986287,97.8,100,98.7,96.9,92.2,100,0.974704,,,,,,,185.6,166.07,4.525492,202.59,174.97,5.011547,203.97,178.7,5.105701,216.68,196.06,5.663895,234.58,216.58,6.378588,216.11,198.75,5.701926,,,,207.35,191.98,5.411659,,,3.7,4.2,4.5,5.4,6.2,5.5,,5.3,,,4,4.3,4.6,4.9,5.2,5.5
RO,1100205,Porto Velho,11000597,EEEFM BELA VISTA,Estadual,81.5,,71.4,81.1,85.2,90.8,0.81489,85.4,,69.3,88.8,88.5,98.5,0.848482,88.2,,60,90.7,93.9,91,0.810855,89.4,,,,78.8,96.2,0.86635,,,,,,,,,,,,,,,,,,,,,,,,,,,,,,,,,,,,,,,,,,,158.45,158.75,3.874175,167.74,157.43,4.027561,183.27,170.96,4.569935,194.25,188.64,5.100932,,,,,,,,,,,,,,,,,,,3.2,3.4,3.7,4.4,,,,,,,3.2,3.6,4,4.3,4.5,4.8,5.1,5.4
RO,1100205,Porto Velho,11000708,EEEFM CAP CLAUDIO MANOEL DA COSTA,Estadual,83.2,,73.3,88.1,82.1,84.2,0.815493,87.2,,,79,85.1,95.7,0.860624,86.3,,79.3,77.6,90,89.1,0.836271,85.1,,,83.3,91.4,81.7,0.852621,83.8,,,,75.4,91.7,0.82755,93.2,,,,84,96.8,0.899469,,,,,,,,,,,,,,,,,,,,,,,,,,,,,167.77,163.57,4.139856,180.55,168.28,4.4693,184.73,173.59,4.645616,184.11,171.53,4.59633,182.09,171.77,4.562144,198.96,203.27,5.456817,,,,,,,,,,,,,3.4,3.8,3.9,3.9,3.8,4.9,,,,,3.4,3.8,4.2,4.5,4.8,5.1,5.4,5.6
RO,1100205,Porto Velho,11000937,EEEFM DR OSWALDO PIANNA,Estadual,94.1,,,,,94.1,0.941,,,,,,,,,,,,,,,,,,,,,,,,,,,,,,,,,,,,,,,,,,,,,,,,,,,,,,,,,,,,,,,,169.14,152.22,3.959463,,,,,,,,,,,,,,,,,,,,,,,,,,,,3.7,,,,,,,,,,3.8,4.1,4.5,4.8,5.1,5.4,5.7,5.9
RO,1100205,Porto Velho,11048450,ESCOLA MARCELO CANDIA SUBSEDE I,Estadual,,,,,,,,81.6,,91.3,82.1,77.9,75.8,0.813624,85.6,100,86.8,86.3,87,78,0.870731,86.5,100,86.6,89.4,86,79.5,0.878124,91.7,98.8,100,96.7,94.1,71.4,0.907518,95.2,100,100,94.2,92.2,94.9,0.961555,96.4,100,98.8,95.7,96,94.6,0.969777,,,,,,,,,,,,,,,,,,,,,,,,,204.31,183.4,5.197644,210.97,186.26,5.376743,211.34,196.12,5.563077,207.67,195.16,5.475584,213.51,211.88,5.891035,221.72,224.21,6.271896,,,,,,,,,,,4.2,4.7,4.9,5,5.7,6.1,,,,,4.4,4.8,5,5.3,5.6,5.8,6.1
AC,1200401,Rio Branco,12011410,ESC COLEGIO DE APLICACAO UFAC,Federal,97.5,,96.8,100,93.1,100,0.973906,84.9,,90.6,92.9,75,81.5,0.843792,87.7,78.3,85.2,95.8,76.9,100,0.862801,94.1,100,88.9,100,90.3,93.3,0.942669,88.1,100,92.6,79.3,82.1,88.9,0.879688,92.1,100,96.3,93.1,78.1,96.4,0.920761,94.4,96,96,92,91.7,96.8,0.94449,96.9,100,92,95.8,96.4,100,0.967466,97.6,100,95.8,100,96,96.4,0.976019,100,100,100,100,100,100,1,203.88,201.25,5.514089,212.23,206.65,5.771516,239.81,227.45,6.676034,202.95,194.24,5.368781,226.24,213.81,6.169065,243.34,240.75,6.985219,227.81,235.12,6.586481,230.78,238.25,6.700069,243.19,246.04,7.078538,231.26,254.26,7.000321,5.4,4.9,5.8,5.1,5.4,6.4,6.2,6.5,6.9,7,5.4,5.7,6.1,6.3,6.5,6.8,7,7.2
AC,1200401,Rio Branco,12011681,ESC ISMAEL GOMES DE CARVALHO,Municipal,83.3,,74.6,77.6,92.5,97.1,0.843866,92.3,,82.6,93.1,96.5,99,0.923545,91.8,100,83.1,90.9,90.5,95,0.915569,96.2,100,96.7,94.2,93.1,97.2,0.961794,94.9,100,90,95.7,95.2,94,0.948714,94.5,99.2,85.1,93.9,98.1,97.4,0.944434,98.4,100,95.2,97.7,99.2,100,0.98386,99.3,100,97.7,99,100,100,0.993316,98.9,98.1,99.1,99.1,99.2,98.9,0.988784,99.3,100,100,97.3,99,100,0.992487,180.93,184.52,4.771718,190.79,182.97,4.931811,206.55,194.57,5.443483,194.26,173.32,4.822577,220.33,199.63,5.79846,215.79,202.18,5.758183,232.49,226.26,6.514703,230.7,219.85,6.363997,,,,221.32,215.22,6.100808,4,4.6,5,4.6,5.5,5.4,6.4,6.3,,6.1,4.1,4.4,4.8,5.1,5.4,5.7,5.9,6.2
AC,1200401,Rio Branco,12012823,ESC MAJOR JOAO CANCIO,Estadual,,,,,,,,,,,,,,,,,,,,,,,,,,,,,,,,,,,,,,,,,,,92.8,100,100,100,89.5,82.4,0.937926,,,,,,,,,,,,,,,98.8,100,94.7,100,100,100,0.988931,,,,,,,,,,,,,,,,,,,213.66,183.97,5.386443,,,,,,,201.48,189.39,5.252545,,,,,,,5.1,,,5.2,,,,,,,5.3,5.6
AC,1200401,Rio Branco,12013242,ESC PADRE CARLOS CASAVECCHIA,Estadual,82.5,,68.9,83.4,90,89.4,0.819656,,,,,,,,,,,,,,,,,,,,,,,,,,,,,,,,,,,,,,,,,,,,,,,,,,,,,,,,,,,,,,,,169.75,176.94,4.420665,,,,,,,,,,,,,,,,,,,,,,,,,,,,3.6,,,,,,,,,,3.7,4,4.4,4.7,5,5.3,5.6,5.9
AC,1200401,Rio Branco,12013595,ESC SAO PEDRO I,Estadual,,,,,,,,,,,,,,,,,,,,,,,,,,,,,,,,,,,,,,,,,,,97.9,100,100,95.7,93.8,100,0.978276,96.8,100,100,100,95.8,94.3,0.979569,,,,,,,,98,100,100,100,88.9,100,0.975637,,,,,,,,,,,,,,,,,,,178.46,169.27,4.447414,203.03,186.99,5.238489,,,,161.51,164.54,4.037941,,,,,,,4.4,5.1,,3.9,,,,,,,4.6,4.9
AC,1200401,Rio Branco,12014001,ESC SANTO ANTONIO II,Estadual,,,,,,,,,,,,,,,,,,,,,,75.2,68.2,61.5,57.1,95,95.8,0.720453,90.9,,75,92.6,100,100,0.906362,83.5,,100,73.3,86.7,81.3,0.842518,85.6,,84.6,86.4,71,100,0.842479,90.7,,100,100,88,80.8,0.914497,100,100,100,100,100,100,1,100,100,100,100,100,100,1,,,,,,,,,,156.29,150,3.673959,,,,174.2,173.55,4.443935,219.55,229.01,6.317756,171.64,165.88,4.255625,,,,175.63,167.45,4.360316,,,,2.6,,3.7,5.3,3.9,,4.4,,,,2.9,3.2,3.5,3.8,4.1
AC,1200401,Rio Branco,12014389,ESC INSTITUTO SAO JOSE,Estadual,,,,,,,,,,,,,,,95.3,95.8,94.1,96.7,91.2,100,0.954716,99.3,100,98,100,100,96.6,0.989001,99.5,100,100,100,100,98.5,0.996964,100,,100,100,100,100,1,99.3,100,97,100,98.6,100,0.991055,99.7,100,100,100,98.6,100,0.997168,99.8,100,98.6,100,100,100,0.997168,97.4,100,98.3,95.3,92.5,100,0.971309,,,,,,,225.7,212.2,6.129486,219.02,214.62,6.046006,221.36,216.27,6.120662,226.86,229.4,6.464351,253.12,247.88,7.301496,266,254.85,7.674025,239.25,249.06,7.058256,243.76,234.56,6.880688,,,5.9,6,6.1,6.5,7.2,7.7,7,6.7,,,6.1,6.3,6.5,6.8,7,7.2
AM,1302603,Manaus,13026577,COLEGIO MILITAR DA POLICIA MILITAR DO AMAZONAS,Estadual,93.2,,84.2,97.3,96.3,95.8,0.930739,93,100,95.5,91.1,94.6,89.4,0.939767,95.9,100,98.9,99.4,94.8,91.4,0.967848,93.6,100,92.7,94.9,89.5,94.1,0.941175,99.2,100,99.1,99.6,99.3,98.3,0.992567,97.6,100,97.7,98.2,97,95.9,0.977412,96.7,100,98.4,99.5,95,91.5,0.967715,97.6,100,98.5,97.1,95.8,97.9,0.9784,99.8,100,100,100,100,99.4,0.998794,97.7,,98.8,100,98,95.5,0.98047,211.91,210.74,5.839738,226.63,208.41,6.078325,237.82,223.8,6.571693,261.29,239.23,7.300139,251.38,242.71,7.17429,270.71,261.69,7.888274,264.65,252.37,7.603171,253.29,243.6,7.226922,243.42,238.84,6.952018,259.16,259.55,7.628945,5.4,5.7,6.4,6.9,7.1,7.7,7.4,7.1,6.9,7.5,5.5,5.8,6.1,6.4,6.6,6.8,7,7.2
AM,1302603,Manaus,13026828,EM DESEMBARGADOR CANDIDO HONORIO FERREIRA,Municipal,89.3,95.5,95.8,79.9,94.9,86.3,0.900087,,,,,,,,81.5,,76.5,77,86.9,85.7,0.81243,93.1,97.8,82.2,91.7,95.1,97.7,0.925135,92.6,100,84,88.7,99,100,0.938443,100,100,100,100,100,100,1,100,100,100,100,100,100,1,100,100,100,100,100,100,1,97.4,97.5,96.9,97.9,96.8,98,0.974175,100,100,100,100,100,100,1,177.66,180.18,4.630439,,,,228.98,202.1,6.008446,207.87,195.24,5.480856,221.78,206.54,5.951768,237.85,228.91,6.665175,251.18,237.47,7.075201,249.4,225.69,6.827049,224.28,219.18,6.229296,232.53,216.9,6.345285,4.2,,4.9,5.1,5.6,6.7,7.1,6.8,6.1,6.3,4.2,4.6,5,5.2,5.5,5.8,6.1,6.3
AM,1302603,Manaus,13027042,ESCOLA ESTADUAL 1º DE MAIO,Estadual,84.4,92.9,84.9,68.3,89.4,94.8,0.848632,87.4,98,82.1,79.2,90.8,90.8,0.876623,87.4,100,95.6,72.6,95.6,88.6,0.893156,93.6,97.2,89.2,91.8,97.8,92.9,0.936658,98.8,92.3,96.3,100,100,100,0.976211,97,,100,95,97.1,96.9,0.972174,,,,,,,,,,,,,,,,,,,,,,,,,,,,,176,180.98,4.613319,190.11,183.72,4.93247,207.4,194.13,5.451704,186.73,176.34,4.733784,221.84,217.09,6.144731,202.82,214.55,5.735573,,,,,,,,,,,,,3.9,4.3,4.9,4.4,6,5.6,,,,,4,4.3,4.7,5,5.3,5.6,5.8,6.1
AM,1302603,Manaus,13027158,ESCOLA ESTADUAL ANTONIO DA ENCARNACAO FILHO,Estadual,,,,,,,,,,,,,,,,,,,,,,93.9,,100,78.8,100,96.8,0.92978,,,,,,,,,,,,,,,,,,,,,,,,,,,,,,,,,,,,,,,,,,,,,,,,,,,,200.57,193.62,5.312088,,,,,,,,,,,,,,,,,,,,,,4.9,,,,,,,,,,5.2,5.5,5.7,6,6.2
AM,1302603,Manaus,13027255,ESCOLA ESTADUAL D MILTON CORREA PEREIRA,Estadual,84.2,100,94.7,70,87,83.2,0.856768,80.7,,97.1,42.9,100,83.8,0.720178,,,,,,,,,,,,,,,,,,,,,,,,,,,,,,,,,,,,,,,,,,,,,,,,,,,,,,,,,173.54,175.98,4.475535,187.19,175.91,4.734745,,,,,,,,,,,,,,,,,,,,,,,,,3.8,3.4,,,,,,,,,3.9,4.2,4.7,4.9,5.2,5.5,5.8,6
AM,1302603,Manaus,13027280,ESCOLA ESTADUAL DR JOSE MILTON BANDEIRA,Estadual,75.9,,96.3,47.8,82.9,72.2,0.699082,98.7,,,,,98.7,0.987,,,,,,,,,,,,,,,,,,,,,,,,,,,,,,,,,,,,,,,,,,,,,,,,,,,,,,,,,173.91,172.5,4.419262,195.5,172.88,4.838241,,,,,,,,,,,,,,,,,,,,,,,,,3.1,4.8,,,,,,,,,3.2,3.5,3.9,4.2,4.5,4.8,5.1,5.4
PA,1500800,Ananindeua,15035557,EEEFM RAINHA DA PAZ,Estadual,84.4,,70,61.7,100,100,0.792186,62.5,,26.9,53.5,72.6,86.8,0.492847,88.2,,,87.7,89.1,87.9,0.88229,96.4,,,,,96.4,0.964,,,,,,,,,,,,,,,,,,,,,,,,,,,,,,,,,,,,,,,,,,,169.03,163.55,4.163434,164.16,146.81,3.76615,172.43,155.7,4.085611,165.42,156.36,3.963832,,,,,,,,,,,,,,,,,,,3.3,1.9,3.6,3.8,,,,,,,3.4,3.7,4.1,4.4,4.7,5,5.3,5.6
PA,1501402,Belém,15037991,EEEFM CONEGO BATISTA CAMPOS,Estadual,76.5,,74.5,70.8,82.5,80.6,0.768119,46.8,,39.9,38,61.1,46,0.447006,81.3,,81.5,78.9,90,75,0.809903,98.2,100,92.6,100,100,98,0.98033,92.1,98.4,98.5,80,95.9,94.2,0.928365,80,93,85.5,59,95.1,77.8,0.796604,90.9,90.5,100,87.3,100,81,0.911574,82.2,88.9,100,59.6,97.7,79,0.820738,90.7,93.8,,72.4,93.1,97.8,0.880297,100,,,100,100,100,1,170.22,172.26,4.344466,169.69,154.72,4.015502,175.92,159.22,4.216214,162.7,150.14,3.798833,170.21,158.81,4.09979,185.65,172.87,4.650083,183.8,179.8,4.740777,180.25,170.1,4.496666,199.73,199.54,5.403694,186.21,186.78,4.913679,3.3,1.8,3.4,3.7,3.8,3.7,4.3,3.7,4.8,4.9,3.4,3.7,4.2,4.4,4.7,5,5.3,5.6
PA,1501402,Belém,15038688,ESCOLA DE APLICACAO DA UFPA,Federal,,,,,,,,96.6,,95.3,98.7,99,94.1,0.967284,97.7,,98.7,95.2,100,96.7,0.976153,97.2,100,100,98.7,100,90.4,0.976683,95.4,100,100,100,91.8,92.2,0.966385,95.9,100,100,83.3,98.4,96.2,0.95125,93.4,100,97.6,76.6,96.2,97.9,0.927467,95.9,100,94.5,96.8,97.3,92.8,0.962169,,,,,,,,97.8,97.7,100,100,96.6,95.7,0.979687,,,,195.87,192.49,5.201848,212,198.72,5.622945,224.2,219.46,6.232861,218.02,212.27,5.984194,211.94,227.03,6.136527,225.96,228.36,6.428266,238.58,234.71,6.784561,,,,213.02,222.48,6.074411,,5,5.5,6.1,5.8,5.8,6,6.5,,6,,5.2,5.5,5.8,6,6.3,6.5,6.7
PA,1501402,Belém,15038769,EEEFM BARAO DE IGARAPE MIRI,Estadual,65.8,,45.2,68.3,63.3,75.3,0.607504,,,,,,,,,,,,,,,,,,,,,,,,,,,,,,,,,,,,,,,,,,,,,,,,,,,,,,,,,,,,,,,,171.65,153.02,4.022114,,,,,,,,,,,,,,,,,,,,,,,,,,,,2.4,,,,,,,,,,2.5,3,3.4,3.7,4,4.3,4.6,4.9
PA,1501402,Belém,15039153,COLEGIO TENENTE REGO BARROS,Federal,96.7,,93.4,98.5,96.5,97.6,0.96461,99,,96.5,99,99.2,100,0.986574,98.8,93.5,98.3,100,100,99.1,0.981182,98.6,95.7,100,100,97.6,98.9,0.984127,96,98.1,98.9,97.1,98.3,89.9,0.963392,98.4,97,97.1,100,100,97.5,0.983007,99.7,,100,100,98.8,100,0.996973,100,,,100,100,100,1,,,,,,,,100,100,100,100,100,100,1,228.93,216.93,6.277233,213.55,208.71,5.834162,234.1,216.16,6.361792,234.08,208.07,6.214319,241.28,236.94,6.876633,237.5,239.72,6.855041,247.57,251.36,7.258853,253.43,240.68,7.176503,,,,247.68,248.39,7.206952,6.1,5.8,6.2,6.1,6.6,6.7,7.2,7.2,,7.2,6.1,6.4,6.7,6.9,7.1,7.3,7.5,7.6
PA,1501402,Belém,15039250,EEEFM PROFA HILDA VIEIRA,Estadual,76.4,,,75,71.9,79.7,0.753985,43.5,,35.5,47.2,53.2,41.3,0.433062,71.7,81.8,80.8,68.1,60.7,69.9,0.713612,,,,,,,,74.1,100,94.9,55.7,90.6,66.7,0.774944,76,84,83.9,64,76.6,77.9,0.765222,77.5,100,87.5,56,87.2,76.4,0.783176,86.4,93.3,90.5,70.7,97.5,86.7,0.866513,76.3,,,64.7,90.9,70.2,0.737063,100,,,,,100,1,174.89,170.61,4.403547,187.22,171.48,4.654772,173.61,159.32,4.173948,,,,171.07,167.02,4.265475,185.07,176.5,4.705014,,,,198.7,189.39,5.199492,206.43,188.11,5.323738,196.2,187.12,5.110509,3.3,2,3,,3.3,3.6,,4.5,3.9,5.1,3.4,3.7,4.1,4.4,4.7,5,5.3,5.6
PA,1501402,Belém,15140759,ESCOLA BOSQUE PROF EIDORFE MOREIRA,Municipal,84.4,85.7,89.4,75,87.7,80.2,0.832515,90,89.3,93.9,78.5,99.4,90.3,0.897324,84.1,92.6,86.2,70.7,96,79.9,0.840666,85.3,92.5,88,72.3,97.7,80.2,0.851644,86.4,93,98.6,75.1,94.9,73.7,0.857395,86.2,96.5,96.4,72.7,97.3,73.5,0.856542,91.1,98.7,99.3,79.3,98.4,81.5,0.905058,93.9,97.6,99.5,89.7,100,85.4,0.940663,97.8,96.6,95.4,98.9,98.5,99,0.976588,99.7,99.3,99.3,100,100,100,0.997188,167.38,163,4.121889,181.11,169.36,4.499623,180.99,162.4,4.370788,181.95,170.39,4.534381,191.35,184.05,4.962134,189.96,183.18,4.919789,193.33,189.06,5.091011,188.71,180.66,4.850116,,,,175.28,170.31,4.405636,3.4,4,3.7,3.9,4.3,4.2,4.6,4.6,,4.4,3.5,3.8,4.3,4.5,4.8,5.1,5.4,5.7
MA,2104073,Feira Nova do Maranhão,21182663,EM CRISTO REI,Municipal,,,,,,,,,,,,,,,79.5,100,83.3,72,71.9,83.3,0.808974,,,,,,,,91.8,100,100,92.9,100,78.3,0.933957,84.2,78.6,90,88.9,90,71.4,0.830578,82.8,93.8,100,100,68.4,68.8,0.8359,88.2,100,83.9,86.7,88.2,88.9,0.892229,100,100,100,100,100,100,1,96.4,100,84.6,100,100,100,0.964872,,,,,,,163.83,143.16,3.693489,,,,154.75,143,3.517297,,,,183.32,161.51,4.399071,188.29,171.87,4.682282,167.82,163.27,4.13527,166.06,168.53,4.197319,,,3,,3.3,,3.7,4.2,4.1,4,,,3.3,3.5,3.8,4.1,4.4,4.8
MA,2104073,Feira Nova do Maranhão,21183066,EM LEOPOLDINO LISBOA,Municipal,,,,,,,,,,,,,,,93,100,100,100,83,91.7,0.944228,75,78.3,89.5,61.5,63.9,80.5,0.732316,89.7,86.7,100,88,72.2,100,0.881087,,,,,,,,85.2,66.7,87.5,81.8,90.5,92.3,0.826037,96.2,100,92,100,92,100,0.966387,100,100,100,100,100,100,1,93.8,100,94.1,81.3,100,100,0.944695,,,,,,,149.23,133.51,3.239408,156.15,143.12,3.546196,,,,,,,,,,205.22,184.74,5.239374,173.65,152.03,4.042166,241.23,226.96,6.694224,,,3.1,2.6,,,,5.1,4,6.3,,,3.3,3.6,3.9,4.2,4.5,4.8
MA,2104073,Feira Nova do Maranhão,21183252,EM PEDRO ALVES DE OLIVEIRA,Municipal,71.2,,63.7,63.8,83.4,76.6,0.708996,81.3,,57.9,68.2,94,87.5,0.74073,71.6,,81.3,54.2,73.1,81.8,0.706026,85.5,82.6,88.2,,86.7,,0.857671,,,,,,,,85.2,,,,,85.2,0.852,88.2,,,,,88.2,0.882,92,,,,,92,0.92,,,,,,,,,,,,,,,166.73,153.63,3.939146,170.93,149.22,3.939167,186.31,162.2,4.468678,,,,,,,194.22,184.14,5.018541,202.53,205.68,5.568765,194.79,185.19,5.04851,,,,,,,2.8,2.9,3.2,,,4.3,4.9,4.6,,,2.9,3.2,3.6,3.9,4.2,4.5,4.8,5.1
MA,2104073,Feira Nova do Maranhão,21183759,EM SEN ALEXANDRE COSTA,Municipal,,,,,,,,,,,,,,,,,,,,,,,,,,,,,,,,,,,,,,,,,,,80.6,90,94.1,85,73.1,60,0.783093,84.8,100,84.2,90.9,78.3,72,0.839802,98.7,100,100,96.2,100,100,0.992162,97.7,100,100,,91.7,100,0.977873,,,,,,,,,,,,,,,,,,,196.08,177.01,4.924401,191.73,179.17,4.880659,186.54,175.17,4.708885,200.81,180.37,5.075759,,,,,,,3.9,4.1,4.7,5,,,,,,,4.1,4.4
MA,2104073,Feira Nova do Maranhão,21267715,EM PAULO DIAS,Municipal,,,,,,,,77.9,,74.5,71,87.5,86,0.79108,88.1,100,86.1,89,83.3,88.6,0.890601,75.4,87.1,71.4,67.2,67.6,79.4,0.737953,75.4,78.4,78.9,73.6,84.2,60.3,0.740998,74.5,63.4,83.6,74.3,75.9,71.4,0.731268,85.2,91.9,88.8,84.1,76,90.9,0.859221,88.6,100,77.6,92.1,89.9,92.6,0.898199,99,98.6,100,100,98,99,0.991138,95.2,97.4,94.4,95.8,100,92,0.958439,,,,180.39,163.28,4.375337,163.57,142.73,3.680709,164.29,148.52,3.799722,163.53,146.83,3.754491,188.5,180.63,4.845563,193.5,180,4.929528,204.43,197.71,5.460116,191.76,180.97,4.913958,184.03,170.5,4.576076,,3.5,3.3,2.8,2.8,3.5,4.2,4.9,4.9,4.4,,3.7,4,4.3,4.6,4.9,5.1,5.4
MA,2104073,Feira Nova do Maranhão,21319200,EM JOSE PEREIRA DE BRITO,Municipal,,,,,,,,,,,,,,,,,,,,,,92.4,91.7,87.5,91.7,92.9,95.2,0.917309,,,,,,,,,,,,,,,95,100,100,90.9,75,100,0.920227,87.2,100,91.7,87.5,100,63.6,0.861223,,,,,,,,,,,,,,,,,,,,,,,,166.4,139.88,3.682898,,,,,,,169.66,146.12,3.858566,199.91,180.09,5.053493,,,,,,,,,,3.4,,,3.6,4.4,,,,,,3.7,3.9,4.2,4.5,4.8
MA,2111300,São Luís,21011125,CENTRO DE ENSINO PROFESSOR BARJONAS LOBAO,Estadual,87.2,,94.4,75,91.5,88,0.865442,91,,93.3,88.9,87.2,95.2,0.910357,97.6,,,,,97.6,0.976,,,,,,,,,,,,,,,,,,,,,,,,,,,,,,,,,,,,,,,,,,,,,,,,,,200.04,200.44,5.426031,193.47,184.05,5.002592,185.06,184.5,4.850278,,,,,,,,,,,,,,,,,,,,,,4.7,4.6,4.7,,,,,,,,4.8,5.1,5.5,5.7,6,6.2,6.5,6.7
MA,2111300,São Luís,21016070,CENTRO DE ENSINO ESTADO DO RIO GRANDE DO NORTE,Estadual,91.5,,97.8,91,85.6,91.3,0.912219,89.6,,94.2,88.6,90.3,85.8,0.896226,91.8,,99.3,87.7,89.9,91,0.917737,89.7,100,100,83.6,86.1,93.2,0.920713,96.2,100,100,100,95.1,91.2,0.971248,98.8,,,100,99,97.5,0.988226,96.4,,,,,96.4,0.964,,,,,,,,,,,,,,,,,,,,,,198.18,190.15,5.203256,206.11,194.91,5.441268,215.66,191.01,5.552611,204.11,197.94,5.458191,212.87,202.98,5.717003,224.58,220.68,6.262294,229.31,232.86,6.574016,,,,,,,,,,4.7,4.9,5.1,5,5.6,6.2,6.3,,,,4.8,5.1,5.5,5.8,6,6.3,6.5,6.7
MA,2111300,São Luís,21016097,UEB ENS FUND EVANDRO BESSA - STA BARBARA,Municipal,,,,,,,,,,,,,,,93.8,100,93.6,95.6,95,86.4,0.939066,91.6,92.6,96.5,89.7,100,77.8,0.906395,94.5,97.6,100,82.8,100,97.2,0.950367,87.1,86.8,90.3,77.6,100,81.5,0.865779,84.6,100,94,74.7,80,87.2,0.862172,86.6,,100,89.7,86,76.9,0.873742,96.5,100,100,100,94,92.7,0.972275,97.4,95,100,100,94,96,0.969344,,,,,,,189.55,173.73,4.740146,171.59,168.32,4.299035,174.83,166.6,4.329594,182.88,175.77,4.649947,193.92,181.75,4.969362,193.79,190.13,5.119244,,,,,,,,,4.5,3.9,4.1,4,4.3,4.5,,,,,4.7,5,5.3,5.6,5.8,6.1
MA,2111300,São Luís,21016631,CENTRO DE ENSINO ESTADO DE ALAGOAS,Estadual,95.3,,100,93.3,95.9,92.8,0.954164,86.2,,96.3,74.1,84.6,90.6,0.855847,99.1,,100,96.6,100,100,0.991278,96.6,,,,95.7,97.2,0.964442,95.7,,,,100,93.5,0.966408,,,,,,,,,,,,,,,,,,,,,,,,,,,,,,,,,,,,182.46,173.43,4.599288,158.31,151.97,3.748327,183.82,173.35,4.623886,194.95,188.03,5.1032,192.86,184.66,5.002042,,,,,,,,,,,,,,,,4.4,3.2,4.6,4.9,4.8,,,,,,4.5,4.8,5.2,5.5,5.7,6,6.2,6.5
MA,2111300,São Luís,21016640,CENTRO DE ENSINO ESTADO DO AMAZONAS,Estadual,83.9,,83.9,81.5,77.6,93.2,0.836731,84.3,,81.8,86.6,81.1,86.9,0.840156,70.4,,91.7,58.3,70,74.2,0.716581,90.6,,100,85,92.3,87.5,0.908523,77.5,,,62.5,89.7,77.8,0.749967,82,,,,85,80,0.824242,,,,,,,,,,,,,,,,,,,,,,,,,,,,,171.71,164.4,4.230077,173.2,156.19,4.109214,178.11,160.74,4.285644,,,,,,,186.62,177.01,4.743867,,,,,,,,,,,,,3.5,3.5,3.1,,,3.9,,,,,3.6,3.9,4.4,4.6,4.9,5.2,5.5,5.8
MA,2111300,São Luís,21016763,CENTRO DE ENSINO JACKSON LAGO,Estadual,83.1,,83.5,77.7,83.4,88.6,0.831201,83.3,,90.7,81.6,75.9,86.8,0.833746,86,,100,78.4,79,89.1,0.857694,83.5,100,97.2,67.3,83.5,85.3,0.849671,90.6,,100,83.8,86.8,97.8,0.915775,81,,,,77.8,83.5,0.805493,,,,,,,,,,,,,,,,,,,,,,,,,,,,,179.53,175.5,4.581216,184.54,171.54,4.604718,186.25,172.49,4.654624,188.56,180.38,4.842162,189.7,182.51,4.902645,188.64,175.39,4.752962,,,,,,,,,,,,,3.8,3.8,4,4.1,4.5,3.8,,,,,3.9,4.2,4.6,4.9,5.2,5.5,5.7,6
MA,2111300,São Luís,21017484,UFMA - COLEGIO UNIVERSITARIO,Federal,,,,,,,,99.2,,,100,100,98.5,0.994949,100,,,,,100,1,98.1,,,,,98.1,0.981,100,,,,100,100,1,98,,,,,98,0.98,100,,,,,100,1,100,,,,,100,1,94,,,,,94,0.94,98.5,,,,,98.5,0.985,,,,182.43,179.57,4.71045,,,,241.53,226.82,6.697404,252.96,245.92,7.262806,250.17,246.44,7.219017,274.05,259.91,7.919651,273.83,269.67,8.092907,,,,255.17,254.11,7.453891,,4.7,,6.6,7.3,7.1,7.9,8.1,,7.3,,4.9,5.2,5.5,5.7,6,6.2,6.5
CE,2302701,Campos Sales,23153237,PADRE AZARIAS SOBREIRA EEIF,Municipal,76,88.3,65.4,73.7,72.1,84.3,0.75854,84.4,89.2,90.9,89.1,73.6,84.4,0.849322,90.9,95.8,90.2,100,96.1,78.4,0.914314,94.8,95.2,100,100,87.8,94.7,0.953227,94.2,100,100,91.3,91.7,90.7,0.945477,95.8,100,96.2,100,88.5,95,0.957474,91.1,100,100,84.6,83.9,91.7,0.915007,98.3,100,100,93.5,100,100,0.986287,100,100,100,100,100,100,1,100,100,100,100,100,100,1,142.47,140.05,3.229259,158.08,140.24,3.530665,169.28,144.3,3.818223,211.13,178.1,5.231433,206.74,186.3,5.296745,,,,213.5,198.63,5.649935,259.02,276.87,7.941183,201.66,203.59,5.514162,231.84,218.83,6.367207,2.4,3,3.5,5,5,,5.2,7.8,5.5,6.4,2.5,2.8,3.2,3.5,3.8,4.1,4.4,4.7
CE,2302701,Campos Sales,23153253,ANTONIO RIBEIRO DE CARVALHO EEIF,Municipal,,,,,,,,,,,,,,,,,,,,,,,,,,,,,,,,,,,,,,,,,,,96.6,100,100,100,88.9,100,0.975637,,,,,,,,98,100,100,100,92.3,100,0.983589,,,,,,,,,,,,,,,,,,,,,,,,,,235.98,230.65,6.661124,,,,207.27,205.39,5.653951,,,,,,,,,,6.5,,5.6,,,,,,,,6.7,6.9
CE,2302701,Campos Sales,23153369,JOAO XXIII EEIF,Municipal,83.8,90.3,73.3,85,78.5,91.1,0.830602,88.4,100,92,82.6,95.8,87,0.910601,98.5,98.1,100,98.1,98.3,98.2,0.985346,96.1,100,95.2,92.7,93.5,100,0.961781,99.6,100,100,100,98.1,100,0.996141,97.9,100,100,96,94.1,100,0.979554,99.6,100,100,98.2,100,100,0.996347,99.6,100,100,100,97.5,100,0.994898,100,100,100,100,100,100,1,100,100,100,100,100,100,1,152.01,144.39,3.490264,174.68,164.45,4.287641,173.27,160.83,4.194914,219.64,200.34,5.798201,193.26,179.88,4.922766,214.9,204.87,5.790107,226.44,215.11,6.196518,283.33,240.85,7.750205,197.71,195.47,5.291144,211.69,215.49,5.921938,2.9,3.9,4.1,5.6,4.9,5.7,6.2,7.7,5.3,5.9,3,3.3,3.7,4,4.3,4.6,4.9,5.2
CE,2302701,Campos Sales,23153385,JOSE AUGUSTO SOBRINHO EEIF,Municipal,69,,76.8,40,80.2,84.3,0.641519,80.1,100,85.2,62,89.2,78,0.807788,88.2,100,97.5,78.7,82.6,84.2,0.878026,89.2,100,100,100,74.1,76.7,0.884438,91.9,100,100,90.7,81.1,88.5,0.914825,99.5,100,100,100,97.4,100,0.99469,91.9,100,100,85.2,84.8,90.2,0.915482,93.5,96.3,100,96.2,80,96.4,0.93192,100,100,100,100,100,100,1,100,100,100,100,100,100,1,153.25,155.21,3.710754,180.48,170.28,4.504328,164.53,144.48,3.730847,198.38,179.08,5.005931,184.8,177.34,4.715134,214.62,203.36,5.757309,220.79,221.55,6.205784,271.07,207.09,6.902417,192.24,184.12,4.980391,215.45,189.44,5.520058,2.4,3.6,3.3,4.4,4.3,5.7,5.7,6.4,5,5.5,2.4,2.8,3.2,3.5,3.7,4,4.4,4.7
CE,2302701,Campos Sales,23153415,LUCIANO TORRES DE MELO EEIF,Municipal,84.4,91.5,84.9,90.3,71,86.4,0.84118,88.6,93.7,91.9,83.9,85.3,91,0.889917,91.9,98.1,90.3,90.5,87.9,91.7,0.915763,94.3,98,100,91.8,91.1,92.1,0.944607,94,100,97.1,90,88.9,96.7,0.943403,98.4,100,100,92.9,97.9,100,0.9808,98,100,100,96.2,96.7,100,0.985488,99.4,100,100,100,96.3,100,0.992374,100,100,100,100,100,100,1,100,100,100,100,100,100,1,158.54,149.49,3.707729,175.87,163.12,4.286169,180.99,169.32,4.496606,182.16,171.06,4.55057,191.46,177.1,4.83787,207.24,195.87,5.480287,209.74,201.87,5.637088,228.45,209.91,6.140331,213.97,206.3,5.798359,195.08,189.14,5.125863,3.1,3.8,4.1,4.3,4.6,5.4,5.6,6.1,5.8,5.1,3.2,3.5,3.9,4.2,4.5,4.8,5.1,5.4
CE,2302701,Campos Sales,23153474,MANOEL DUARTE DE SA BARRETO E E I F,Municipal,77.7,95.7,89.5,76.6,70.3,69.4,0.789748,78.3,95.7,73,33.3,84,73.9,0.628026,93.9,100,97.1,80.8,93.5,96.2,0.929971,95.7,100,93.8,94.3,91.7,100,0.958395,93.1,94.4,100,87.8,94.4,93.8,0.939197,94.7,96,100,93.3,92.6,93.1,0.949216,95.1,100,100,100,77.3,100,0.944526,97.4,100,100,100,89.7,100,0.97755,100,100,100,100,100,100,1,100,100,100,100,100,100,1,158.84,140.84,3.556066,165.46,147.73,3.807686,168.52,151.59,3.936265,236.89,239.22,6.834309,209.64,202.71,5.650452,203.75,206.92,5.614593,243.86,224.91,6.707142,206.42,196.27,5.471911,196.17,186.39,5.096664,186.34,194.88,5.063432,2.8,2.4,3.7,6.5,5.3,5.3,6.3,5.3,5.1,5.1,2.9,3.2,3.6,3.9,4.2,4.5,4.8,5.1
MG,3106200,Belo Horizonte,31000051,EE GUIA LOPES,Estadual,,,,,,,,89.5,100,,100,100,75.4,0.924586,98.4,96.8,100,97.1,100,97.7,0.983001,89.3,100,100,77.8,94.3,83,0.900802,100,100,100,100,100,100,1,100,100,100,100,100,100,1,100,100,100,100,100,100,1,91,91.7,80,94.4,92.3,92.9,0.899332,90.2,90.9,66.7,87.5,91.7,100,0.857232,,,,,,,,,,,184.8,164.6,4.483498,187.35,179.55,4.80398,193.86,180.64,4.948035,216.78,190.17,5.558712,195.77,199.07,5.319576,,,,212.7,228.11,6.170668,192.22,183.09,4.961282,,,,,4.1,4.7,4.5,5.6,5.3,,5.5,4.3,,,4.3,4.7,5,5.2,5.5,5.8,6
MG,3106200,Belo Horizonte,31000086,EE PROFESSOR JOSE MESQUITA DE CARVALHO,Estadual,91.7,100,100,73.2,100,93,0.918883,92.7,98.1,99.3,78.5,98.4,92.7,0.926731,90.8,97.6,97.9,86.4,98.9,79.1,0.91261,99.5,97.6,100,100,100,100,0.995106,97.7,95.2,100,100,94.1,98.6,0.975169,94.7,94.4,100,93.6,97.1,89.4,0.947664,99.2,98,100,100,100,97.7,0.991287,100,100,100,100,100,100,1,98.8,97.2,100,100,100,97.4,0.989022,98.4,100,97.9,100,92.3,100,0.979456,177.96,171.53,4.479076,192.83,179.53,4.908196,214.97,191.24,5.543625,210.11,189.12,5.412331,213.23,197.79,5.629509,209.88,196.01,5.533214,224.7,215.23,6.165493,215.92,197.64,5.678118,,,,194.25,188.28,5.094387,4.1,4.5,5.1,5.4,5.5,5.2,6.1,5.7,,5,4.2,4.5,4.9,5.2,5.5,5.7,6,6.3
MG,3106200,Belo Horizonte,31000124,EE DOUTOR SIMAO TAMM BIAS FORTES,Estadual,90.7,96.4,97.6,88.2,90.6,83.2,0.90886,95.8,100,100,80,100,100,0.952381,99.4,100,100,100,98.6,98.7,0.994556,100,100,100,100,100,100,1,100,100,100,100,100,100,1,100,100,100,100,100,100,1,100,100,100,100,100,100,1,100,100,100,100,100,100,1,99.5,97.5,100,100,100,100,0.994898,99.5,97.8,100,100,100,100,0.995521,196.81,189.99,5.174273,204.08,186.9,5.256891,182.65,171.03,4.559376,222.78,202.92,5.905034,253.47,229.2,6.968539,218.31,214.87,6.037001,228.61,226.5,6.445021,236.86,221.57,6.512827,206.95,208.05,5.696207,,,,4.7,5,4.5,5.9,7,6,6.4,6.5,5.7,,4.8,5.1,5.5,5.7,6,6.2,6.5,6.7
MG,3106200,Belo Horizonte,31000132,EE GUIMARAES ROSA,Estadual,87.3,,,,98.2,79.7,0.879881,56.2,,,,,56.2,0.562,,,,,,,,,,,,,,,,,,,,,,,,,,,,,,,,,,,,,,,,,,,,,,,,,,,,,,,,,165.36,163.12,4.085683,152.88,133.31,3.305428,,,,,,,,,,,,,,,,,,,,,,,,,3.6,1.9,,,,,,,,,3.7,4,4.4,4.7,5,5.3,5.6,5.8
MG,3106200,Belo Horizonte,31000191,EE CAIO NELSON DE SENA,Estadual,89.2,100,100,100,82.5,80.2,0.915918,93.8,100,100,82.9,100,86.5,0.932428,98.1,100,100,92.7,100,100,0.984494,100,100,100,100,100,100,1,98.6,,100,92.9,100,100,0.981252,100,100,,,100,100,1,100,100,100,100,,,1,100,,,100,100,100,1,100,,,,,100,1,,,,,,,,197.54,195.53,5.288975,212.5,202.47,5.700669,231.23,205.39,6.111203,234.39,218.84,6.416053,241.28,218.3,6.537724,238.34,222.22,6.55289,,,,220.37,203.16,5.863405,220.75,221.49,6.20393,,,,4.8,5.3,6,6.4,6.4,6.6,,5.9,6.2,,4.9,5.2,5.6,5.9,6.1,6.4,6.6,6.8
MG,3106200,Belo Horizonte,31002593,ESCOLA MUNICIPAL BELO HORIZONTE,Municipal,,,,,,,,,,,,,,,94.2,,,,98.1,90,0.938756,94.3,,,,95.6,93.4,0.944872,95.3,,,,97.8,92.7,0.951817,90.5,87.9,94.6,80,93.5,97.4,0.902372,95.7,89.2,100,97.5,96.9,97.2,0.960151,96.6,100,95.8,94.3,100,95.7,0.971021,100,100,100,100,100,100,1,94.8,95.8,98.4,87.7,100,95.4,0.95264,,,,,,,181.04,172.18,4.54956,193.79,191.52,5.144517,194.28,188.55,5.099868,195.57,190.01,5.151032,205.8,195.62,5.448261,203.89,182.58,5.17472,196.54,186.83,5.111725,196.55,185.67,5.090825,,,4.3,4.9,4.9,4.6,5.2,5,5.1,4.8,,,4.5,4.8,5.1,5.4,5.7,5.9
MG,3106200,Belo Horizonte,31258377,ESCOLA DE EDUCACAO BASICA E PROFISSIONAL DA UFMG - CENTRO PEDAGOGICO,Federal,98.6,,98.9,100,100,95.3,0.985115,97.9,100,98.7,96.8,97.6,96.7,0.979442,98.4,98.6,100,96.6,97.7,100,0.985622,98.1,100,100,100,98.6,92.7,0.98175,96.5,100,98,93.3,100,92.6,0.966719,99.3,100,100,96.1,100,100,0.991949,99.6,100,100,100,97.8,100,0.995521,100,100,100,100,100,100,1,98.7,100,100,95.9,100,98,0.987525,100,100,100,100,100,100,1,222.83,220.69,6.229069,250.96,217.6,6.709729,232.05,204.86,6.117215,255.46,226.81,6.963062,257.1,245.41,7.332541,262.4,253.99,7.589686,267.62,254.35,7.69585,258.44,252.44,7.485932,,,,255.04,252.1,7.414865,6.1,6.6,6,6.8,7.1,7.5,7.7,7.5,,7.4,6.2,6.5,6.8,7,7.1,7.3,7.5,7.7
SP,3509502,Campinas,35018107,FRANCISCO BARRETO LEME,Estadual,,,,,,,,95.2,,93.7,100,93.2,93.8,0.950956,93.1,100,94.6,100,98.6,84.5,0.951527,95.3,100,100,100,98.3,80,0.949254,95.5,100,100,96.2,96.4,85.2,0.95228,96.6,100,100,86.7,100,97,0.964445,100,100,100,100,100,100,1,99.2,94.7,100,100,100,100,0.988931,100,100,100,100,100,100,1,100,100,100,100,100,100,1,,,,192.63,183.75,4.981107,199.57,190.28,5.232277,226.06,198.7,5.890902,219.64,204.63,5.876201,223.74,205.08,5.962627,250.78,221.08,6.769567,256.52,228.68,7.017291,210.94,210.26,5.812534,236.18,230.45,6.661305,,4.7,5,5.6,5.6,5.8,6.8,6.9,5.8,6.7,,4.9,5.3,5.5,5.8,6,6.3,6.5
SP,3509502,Campinas,35018119,CECILIA PEREIRA PROFESSORA,Estadual,,,,,,,,88.5,,87.2,95.5,92,80.3,0.883744,87,100,86.4,94.4,97.2,79.4,0.908268,93.9,100,100,84,95.7,81.5,0.915348,98.8,100,100,100,96.7,96.4,0.985907,100,,100,100,100,100,1,95.5,,,,100,91.2,0.953975,,,,,,,,,,,,,,,,,,,,,,,,,155.37,141.73,3.506038,179.07,167.18,4.421056,162.79,146.9,3.741641,198.2,178.7,4.995586,234.01,216.32,6.362983,227.18,211.95,6.153185,,,,,,,,,,,3.1,4,3.4,4.9,6.4,5.9,,,,,3.3,3.6,3.9,4.2,4.5,4.8,5.1
SP,3509502,Campinas,35018156,AUREA ANUNCIACAO AMERICO DE GODOI PROFESSORA,Estadual,,,,,,,,94.4,100,95,96.8,96.9,88.5,0.952812,94.5,,98.1,96.8,100,86.1,0.949247,93.8,100,90.6,96.8,96,87.7,0.940074,97.4,97.3,97.9,94,100,100,0.977894,100,,,100,100,100,1,90.7,,,,,90.7,0.907,98.4,100,100,91.7,100,95.2,0.972586,100,100,100,100,100,100,1,98.4,97.7,97.9,96.3,100,100,0.983591,,,,203.37,178.19,5.084978,223.94,187.95,5.65499,241.13,211.72,6.415225,212.89,192.73,5.531021,248.16,217.83,6.660476,245.25,237.7,6.966214,,,,225.97,208.43,6.066094,218.4,209.71,5.944901,,4.8,5.4,6,5.4,6.7,6.3,,6.1,5.8,,5,5.4,5.6,5.9,6.1,6.4,6.6
SP,3509502,Campinas,35018272,THOMAS ALVES DOUTOR,Estadual,,,,,,,,83.7,,77.8,86.3,87.5,81.2,0.830137,83.6,100,80,82.1,91.3,82.8,0.866394,93,94.7,97.1,89.5,94.3,88.6,0.927254,96.2,100,100,89.7,97.6,93.5,0.959889,96.3,97.2,90.5,88.5,100,100,0.949898,96.3,100,100,84,94.7,100,0.953027,97.8,95.8,100,93.5,100,100,0.977831,96.1,89.5,100,88,100,100,0.951713,98.3,96.6,100,100,100,96.3,0.98549,,,,188.76,166.33,4.590525,202.71,178.26,5.073655,182.18,166.08,4.460407,204.16,188.09,5.280054,214.71,201.04,5.716845,,,,223.82,220.55,6.245427,205.06,195.08,5.424321,222.18,203.31,5.900675,,3.8,4.4,4.1,5.1,5.4,,6.1,5.2,5.8,,4,4.4,4.6,4.9,5.2,5.5,5.7
SP,3509502,Campinas,35018302,CARLOS GOMES,Estadual,,,,,,,,90.2,,89.7,92.5,92.6,86.1,0.901457,95.5,,95,95.2,97.5,94.2,0.954594,97.1,98,100,96.6,97.7,94.8,0.9739,84.9,78,83.9,90,85.4,88.1,0.848739,,,,,,,,99.2,100,97.8,98.1,100,100,0.991697,100,100,100,100,100,100,1,97.7,90.9,100,97.9,100,100,0.976265,100,100,100,100,100,100,1,,,,207.06,196.56,5.489398,227.42,209.58,6.114675,233.63,209.78,6.236822,240.49,224.98,6.644102,,,,266.49,238.01,7.377194,237.03,230.06,6.670435,235.79,225.53,6.564407,225.26,213.13,6.137999,,4.9,5.8,6.1,5.6,,7.3,6.7,6.4,6.1,,5.1,5.5,5.7,6,6.2,6.4,6.7
SP,3509502,Campinas,35058932,CIRO EXEL MAGRO PROF EMEF,Municipal,,,,,,,,94.7,100,100,100,92.2,88.3,0.958387,89.7,95.6,93.8,79.6,100,80,0.889932,93,91.7,98.3,82.1,100,94.3,0.928285,96.9,97.6,100,88.1,100,100,0.969055,95.9,98.8,100,87.5,94.9,98.3,0.956748,98.3,99,100,96.6,97.3,98.4,0.982452,95.7,93.3,98.6,90.8,98.8,97.3,0.95653,99.1,100,100,97.6,98.8,98.9,0.990519,98,97.5,100,95.8,96.8,100,0.979904,,,,183.97,172.34,4.608385,190.86,176.1,4.808237,209.21,190.29,5.416428,201.8,185.08,5.180289,225.27,214.35,6.160371,235.2,217.46,6.406421,219.53,202.8,5.840829,206.81,193.6,5.430808,197.16,199.19,5.348285,,4.4,4.3,5,5,5.9,6.3,5.6,5.4,5.2,,4.6,4.9,5.2,5.5,5.7,6,6.3
SP,3550308,São Paulo,35000024,GAVIAO PEIXOTO BRIGADEIRO,Estadual,,,,,,,,88.7,,100,89,98.1,79.7,0.909573,94.1,,,,,94.1,0.941,,,,,,,,98.2,98.2,,,,,0.982,93.5,90.3,96.2,93.4,,,0.932376,99.6,100,100,98.8,99.1,100,0.995772,100,100,100,100,100,100,1,100,100,100,100,100,100,1,100,100,100,100,100,100,1,,,,187.46,169.63,4.625715,205.42,186.57,5.276464,,,,,,,,,,232.56,221.78,6.434584,242.18,224.26,6.663263,208.31,197.01,5.521434,222.66,204.75,5.936017,,4.2,5,,,,6.4,6.7,5.5,5.9,,4.4,4.7,5,5.3,5.6,5.8,6.1
SP,3550308,São Paulo,35000048,WALFREDO ARANTES CALDAS PROFESSOR,Estadual,,,,,,,,,,,,,,,83.5,,,,,83.5,0.835,,,,,,,,,,,,,,,,,,,,,,,,,,,,,,,,,,,,,,,,,,,,,,,,,,,,,,,,177.15,160.55,4.263869,,,,,,,,,,,,,,,,,,,,,,,,3.6,,,,,,,,,,3.8,4.1,4.4,4.7,5,5.3
SP,3550308,São Paulo,35000309,BENEDITO TOLOSA PROFESSOR,Estadual,,,,,,,,96.9,,98.1,98.2,98.1,93.6,0.969593,99.7,,100,98.6,100,100,0.996463,97.3,98,97.1,97.7,98.3,96.1,0.974337,100,100,100,100,100,100,1,98.3,100,100,93.2,100,98.1,0.981869,98.8,100,100,97.3,100,97.5,0.989435,100,,,100,100,100,1,100,,,,,100,1,,,,,,,,,,,203.98,180.02,5.129892,200.29,183.42,5.12129,218.97,203.02,5.834142,224.86,194.25,5.787092,223.65,210.05,6.051273,237.23,229.82,6.669888,239.03,213.65,6.410239,228.53,206.7,6.083494,,,,,5,5.1,5.7,5.8,5.9,6.6,6.4,6.1,,,5.2,5.5,5.7,6,6.2,6.5,6.7
SP,3550308,São Paulo,35000371,ANTONIO JOSE LEITE PROF,Estadual,,,,,,,,88.4,,,,,88.4,0.884,,,,,,,,,,,,,,,,,,,,,,,,,,,,,,,,,,,,,,,,,,,,,,,,,,,,,,,,,,,,198.5,179.92,5.023493,,,,,,,,,,,,,,,,,,,,,,,,,,4.4,,,,,,,,,,4.6,5,5.2,5.5,5.8,6,6.3
SP,3550308,São Paulo,35000693,RITA BICUDO PEREIRA PROFA,Estadual,,,,,,,,91.2,,89.7,93.1,95.3,86,0.908874,97.6,,99.3,98.6,97.1,95.8,0.976812,98.1,100,98.4,100,99.2,95.1,0.985057,98.5,96.8,100,100,100,96.7,0.986741,98.1,97.4,100,98.8,100,93.4,0.978569,94.3,97.6,93.3,92.8,93.1,94.5,0.942276,96.5,98.1,99,94.9,98.3,91.5,0.96276,96.7,97.1,97.6,98.1,97.5,92.3,0.964713,97.1,100,98.9,98.1,98.7,90.6,0.971361,,,,175.78,161.87,4.261724,208.87,183.15,5.280121,196.94,178.26,4.963541,190.58,183.34,4.93453,216.67,202.66,5.783704,230.92,208.09,6.154378,227.48,207.38,6.07582,223.77,218.26,6.202836,220.66,215.74,6.097667,,3.9,5.2,4.9,4.9,5.7,5.8,5.8,6,5.9,,4.1,4.4,4.7,5,5.2,5.5,5.8
SP,3550308,São Paulo,35054082,EMEFM LINNEU PRESTES PROF,Municipal,,,,,,,,90,,80.3,97.9,95.4,85.7,0.892487,95.3,,98,100,100,87.8,0.961686,97.9,100,100,,100,94.3,0.985114,97.9,100,92.9,100,98.2,,0.976859,100,100,100,100,100,100,1,96.6,100,100,83.9,100,100,0.963039,96.5,100,100,80,100,100,0.952381,92.1,96.6,93.3,89.3,96.3,85.2,0.919293,100,100,100,100,100,100,1,,,,196.66,175.45,4.907106,214.86,195.15,5.612616,206.62,200.16,5.546455,,,,222.26,222.33,6.248019,242.5,243.99,7.028097,230.82,223.69,6.436105,208.64,205.51,5.682278,222.75,214.17,6.109007,,4.4,5.4,5.5,,6.2,6.8,6.1,5.2,6.1,,4.6,4.9,5.2,5.4,5.7,6,6.2
SP,3550308,São Paulo,35923692,PAULISTINHA DE EDUCACAO ESCOLA,Federal,,,,,,,,,,,,,,,96.8,97.7,95.6,95.2,100,95.6,0.967865,98.1,100,100,95.3,95.5,100,0.981077,98.4,100,100,94.7,100,97.5,0.983941,99.1,100,100,100,97.2,97.1,0.988402,100,100,100,100,100,100,1,99.1,100,98,100,100,97.8,0.991492,,,,,,,,100,100,100,100,100,100,1,,,,,,,210.95,202.41,5.669998,247.96,236.55,6.997023,234.59,235.86,6.729325,230.37,232.37,6.585336,252.89,241.58,7.182561,266.46,244.63,7.496985,,,,241.37,217.5,6.524896,,,5.5,6.9,6.6,6.5,7.2,7.4,,6.5,,,5.7,6,6.2,6.5,6.7,6.9
SP,3553807,Taquarituba,35049888,JOSE APARECIDO CASTELUCCI PROFESSOR,Estadual,,,,,,,,,,,,,,,97.4,,93.8,100,100,96.3,0.974535,,,,,,,,,,,,,,,,,,,,,,,,,,,,,,,,,,,,,,,,,,,,,,,,,,,,,,,,200.96,171.89,4.92444,,,,,,,,,,,,,,,,,,,,,,,,4.8,,,,,,,,,,5.1,5.3,5.6,5.9,6.1,6.4
SP,3553807,Taquarituba,35070956,MARIA DE LOURDES MEDEIROS ROLIM DOS SANTOS PROFA EM,Municipal,87,,85.9,67.1,98.9,97.3,0.852274,90.1,,88.4,86.8,90.4,96.7,0.904238,92.1,92.6,87.8,91,87.7,100,0.916084,93.2,100,100,70.9,100,100,0.92414,97.4,100,100,90.5,100,95.2,0.969858,98.2,100,100,91,100,100,0.980603,97.8,100,98.6,92.8,98.6,100,0.979243,97.8,100,100,89.7,100,100,0.97755,99.3,100,100,95.8,100,100,0.991308,99.2,100,100,96.3,100,100,0.992374,193.45,175.96,4.85515,193.16,179.29,4.91013,216.81,176.81,5.316375,247.51,204.82,6.411526,278.84,243.99,7.721609,285.81,246.44,7.899169,278.33,242.35,7.682058,263.7,238.66,7.335768,257.01,234.02,7.123733,249.17,224.95,6.809205,4.1,4.4,4.9,5.9,7.5,7.7,7.5,7.2,7.1,6.8,4.2,4.5,4.9,5.2,5.5,5.8,6,6.3
SP,3553807,Taquarituba,35201856,BERNADETE DE LOURDES GOMES CLAUDIO PROFA EM,Municipal,,,,,,,,79.5,,83,78.1,74.8,83.3,0.796399,91.6,100,100,75.3,90.6,98.9,0.918629,95.5,100,100,81.7,98.7,100,0.954716,95.2,98.3,96.7,81.3,100,98.6,0.944175,97.9,100,100,90.2,100,100,0.978733,97.2,100,100,86.4,100,97.9,0.965464,97.5,100,100,90.9,100,97.7,0.975867,100,100,100,100,100,100,1,100,100,100,100,100,100,1,,,,212,190.31,5.470036,226.11,191.96,5.769311,230.07,196.21,5.922156,236.97,202.59,6.169836,266.4,247.49,7.54784,262.54,244.64,7.422358,254.79,231.65,7.038276,240.43,224.35,6.631502,233.76,234.24,6.684031,,4.4,5.3,5.7,5.8,7.4,7.2,6.9,6.6,6.7,,4.6,4.9,5.2,5.4,5.7,5.9,6.2
SP,3553807,Taquarituba,35217049,JULIETA TRINDADE EVANGELISTA PROFA EM,Municipal,87.2,,99,73.1,100,79.4,0.862527,89.2,,85.8,80.5,94.9,98.9,0.894334,94.5,100,100,89.2,88.8,97.4,0.948066,94.3,100,100,86.1,100,91.7,0.952027,97.6,100,100,93.8,100,95.3,0.977438,97.6,100,100,94.6,97.2,96.7,0.97656,97.7,100,100,89.7,100,98.7,0.975039,97.9,100,100,90.5,100,100,0.979437,100,100,100,100,100,100,1,100,100,100,100,100,100,1,214.61,195.6,5.616008,221.75,203.46,5.895196,238.34,210.39,6.337799,237.08,214.91,6.395935,227.57,209.8,6.121537,239.45,223.17,6.591346,249.44,238.46,7.059994,258.52,237.64,7.218368,239.43,230.36,6.721691,274.08,243.82,7.627678,4.8,5.3,6,6.1,6,6.4,6.9,7.1,6.7,7.6,4.9,5.2,5.6,5.9,6.1,6.4,6.6,6.8
SP,3553807,Taquarituba,35345507,VIRGINIA OTTILIA MASCARENHAS DE MORAES PROFA EM,Municipal,,,,,,,,,,,,,,,97.7,100,100,93.2,98.8,98.4,0.980129,96.6,100,100,85,100,99.1,0.964217,92.3,97.8,99,76.7,98,92.1,0.918685,98.9,98.4,100,96.1,100,100,0.988759,93.8,100,98.2,82,98.4,90.5,0.932997,97.7,100,100,90.4,100,100,0.979203,100,100,100,100,100,100,1,100,100,100,100,100,100,1,,,,,,,227.33,198.02,5.902775,229.29,194.98,5.884907,227.52,205.16,6.036219,250.48,227,6.871478,246.95,229.99,6.858475,253.1,241.35,7.182387,232.62,220.69,6.415911,234.39,215.02,6.346599,,,5.8,5.7,5.5,6.8,6.4,7,6.4,6.3,,,6,6.3,6.5,6.7,6.9,7.1
SP,3553807,Taquarituba,35566937,CELIA DE CASTILHOS FERREIRA PROFESSORA EM,Municipal,,,,,,,,,,,,,,,,,,,,,,,,,,,,,,,,,,,,,,,,,,,96.9,100,100,87,100,100,0.970982,95.5,100,100,85.7,100,94.4,0.956721,100,100,100,100,100,100,1,100,100,100,100,100,100,1,,,,,,,,,,,,,,,,,,,256.84,236.55,7.166489,237.36,219.39,6.482733,207.99,219.45,5.923328,243.1,225.8,6.70882,,,,,,,7,6.2,5.9,6.7,,,,,,,7.1,7.3
SP,3553807,Taquarituba,35900424,DIMAS MOZART E SILVA PROFESSOR,Estadual,,,,,,,,100,,,,100,100,1,,,,,,,,,,,,,,,,,,,,,,,,,,,,,,,,,,,,,,,,,,,,,,,,,,,,,,,,,,,,191.76,172.41,4.758322,,,,,,,,,,,,,,,,,,,,,,,,,,4.8,,,,,,,,,,5,5.3,5.5,5.8,6,6.3,6.5
SP,3554102,Taubaté,35014278,ANTONIO MAGALHAES BASTOS,Estadual,,,,,,,,80.8,100,96.2,,100,64,0.869187,100,,,100,100,,1,90.9,,,,,90.9,0.909,,,,,,,,,,,,,,,,,,,,,,,,,,,,,,,,,,,,,,,,,,,,,,184.87,165.6,4.503015,,,,217.32,194.83,5.653745,,,,,,,,,,,,,,,,,,,,3.9,,5.1,,,,,,,,4.1,4.5,4.7,5,5.3,5.6,5.8
SP,3554102,Taubaté,35039664,JOSE MARCONDES DE MATTOS DOUTOR,Estadual,,,,,,,,100,,100,100,100,100,1,98,,,100,100,95.2,0.983471,84.6,,,,,84.6,0.846,,,,,,,,,,,,,,,,,,,,,,,,,,,,,,,,,,,,,,,,,,,,,,181.96,170.23,4.531663,190.05,165.53,4.600598,202.24,175.45,5.013595,,,,,,,,,,,,,,,,,,,,4.5,4.5,4.2,,,,,,,,4.7,5.1,5.3,5.6,5.8,6.1,6.3
SP,3554102,Taubaté,35060215,AVEDIS VICTOR NAHAS DR EMIEF,Municipal,,,,,,,,92.8,100,85.2,90.7,95.8,95.5,0.931583,92.4,100,90,89.3,96.3,87.5,0.923837,91.6,100,87.6,88.1,91,94.9,0.920934,93.3,100,86.2,89.1,94.5,95.7,0.928408,94.5,97.5,89.9,94.7,92.8,97.7,0.944272,96.4,100,92,94.4,96.8,98.1,0.961778,99.5,100,100,97.8,100,100,0.995521,100,100,100,100,100,100,1,100,100,100,100,100,100,1,,,,212.02,197.09,5.59369,217.02,192.57,5.606929,221.44,186.56,5.582007,218.71,200.47,5.782817,203.34,192.5,5.344587,217.27,204.75,5.833154,216.7,199.47,5.726276,,,,212.74,202.67,5.708885,,5.2,5.2,5.1,5.4,5,5.6,5.7,,5.7,,5.4,5.7,5.9,6.2,6.4,6.6,6.9
SP,3554102,Taubaté,35229573,JOAQUIM FRANCA VEREADOR EMEFM,Municipal,,,,,,,,84.2,100,83.5,66.4,86.7,97.6,0.850106,86.8,100,85.7,84.5,82.5,87.6,0.876583,84.1,95.9,80,76.3,87.2,83.8,0.841259,92.3,95.3,90.4,91.3,87,100,0.925887,87.2,100,81.8,82.6,92.6,78.4,0.863771,98.7,100,100,98.1,97.6,98,0.98729,,,,,,,,,,,,,,,,,,,,,,,,,230.19,203.05,6.04881,231.09,198.9,5.990531,230.25,202.63,6.042319,224.8,217.46,6.207947,230,223.27,6.41282,239.48,224.78,6.621191,,,,,,,,,,,5.1,5.3,5.1,5.7,5.5,6.5,,,,,5.3,5.6,5.9,6.1,6.4,6.6,6.8
SP,3554102,Taubaté,35277685,EMILIO AMADEI BERINGHS EMIEFM,Municipal,,,,,,,,93.4,100,89.7,81.7,97.3,98.6,0.929236,90.3,98.4,75.8,87.5,94.7,94.9,0.894761,94,95.8,89.9,95.5,93.8,96.3,0.942005,93.3,100,91.8,89.1,88,96.2,0.92807,92.2,98.7,88.6,90.6,88.2,96.7,0.923616,97.2,100,91.9,97.6,96.1,100,0.97025,97.8,100,98.1,97.1,94.7,98.8,0.977069,99.1,100,100,98.3,98.3,98.6,0.990337,100,100,100,100,100,100,1,,,,216.18,199.15,5.710534,211.52,188.99,5.436876,228.46,203.63,6.02634,207.74,189.4,5.372193,218.48,210.94,5.968791,216.7,210.85,5.933185,227.73,219.62,6.303136,213.77,206.1,5.790906,212.48,202.38,5.698651,,5.3,4.9,5.7,5,5.5,5.8,6.2,5.7,5.7,,5.5,5.8,6,6.3,6.5,6.7,6.9
SP,3554102,Taubaté,35457197,ANNA DOS R SIGNORINI PROFA EMIEFM,Municipal,,,,,,,,,,,,,,,,,,,,,,,,,,,,,92,98.6,92.5,91.8,95.5,83.8,0.921652,87.2,100,95.5,89.7,85.3,76,0.884945,99.1,100,100,100,98.4,97.6,0.991896,98.9,100,100,97.3,97.4,100,0.989229,99.6,100,100,100,100,98.3,0.996553,100,,100,100,100,100,1,,,,,,,,,,,,,237.84,213.82,6.39062,237.36,218.4,6.464733,256.88,247.1,7.35907,257.49,246.98,7.368529,239.36,230.98,6.731628,248.25,231.54,6.911466,,,,,5.9,5.7,7.3,7.3,6.7,6.9,,,,,6.1,6.4,6.6,6.8
SP,3554102,Taubaté,35659538,JOSE MARCONDES DE MOURA PROF EMEIEFM,Municipal,,,,,,,,,,,,,,,93.9,91.7,100,93.8,91.2,95.8,0.943941,92.7,100,81.8,91.3,92,96.9,0.91967,87.9,100,82.6,81,83.3,100,0.885629,92.3,100,100,94.1,90,83.3,0.930355,98.6,100,95,100,100,100,0.989583,95.7,100,100,91.3,95.8,94.1,0.9612,99.1,100,100,100,92.9,100,0.984945,99,100,100,100,100,93.3,0.985841,,,,,,,196.29,180.29,4.988045,186.27,165.97,4.53646,194.82,185.02,5.045992,188.41,172.17,4.690027,,,,216.86,209.9,5.918966,209.65,192.01,5.456098,213.14,202.66,5.716337,,,4.7,4.2,4.5,4.4,,5.7,5.4,5.6,,,5,5.3,5.5,5.8,6.1,6.3
SP,3555406,Ubatuba,35201820,JOSE BELARMINO SOBRINHO EM,Municipal,92.6,,100,70.8,100,92.3,0.889709,91.1,,100,76,100,81.8,0.881391,82.2,90.9,68.8,88.9,88.9,73.1,0.810201,93.4,100,100,94.4,100,82.1,0.947445,96.2,100,100,86.4,100,95,0.959686,92.2,100,100,75,100,100,0.9375,93.4,100,100,75,100,96.2,0.930608,93.4,94.7,100,78.3,100,100,0.93754,100,100,100,100,100,100,1,96.6,93.8,100,88.9,100,100,0.963213,178.51,166.92,4.405533,173.68,164.2,4.264011,202.1,183.09,5.149832,192.27,176.78,4.847509,198.43,192.08,5.243248,,,,242.27,227.08,6.716253,229.11,222.89,6.388926,229.25,233.94,6.592507,,,,3.9,3.8,4.2,4.6,5,,6.3,6,6.6,,4,4.3,4.7,5,5.3,5.6,5.8,6.1
PR,4106902,Curitiba,41127013,ALBERT SCHWEITZER E M EF,Municipal,,,,,,,,,,,,,,,,,,,,,,,,,,,,,,,,,,,,,,,,,,,,,,,,,,,,,,,,,,,,,,,,100,100,100,100,100,100,1,,,,,,,,,,,,,,,,,,,,,,,,,,,,222.18,229.5,6.376856,,,,,,,,,,6.4,,,,,,,,
PR,4106902,Curitiba,41127021,ALCYONE M C VELLOZO C E PROF EF M PROFI,Estadual,92.7,,,100,100,87.5,0.954545,87.8,,,,,87.8,0.878,,,,,,,,,,,,,,,,,,,,,,,,,,,,,,,,,,,,,,,,,,,,,,,,,,,,,,,,,190.82,180.17,4.881396,218.89,186.74,5.536616,,,,,,,,,,,,,,,,,,,,,,,,,4.7,4.9,,,,,,,,,4.7,5.1,5.4,5.7,6,6.2,6.4,6.7
PR,4106902,Curitiba,41127200,ANGELO TREVISAN C E EF M PROFIS,Estadual,98.4,,98.3,100,100,95.7,0.984682,97.1,,98.9,98.3,100,91,0.969152,96.6,,100,100,100,87,0.963989,96.8,,,100,100,90.9,0.967708,98.8,,,,,98.8,0.988,,,,,,,,,,,,,,,,,,,,,,,,,,,,,,,,,,,,228.8,217.54,6.285654,249.52,226.45,6.843158,246.99,228.45,6.831239,245.21,215.89,6.568906,256.07,229.36,7.021067,,,,,,,,,,,,,,,,6.2,6.6,6.6,6.4,6.9,,,,,,6.2,6.5,6.8,7,7.2,7.4,7.5,7.7
PR,4106902,Curitiba,41127218,ANGELO VOLPATO C E EF M,Estadual,87.4,,86.5,97.2,99,69.4,0.862832,92.1,,97.2,98.5,98.6,78.7,0.924026,95.9,,94.6,97.9,98.4,93,0.959218,91.1,,,,97.1,87.5,0.920504,,,,,,,,,,,,,,,,,,,,,,,,,,,,,,,,,,,,,,,,,,,185.52,179.59,4.769834,196.74,170.4,4.816815,220.89,192.91,5.686965,205.46,179.97,5.157227,,,,,,,,,,,,,,,,,,,4.1,4.5,5.5,4.7,,,,,,,4.2,4.5,4.9,5.2,5.5,5.7,6,6.3
PR,4106902,Curitiba,41127382,ATTICO EUSEBIO DA ROCHA C E D EF M PROF,Estadual,91.5,,100,96.2,100,77.2,0.922757,88.1,,,79.4,93.3,89.7,0.870553,83.6,,,,,83.6,0.836,,,,,,,,,,,,,,,,,,,,,,,,,,,,,,,,,,,,,,,,,,,,,,,,,,197.53,192.69,5.237154,216.47,194.45,5.630614,210.22,191.7,5.461339,,,,,,,,,,,,,,,,,,,,,,4.8,4.9,4.6,,,,,,,,4.9,5.2,5.6,5.9,6.1,6.3,6.6,6.8
PR,4106902,Curitiba,41128052,CARRAO C E CONS EF M,Estadual,87.8,,90.9,95,96.9,78.2,0.896157,97,,,,96.7,97.4,0.970487,,,,,,,,,,,,,,,,,,,,,,,,,,,,,,,,,,,,,,,,,,,,,,,,,,,,,,,,,177.19,167.35,4.388263,187.83,171.42,4.665322,,,,,,,,,,,,,,,,,,,,,,,,,3.9,4.5,,,,,,,,,4,4.3,4.7,5,5.3,5.6,5.9,6.1
RS,4316808,Santa Cruz do Sul,43119956,ESC EST ENS MED ERNESTO ALVES DE OLIVEIRA,Estadual,96.7,,93.9,92,100,100,0.96341,99.5,100,100,100,98.1,100,0.996141,97.1,100,94.5,95.8,100,96.4,0.972879,94.8,100,94.4,94.2,94.7,87.1,0.938973,99.6,100,100,98.2,100,100,0.996347,98.2,100,100,94.1,100,96.6,0.980797,98.1,100,100,94.6,98.3,98.1,0.981596,99.6,100,100,98.3,100,100,0.996553,100,100,100,100,100,100,1,100,100,100,100,100,100,1,221.74,209.09,5.99732,236.4,212.99,6.348049,237.3,226.21,6.605588,241.34,231.75,6.783414,232.35,221.7,6.429122,261.75,242.05,7.360191,264.35,254.59,7.637809,268.2,250.54,7.637646,256.71,245.33,7.323644,258.75,244.97,7.35603,5.8,6.3,6.4,6.4,6.4,7.2,7.5,7.6,7.3,7.4,5.8,6.1,6.5,6.7,6.9,7.1,7.3,7.4
RS,4316808,Santa Cruz do Sul,43120318,EMEF DONA LEOPOLDINA,Municipal,,,,,,,,,,,,,,,,,,,,,,,,,,,,,,,,,,,,96.4,100,100,94.7,93.3,95,0.965175,97.8,100,100,93.8,100,94.1,0.974887,96.7,95.2,100,95.5,94.1,100,0.968947,96.6,100,100,90.5,90,100,0.958574,98,100,100,97,93.3,100,0.979866,,,,,,,,,,,,,,,,257.52,218.26,6.84692,257.66,244.68,7.329956,238.34,220.46,6.52089,249.1,233.93,6.971142,237.42,229.25,6.663151,,,,,,6.6,7.1,6.3,6.7,6.5,,,,,,6.8,7,7.2
RS,4316808,Santa Cruz do Sul,43172210,EMEF SANTUARIO,Municipal,70.2,,67.8,72.2,70.8,70.2,0.702136,85,100,68.4,80.4,91.7,83,0.83318,91.7,100,86.7,93.8,97.6,83.9,0.919796,83.1,100,78.9,78.6,82.9,78.9,0.831478,92.1,100,100,87,97.5,77.8,0.915682,87.7,100,100,80.5,87.8,80,0.887912,93.5,97.2,100,79.4,100,94.3,0.934807,98.8,100,100,95.2,100,100,0.990017,89.1,100,100,76.5,77.3,85.7,0.866895,89.9,100,100,79.4,89.3,78.8,0.885222,181.17,175.02,4.603711,169.86,156.67,4.054201,217.63,194.24,5.648933,222.61,199.77,5.844517,226.9,192.81,5.799842,207.24,192.06,5.411015,240.98,221.82,6.595999,,,,,,,221.18,217.2,6.134136,3.2,3.4,5.2,4.9,5.3,4.8,6.2,,,5.4,3.3,3.6,4,4.3,4.6,4.9,5.2,5.5
RS,4316907,Santa Maria,43122043,ESC EST ENS MED DR WALTER JOBIM,Estadual,82.9,,74.5,92.9,96,77.5,0.841982,89.7,100,67.9,90.4,90.5,100,0.879674,99.5,100,100,100,100,98.2,0.996347,93.6,100,100,100,84.6,84,0.930664,93.1,100,100,81.8,92.9,90.6,0.925468,83.3,100,100,87,68,70.8,0.828852,95,100,100,87.5,88.2,100,0.947572,90,100,100,89.5,80,85.7,0.903476,100,100,100,100,100,100,1,,,,,,,,195.06,194.74,5.227141,184.89,167.76,4.54267,197.16,178.84,4.978285,213.59,214.09,5.932743,222.47,213.12,6.084573,199.87,185.93,5.158911,205.89,198.68,5.505615,194.12,186.51,5.059724,,,,,,,4.4,4,5,5.5,5.6,4.3,5.2,4.6,,,4.5,4.8,5.2,5.5,5.7,6,6.2,6.5
RS,4316907,Santa Maria,43122051,EMEF PROFESSORA MARIA DE LOURDES BANDEIRA MEDINA,Municipal,,,,,,,,92.8,100,84,82.8,94.7,100,0.916729,89.2,100,78.8,95.5,81.5,96.2,0.895632,92,100,100,85.7,91.7,80,0.907874,88.7,94.4,95.2,82.6,86.7,87,0.88917,83.6,100,100,77.3,76,66.7,0.818505,89.1,100,100,90,77.8,80.8,0.887456,89,95.7,100,82.6,85.7,81.8,0.885749,,,,,,,,90.1,100,100,86.4,90,78.3,0.901606,,,,173.69,145.89,3.931293,191.39,160.05,4.526534,199.73,192.28,5.271694,227.72,210.12,6.130218,219.17,196.72,5.723414,227.02,220.99,6.314495,213.97,212.71,5.914904,,,,198.45,179.74,5.019266,,3.6,4.1,4.8,5.5,4.7,5.6,5.2,,4.5,,3.8,4.1,4.4,4.7,5,5.3,5.6
RS,4316907,Santa Maria,43123120,ESC EST ENS MED PRINCESA ISABEL,Estadual,,,,,,,,,,,,,,,83.3,100,75,,,80.6,0.839389,,,,,,,,,,,,,,,,,,,,,,,,,,,,,,,,,,,,,,,,,,,,,,,,,,,,,,,,176.38,153.92,4.128629,,,,,,,,,,,,,,,,,,,,,,,,3.5,,,,,,,,,,3.7,4,4.3,4.6,4.9,5.2
RS,4316907,Santa Maria,43123180,ESC EST ENS MED MARECHAL HUMBERTO DE ALENCAR CASTELO BRANCO,Estadual,92.7,,84.1,94.8,96.4,93.7,0.919859,92.7,100,84.3,85.7,97.6,100,0.929767,90.8,97.6,92,91.7,97.8,78.6,0.909617,90.1,100,91.1,93.2,91.5,71.4,0.882751,92.8,94.4,100,90.3,88.9,94.4,0.934418,88.6,100,100,76.7,82.2,88.5,0.884914,,,,,,,,95.9,100,100,87.5,100,94.3,0.960928,99.4,100,100,100,100,98.1,0.996141,96.5,100,100,82.8,97.4,97.9,0.951317,184.88,176.55,4.702243,188.93,177.29,4.793042,220.9,194.07,5.708247,204.56,182.79,5.191324,,,,233.54,231.4,6.628196,,,,229.13,210.23,6.159126,224.43,203.21,5.941795,232.71,223.91,6.476174,4.3,4.5,5.2,4.6,,5.9,,5.9,5.9,6.2,4.4,4.7,5.1,5.4,5.7,5.9,6.2,6.4
RS,4316907,Santa Maria,43123260,ESC BASICA EST CICERO BARRETO,Estadual,79.7,,65.2,79.7,86.9,89.3,0.790668,79.7,90,55.5,87.8,90,89.3,0.795824,90.4,94.7,78.3,94.7,95.2,93,0.906658,87.9,91.3,88.4,95.7,78.8,81.5,0.866931,88.1,100,100,92.1,75,86.4,0.896617,93.6,100,100,90,89.7,94.1,0.945423,,,,,,,,,,,,,,,91.5,100,95,82.6,85.7,95.2,0.912314,94.4,94.4,92.6,100,95.5,91.3,0.946675,193.22,199.16,5.272572,214.08,187.09,5.451185,202.61,189.15,5.269747,214.38,197.94,5.654183,204.83,195.31,5.424113,209.02,216.55,5.890257,,,,,,,,,,212.41,212,5.872224,4.2,4.3,4.8,4.9,4.9,5.6,,,,5.6,4.2,4.6,5,5.3,5.5,5.8,6.1,6.3
RS,4316907,Santa Maria,43123279,ESC EST ENS MED DOM ANTONIO REIS,Estadual,72.4,,63,73.3,80.7,76.8,0.728226,89.1,100,84.5,93,87.2,89.1,0.904515,77.1,97.5,60.9,70.6,80.7,70.3,0.741209,91,100,96.2,87.9,87.5,86.2,0.912391,87.3,92,100,69.2,82.6,96.2,0.864723,95.8,100,100,92.6,94.1,96,0.964454,,,,,,,,,,,,,,,,,,,,,,,,,,,,,180.97,173.99,4.581126,192.68,163.99,4.622788,190.48,169.11,4.673895,189.87,163.76,4.564981,192.04,178.04,4.866029,184.09,184.58,4.833221,,,,,,,,,,,,,3.3,4.2,3.5,4.2,4.2,4.7,,,,,3.4,3.7,4.2,4.4,4.7,5,5.3,5.6
MT,5107040,Primavera do Leste,51046946,CME CARLOS DRUMMOND DE ANDRADE,Municipal,,,,,,,,,,,,,,,88.4,100,92,81,83.3,88,0.883647,91.4,100,85.7,93.5,90,88.5,0.912836,97.9,100,100,100,92.6,95.8,0.975847,97.7,100,100,100,95.8,89.5,0.968775,97.5,100,100,100,92,96.4,0.975743,97.9,100,100,100,93.8,96.6,0.980143,95.8,100,100,100,93.5,86.2,0.956094,100,100,100,100,100,100,1,,,,,,,191.47,168.3,4.67806,199.01,181.3,5.058317,188.86,182,4.877342,214.77,202.02,5.735808,205.74,218.03,5.85457,212.34,207.35,5.786343,,,,202.66,202.16,5.507246,,,4.1,4.6,4.8,5.6,5.7,5.7,,5.5,,,4.4,4.7,5,5.3,5.6,5.8
MT,5107040,Primavera do Leste,51047101,EE CAMPO VILA UNIAO,Estadual,,,,,,,,,,,,,,,,,,,,,,,,,,,,,,,,,,,,98.9,93.8,100,100,100,100,0.986953,,,,,,,,100,100,100,100,100,100,1,100,100,100,100,100,100,1,100,100,100,100,100,100,1,,,,,,,,,,,,,,,,196.83,198.73,5.333623,,,,213.83,199.26,5.667687,200.49,192.21,5.284925,,,,,,,,,5.3,,5.7,5.3,,,,,,,5.5,5.8,6
MT,5107040,Primavera do Leste,51047110,EE MONTEIRO LOBATO,Estadual,66.9,91.1,50.7,50,85.7,71.1,0.654158,97.6,100,97.1,95.3,100,96.6,0.977635,97,100,100,84.8,100,100,0.965392,96.6,100,100,83.3,100,100,0.96145,100,100,100,100,100,100,1,100,100,100,100,100,100,1,100,100,100,100,100,100,1,98.8,100,96.8,100,100,97.7,0.988807,99.5,100,100,100,98.1,100,0.996141,100,,,100,100,100,1,205.26,196.14,5.447415,221.35,196.66,5.763926,216.43,210.56,5.92276,229.78,208.95,6.148258,225.06,227.35,6.392727,259.09,234.57,7.173427,232.08,211.93,6.246333,248.44,236.42,7.00382,218.23,216.26,6.060747,212.58,194.2,5.551832,3.6,5.6,5.7,5.9,6.4,7.2,6.2,6.9,6,5.6,3.6,4,4.4,4.7,5,5.2,5.5,5.8
MT,5107040,Primavera do Leste,51066963,ESCOLA ESTADUAL PROFESSORA MARIA SEBASTIANA DE SOUZA,Estadual,,,,,,,,,,,,,,,,,,,,,,,,,,,,,,,,,,,,100,100,100,100,100,100,1,98,96.9,95.7,97.2,99.3,99.4,0.976788,97.2,98.3,96.7,96,97.2,97.9,0.97213,91.5,95.4,82.5,94.1,86.8,95.7,0.90579,100,,,100,100,100,1,,,,,,,,,,,,,,,,198.14,189.28,5.186805,213.24,203.54,5.734246,210.08,204.01,5.682486,195.63,184.96,5.060359,204.41,197.2,5.450461,,,,,,5.2,5.6,5.5,4.6,5.5,,,,,,5.4,5.7,6
MT,5107040,Primavera do Leste,51070120,EEDIEB GETULIO DORNELLES VARGAS,Estadual,,,,,,,,,,,,,,,,,,,,,,,,,,,,,,,,,,,,,,,,,,,,,,,,,,,,,,,,,,,,,,,,100,,,100,100,100,1,,,,,,,,,,,,,,,,,,,,,,,,,,,,230.68,226.58,6.485979,,,,,,,,,,6.5,,,,,,,,
MT,5107040,Primavera do Leste,51143801,EE CREMILDA DE OLIVEIRA VIANA,Estadual,,,,,,,,,,,,,,,,,,,,,,,,,,,,,,,,,,,,100,100,100,100,100,100,1,100,100,100,100,100,100,1,95.8,95.9,95.3,96.3,97.8,94.2,0.958854,99,100,100,96.9,98.8,99.1,0.989468,99.7,,,100,100,99.1,0.996982,,,,,,,,,,,,,,,,208.44,207.2,5.709188,222.08,216.94,6.146584,227.77,216.79,6.252445,210.05,205.48,5.708641,245.69,219.2,6.638248,,,,,,5.7,6.1,6,5.6,6.6,,,,,,6,6.2,6.4
