Restrição de Atendimento,Escola,Código INEP,UF,Município,Localização,Localidade Diferenciada,Categoria Administrativa,Endereço,Telefone,Dependência Administrativa,Categoria Escola Privada,Conveniada Poder Público,Regulamentação pelo Conselho de Educação,Porte da Escola,Etapas e Modalidade de Ensino Oferecidas,Outras Ofertas Educacionais,Latitude,Longitude
ESCOLA EM FUNCIONAMENTO E SEM RESTRIÇÃO DE ATENDIMENTO,EMEIEF PEQUENOS TALENTOS,11000040,RO,Porto Velho,Urbana,A escola não está em área de localização diferenciada,Pública,"RUA CAETANO, 3256 PREDIO. CALADINHO. 76808-108 Porto Velho - RO.",(69) 32274273,Municipal,Não Informado,Não,Sim,Entre 201 e 500 matrículas de escolarização,Educação Infantil,Atendimento Educacional Especializado,-8.79373016,-63.88391863
ESCOLA EM FUNCIONAMENTO E SEM RESTRIÇÃO DE ATENDIMENTO,COLEGIO TIRADENTES DA POLICIA MILITAR - CTPM I,11000260,RO,Porto Velho,Urbana,A escola não está em área de localização diferenciada,Pública,"AVENIDA DOS IMIGRANTES, 4884 INDUSTRIAL. 76821-291 Porto Velho - RO.",(69) 93268418,Estadual,Não Informado,Não,Em Tramitação,Mais de 1000 matrículas de escolarização,"Educação Infantil, Ensino Fundamental, Ensino Médio",,-8.7382676,-63.8790881
ESCOLA EM FUNCIONAMENTO E SEM RESTRIÇÃO DE ATENDIMENTO,EMEIEF 13 DE MAIO,11000368,RO,Porto Velho,Rural,A escola não está em área de localização diferenciada,Pública,"RUA CAMPO GRANDE, 582 TELEACRE. 76847-000 Porto Velho - RO.",(69) 32521161,Municipal,Não Informado,Não,Sim,Entre 201 e 500 matrículas de escolarização,"Educação Infantil, Ensino Fundamental",Atendimento Educacional Especializado,-9.777907091,-66.35614607
ESCOLA EM FUNCIONAMENTO E SEM RESTRIÇÃO DE ATENDIMENTO,EEEFM BELA VISTA,11000597,RO,Porto Velho,Urbana,A escola não está em área de localização diferenciada,Pública,"RUA GOVERNADOR VALADARES, 3601 CONCEICAO. 76808-298 Porto Velho - RO.",(69) 999311237,Estadual,Não Informado,Não,Sim,Entre 201 e 500 matrículas de escolarização,"Ensino Fundamental, Ensino Médio",Atendimento Educacional Especializado,-8.798406,-63.8923997
ESCOLA EM FUNCIONAMENTO E SEM RESTRIÇÃO DE ATENDIMENTO,EEEFM CAP CLAUDIO MANOEL DA COSTA,11000708,RO,Porto Velho,Urbana,A escola não está em área de localização diferenciada,Pública,"RUA JOAO ELIAS DE SOUZA, 301 CIDADE DO LOBO. 76810-534 Porto Velho - RO.",(69) 993856781,Estadual,Não Informado,Não,Em Tramitação,Mais de 1000 matrículas de escolarização,"Ensino Fundamental, Ensino Médio, Educação de Jovens Adultos",Atendimento Educacional Especializado,-8.806943,-63.8848503
ESCOLA EM FUNCIONAMENTO E SEM RESTRIÇÃO DE ATENDIMENTO,EEEFM DR OSWALDO PIANNA,11000937,RO,Porto Velho,Urbana,A escola não está em área de localização diferenciada,Pública,"RUA MONTES CLAROS, 6614 NACIONAL. 76801-894 Porto Velho - RO.",(69) 992355685,Estadual,Não Informado,Não,Sim,Entre 501 e 1000 matrículas de escolarização,"Ensino Fundamental, Educação de Jovens Adultos",Atendimento Educacional Especializado,-8.7275472,-63.9090556
ESCOLA EM FUNCIONAMENTO E SEM RESTRIÇÃO DE ATENDIMENTO,EIEEF HAP BITT TUPARI,11022558,RO,Alta Floresta D'Oeste,Rural,Terra indígena,Pública,"TERRA INDIGENA RIO BRANCO, ALDEIA COLORADO. RURAL. 76954-000 Alta Floresta D'Oeste - RO.",(69) 993784647,Estadual,Não Informado,Não,Sim,Até 50 matrículas de escolarização,Ensino Fundamental,,                              ,                              
ESCOLA EM FUNCIONAMENTO E SEM RESTRIÇÃO DE ATENDIMENTO,CEEJA LUIZ VAZ DE CAMOES,11024275,RO,Alta Floresta D'Oeste,Urbana,A escola não está em área de localização diferenciada,Pública,"AVENIDA RIO DE JANEIRO, 4776 ESCOLA. CIDADE ALTA. 76954-000 Alta Floresta D'Oeste - RO.",(69) 36412656,Estadual,Não Informado,Não,Sim,Entre 51 e 200 matrículas de escolarização,Educação de Jovens Adultos,,-11.9309573,-61.9865132
ESCOLA PARALISADA,EMMEF 7 DE SETEMBRO,11024291,RO,Alta Floresta D'Oeste,Rural,Não Informado,Pública,"LINHA 60 COM A 140, 76954-000 Alta Floresta D'Oeste - RO.",(69) 36413630,Municipal,Não Informado,Não,,,,,-12.04284487,-62.17757596
ESCOLA EM FUNCIONAMENTO E SEM RESTRIÇÃO DE ATENDIMENTO,EMEIEF ANA NERY,11024372,RO,Alta Floresta D'Oeste,Rural,A escola não está em área de localização diferenciada,Pública,"ROLIM DE MOURA DO GUAPORE, ZONA RURAL. 76954-000 Alta Floresta D'Oeste - RO.",(69) 36413630,Municipal,Não Informado,Não,Sim,Entre 51 e 200 matrículas de escolarização,"Educação Infantil, Ensino Fundamental",,-13.08366621,-62.27693003
ESCOLA EM FUNCIONAMENTO E SEM RESTRIÇÃO DE ATENDIMENTO,EMEIEF BOA ESPERANCA,11024666,RO,Alta Floresta D'Oeste,Rural,A escola não está em área de localização diferenciada,Pública,"LINHA P 50 KM 22, ZONA RURAL. LINHA P.50. 76954-000 Alta Floresta D'Oeste - RO.",(69) 999005110,Municipal,Não Informado,Não,Sim,Entre 51 e 200 matrículas de escolarização,"Educação Infantil, Ensino Fundamental",,-12.12982012,-61.99334879
ESCOLA EM FUNCIONAMENTO E SEM RESTRIÇÃO DE ATENDIMENTO,EEEFM EURIDICE LOPES PEDROSO,11024682,RO,Alta Floresta D'Oeste,Urbana,A escola não está em área de localização diferenciada,Pública,"AVENIDA MATO GROSSO, 3861 CENTRO. 76954-000 Alta Floresta D'Oeste - RO.",(69) 36412015,Estadual,Não Informado,Não,Sim,Entre 501 e 1000 matrículas de escolarização,"Ensino Fundamental, Ensino Médio",Atendimento Educacional Especializado,-11.9273293,-61.995058
ESCOLA EM FUNCIONAMENTO E SEM RESTRIÇÃO DE ATENDIMENTO,EMEIEF IZIDORO STEDILE,11024828,RO,Alta Floresta D'Oeste,Rural,A escola não está em área de localização diferenciada,Pública,"LINHA 138 KM 100, S/N DISTRITO. IZIDOLANDIA. 76954-000 Alta Floresta D'Oeste - RO.",(69) 99787014,Municipal,Não Informado,Não,Sim,Entre 51 e 200 matrículas de escolarização,"Educação Infantil, Ensino Fundamental",,-12.60328476,-62.17533345
ESCOLA EM FUNCIONAMENTO E SEM RESTRIÇÃO DE ATENDIMENTO,EMEIEF JOSE BASILIO DA GAMA,11024917,RO,Alta Floresta D'Oeste,Rural,A escola não está em área de localização diferenciada,Pública,"LINHA 42,5 KM 17, 76954-000 Alta Floresta D'Oeste - RO.",(69) 99695118,Municipal,Não Informado,Não,Sim,Entre 51 e 200 matrículas de escolarização,"Educação Infantil, Ensino Fundamental",,-11.88567737,-62.06721101
ESCOLA EM FUNCIONAMENTO E SEM RESTRIÇÃO DE ATENDIMENTO,EEEMTI JUSCELINO KUBITSCHEK DE OLIVEIRA,11024968,RO,Alta Floresta D'Oeste,Urbana,A escola não está em área de localização diferenciada,Pública,"AVENIDA AMAPA, 4503 SANTA FELICIDADE. 76954-000 Alta Floresta D'Oeste - RO.",(69) 36412127,Estadual,Não Informado,Não,Sim,Entre 201 e 500 matrículas de escolarização,"Ensino Fundamental, Ensino Médio",,-11.9246006,-61.9893275
ESCOLA PARALISADA,EMMEF MALBA TAHAN,11025034,RO,Alta Floresta D'Oeste,Rural,Não Informado,Pública,"LINHA 95 COM 140, 76954-000 Alta Floresta D'Oeste - RO.",(69) 36413630,Municipal,Não Informado,Não,,,,,-12.29395256,-62.10423212
ESCOLA EM FUNCIONAMENTO E SEM RESTRIÇÃO DE ATENDIMENTO,EMEIEF MARIA DE SOUZA PEGO,11025077,RO,Alta Floresta D'Oeste,Rural,A escola não está em área de localização diferenciada,Pública,"LINHA 47,5, 76954-000 Alta Floresta D'Oeste - RO.",(69) 99651326,Municipal,Não Informado,Não,Sim,Entre 51 e 200 matrículas de escolarização,"Educação Infantil, Ensino Fundamental",,-11.91801765,-62.32095124
ESCOLA EM FUNCIONAMENTO E SEM RESTRIÇÃO DE ATENDIMENTO,EMMEF MARTIM AFONSO DE SOUZA,11025115,RO,Alta Floresta D'Oeste,Rural,A escola não está em área de localização diferenciada,Pública,"LINHA 50 COM A 134, 76954-000 Alta Floresta D'Oeste - RO.",(69) 36412215,Municipal,Não Informado,Não,Sim,Até 50 matrículas de escolarização,Ensino Fundamental,,-11.94904005,-62.22953537
ESCOLA EM FUNCIONAMENTO E SEM RESTRIÇÃO DE ATENDIMENTO,EMEIEF PADRE FEIJO,11025280,RO,Alta Floresta D'Oeste,Rural,A escola não está em área de localização diferenciada,Pública,"LINHA 105 COM A 152, SN DISTR. DE FILADELFIA. ZONA RURAL. 76954-000 Alta Floresta D'Oeste - RO.",(69) 99279305,Municipal,Não Informado,Não,Sim,Entre 51 e 200 matrículas de escolarização,"Educação Infantil, Ensino Fundamental",,-12.43655517,-62.0426595
ESCOLA EM FUNCIONAMENTO E SEM RESTRIÇÃO DE ATENDIMENTO,EMEIEF PEDRO ALEIXO,11025310,RO,Alta Floresta D'Oeste,Rural,A escola não está em área de localização diferenciada,Pública,"LINHA 148 COM A 65 KM 38, 76954-000 Alta Floresta D'Oeste - RO.",(69) 992797168,Municipal,Não Informado,Não,Sim,Entre 201 e 500 matrículas de escolarização,"Educação Infantil, Ensino Fundamental",,-12.08884367,-62.10503397
ESCOLA EM FUNCIONAMENTO E SEM RESTRIÇÃO DE ATENDIMENTO,EMEIEF POTY,11025352,RO,Alta Floresta D'Oeste,Rural,A escola não está em área de localização diferenciada,Pública,"LINHA 60 COM A 156, KM 18 KM 18. ZONA RURAL. 76954-000 Alta Floresta D'Oeste - RO.",(69) 92491175,Municipal,Não Informado,Não,Sim,Entre 51 e 200 matrículas de escolarização,"Educação Infantil, Ensino Fundamental",Atendimento Educacional Especializado,-12.04266138,-62.03112723
ESCOLA PARALISADA,EMMEF SAO JORGE,11025476,RO,Alta Floresta D'Oeste,Rural,Não Informado,Pública,"LINHA 156 COM A 85 ESQUINA COM A 90 KM 53, 76954-000 Alta Floresta D'Oeste - RO.",(69) 36413630,Municipal,Não Informado,Não,,,,,-12.28509704,-62.04207831
ESCOLA EM FUNCIONAMENTO E SEM RESTRIÇÃO DE ATENDIMENTO,EEEF TANCREDO DE ALMEIDA NEVES,11025620,RO,Alta Floresta D'Oeste,Urbana,A escola não está em área de localização diferenciada,Pública,"AVENIDA ALTA FLORESTA, 2973 PRINCESA IZABEL. 76954-000 Alta Floresta D'Oeste - RO.",(69) 999693360,Estadual,Não Informado,Não,Sim,Entre 201 e 500 matrículas de escolarização,"Ensino Fundamental, Educação de Jovens Adultos",Atendimento Educacional Especializado,-11.9239175,-62.0032528
ESCOLA EM FUNCIONAMENTO E SEM RESTRIÇÃO DE ATENDIMENTO,COLEGIO TIRADENTES DA POLICIA MILITAR - CTPM XI,11025638,RO,Alta Floresta D'Oeste,Urbana,A escola não está em área de localização diferenciada,Pública,"RUA NEREU RAMOS, 4581 REDONDO. 76954-000 Alta Floresta D'Oeste - RO.",(69) 36413924,Estadual,Não Informado,Não,Em Tramitação,Entre 501 e 1000 matrículas de escolarização,"Ensino Fundamental, Ensino Médio",Atendimento Educacional Especializado,-11.934471,-62.0028328
ESCOLA EM FUNCIONAMENTO E SEM RESTRIÇÃO DE ATENDIMENTO,EMEIEF FLORESTA ENCANTADA,11025654,RO,Alta Floresta D'Oeste,Urbana,A escola não está em área de localização diferenciada,Pública,"AV. BAHIA, 4598 CIDADE ALTA. 76954-000 Alta Floresta D'Oeste - RO.",(69) 36413263,Municipal,Não Informado,Não,Sim,Entre 201 e 500 matrículas de escolarização,"Educação Infantil, Ensino Fundamental",Atendimento Educacional Especializado,-11.9318066,-61.9882186
ESCOLA EM FUNCIONAMENTO E SEM RESTRIÇÃO DE ATENDIMENTO,EIEEFM KON KOATT TUPARI,11037962,RO,Alta Floresta D'Oeste,Rural,Terra indígena,Pública,"TERRA INDIGENA RIO BRANCO, S/N ALDEIA CAJUI. RURAL. 76954-000 Alta Floresta D'Oeste - RO.",(69) 993784647,Estadual,Não Informado,Não,Sim,Entre 51 e 200 matrículas de escolarização,"Ensino Fundamental, Ensino Médio",,                              ,                              
ESCOLA EM FUNCIONAMENTO E SEM RESTRIÇÃO DE ATENDIMENTO,EIEEF SAW D JO TUPARI,11038047,RO,Alta Floresta D'Oeste,Rural,Terra indígena,Pública,"RESERVA BIOLOGICA VALE DO GUAPORE, S/N ALDEIA PALHAL. RURAL. 76954-000 Alta Floresta D'Oeste - RO.",(69) 993784647,Estadual,Não Informado,Não,Sim,Até 50 matrículas de escolarização,Ensino Fundamental,,                              ,                              
ESCOLA EM FUNCIONAMENTO E SEM RESTRIÇÃO DE ATENDIMENTO,EIEEFM BOATT GERAINNY,11038373,RO,Alta Floresta D'Oeste,Rural,Terra indígena,Pública,"TERRA INDIGENA RIO BRANCO, S/N ALDEIA SAO LUIZ. RURAL. 76954-000 Alta Floresta D'Oeste - RO.",(69) 993784647,Estadual,Não Informado,Não,Sim,Entre 51 e 200 matrículas de escolarização,"Ensino Fundamental, Ensino Médio",,                              ,                              
ESCOLA EM FUNCIONAMENTO E SEM RESTRIÇÃO DE ATENDIMENTO,CRECHE MUNICIPAL CANTINHO DA ALEGRIA,11039493,RO,Alta Floresta D'Oeste,Urbana,A escola não está em área de localização diferenciada,Pública,"RUA TERESINA, Nº 7802 PREDIO. REDONDO. 76954-000 Alta Floresta D'Oeste - RO.",(69) 36413166,Municipal,Não Informado,Não,Sim,Entre 51 e 200 matrículas de escolarização,Educação Infantil,,-11.92321819,-62.00246545
ESCOLA EM FUNCIONAMENTO E SEM RESTRIÇÃO DE ATENDIMENTO,EIEEF MEKITOM TUPARI,11046236,RO,Alta Floresta D'Oeste,Rural,Terra indígena,Pública,"TERRA INDIGENA RIO BRANCO, ALDEIA POCAO. RURAL. 76954-000 Alta Floresta D'Oeste - RO.",(69) 993784647,Estadual,Não Informado,Não,Sim,Até 50 matrículas de escolarização,Ensino Fundamental,,                              ,                              
ESCOLA EM FUNCIONAMENTO E SEM RESTRIÇÃO DE ATENDIMENTO,EIEEF AMEN KOARE TUPARI,11046244,RO,Alta Floresta D'Oeste,Rural,Terra indígena,Pública,"TERRA INDIGENA RIO BRANCO, S/N ALDEIA FIGUEIRA. RURAL. 76954-000 Alta Floresta D'Oeste - RO.",(69) 993784647,Estadual,Não Informado,Não,Sim,Até 50 matrículas de escolarização,Ensino Fundamental,,                              ,                              
ESCOLA EM FUNCIONAMENTO E SEM RESTRIÇÃO DE ATENDIMENTO,EIEEFM ANOMAE TUPARI,11046252,RO,Alta Floresta D'Oeste,Rural,Terra indígena,Pública,"TERRA INDIGENA RIO BRANCO, S/N ALDEIA SERRINHA. RURAL. 76954-000 Alta Floresta D'Oeste - RO.",(69) 993784647,Estadual,Não Informado,Não,Sim,Entre 51 e 200 matrículas de escolarização,"Ensino Fundamental, Ensino Médio",,                              ,                              
ESCOLA EM FUNCIONAMENTO E SEM RESTRIÇÃO DE ATENDIMENTO,CENTRO EDUCACIONAL DR ANTONIO LAZARO DE MOURA,11046864,RO,Alta Floresta D'Oeste,Urbana,A escola não está em área de localização diferenciada,Privada,"AV MINAS GERAIS ESQUINA COM A FORTALEZA, 4405 CIDADE ALTA. 76954-000 Alta Floresta D'Oeste - RO.",(69) 36413055,Privada,Filantrópica,Sim,Em Tramitação,Escola sem matrícula de escolarização,,"Atendimento Educacional Especializado, Atividade Complementar",-11.9326001,-61.983286
ESCOLA EM FUNCIONAMENTO E SEM RESTRIÇÃO DE ATENDIMENTO,EMEI MONTEIRO LOBATO,11047402,RO,Alta Floresta D'Oeste,Urbana,A escola não está em área de localização diferenciada,Pública,"RUA ACRE ESQUINA COM AVENIDA NILO PECANHA, 4357 REDONDO. 76954-000 Alta Floresta D'Oeste - RO.",(69) 999137895,Municipal,Não Informado,Não,Sim,Entre 201 e 500 matrículas de escolarização,Educação Infantil,,-11.93256197,-61.99928624
ESCOLA EM FUNCIONAMENTO E SEM RESTRIÇÃO DE ATENDIMENTO,EMEIEF 17 DE JUNHO,11047461,RO,Alta Floresta D'Oeste,Urbana,A escola não está em área de localização diferenciada,Pública,"AVENIDA BRASIL, 2934 REDONDO. 76954-000 Alta Floresta D'Oeste - RO.",(69) 999514356,Municipal,Não Informado,Não,Sim,Entre 201 e 500 matrículas de escolarização,"Educação Infantil, Ensino Fundamental",,-11.9297843,-62.0035214
ESCOLA EM FUNCIONAMENTO E SEM RESTRIÇÃO DE ATENDIMENTO,ESCOLA MARCELO CANDIA SUBSEDE I,11048450,RO,Porto Velho,Urbana,A escola não está em área de localização diferenciada,Privada,"RUA PETROLINA, 10804 MARIANA. 76813-690 Porto Velho - RO.",(69) 993490550,Privada,Filantrópica,Sim,Sim,Mais de 1000 matrículas de escolarização,"Ensino Fundamental, Ensino Médio",,-8.7803559,-63.8102449
ESCOLA PARALISADA,EMMEF HERBERT JOSE DE SOUSA,11049782,RO,Alta Floresta D'Oeste,Rural,Não Informado,Pública,"LINHA 144 KM 50, SN ZONA RURAL. 76954-000 Alta Floresta D'Oeste - RO.",(69) 36413630,Municipal,Não Informado,Não,,,,,-12.20527511,-62.13277733
ESCOLA EM FUNCIONAMENTO E SEM RESTRIÇÃO DE ATENDIMENTO,EMEF MARIOMA PEREIRA DA SILVA,11050594,RO,Alta Floresta D'Oeste,Urbana,A escola não está em área de localização diferenciada,Pública,"RUA FORTALEZA, 4321 CIDADE ALTA. 76954-000 Alta Floresta D'Oeste - RO.",(69) 36413401,Municipal,Não Informado,Não,Sim,Entre 201 e 500 matrículas de escolarização,Ensino Fundamental,Atendimento Educacional Especializado,-11.93184753,-61.9831682
ESCOLA EM FUNCIONAMENTO E SEM RESTRIÇÃO DE ATENDIMENTO,CRECHE MUNICIPAL HEITOR MOREIRA UGOLINI,11051264,RO,Alta Floresta D'Oeste,Urbana,A escola não está em área de localização diferenciada,Pública,"RUA TANCREDO NEVES, 4849 SANTA FELICIDADE. 76954-000 Alta Floresta D'Oeste - RO.",,Municipal,Não Informado,Não,Em Tramitação,Entre 51 e 200 matrículas de escolarização,Educação Infantil,,                              ,                              
ESCOLA EM FUNCIONAMENTO E SEM RESTRIÇÃO DE ATENDIMENTO,IFRO - CAMPUS PORTO VELHO CALAMA,11109807,RO,Porto Velho,Urbana,A escola não está em área de localização diferenciada,Pública,"AVENIDA CALAMA, 4985 LOTE 994, QUADRA 169. FLODOALDO PONTES PINTO. 76820-441 Porto Velho - RO.",(69) 21828901,Federal,Não Informado,Não,Sim,Mais de 1000 matrículas de escolarização,"Ensino Médio, Educação Profissional",,-8.7450971,-63.8715495
ESCOLA EM FUNCIONAMENTO E SEM RESTRIÇÃO DE ATENDIMENTO,COLEGIO ADVENTISTA DE RIO BRANCO,12010928,AC,Rio Branco,Urbana,A escola não está em área de localização diferenciada,Privada,"RUA MANAUS, 70 ESTACAO EXPERIMENTAL. LOTEAMENTO ISAURA PARENTE. 69919-018 Rio Branco - AC.",(68) 32262625,Privada,Confessional,Não,Sim,Mais de 1000 matrículas de escolarização,"Educação Infantil, Ensino Fundamental, Ensino Médio",,-9.9612512,-67.839808
ESCOLA EM FUNCIONAMENTO E SEM RESTRIÇÃO DE ATENDIMENTO,ESC COLEGIO DE APLICACAO UFAC,12011410,AC,Rio Branco,Urbana,A escola não está em área de localização diferenciada,Pública,"ESTRADA DIAS MARTINS, 894 AO LADO DO DETRAN-AC. JARDIM PRIMAVERA. 69919-600 Rio Branco - AC.",(68) 999713692,Federal,Não Informado,Não,Sim,Entre 201 e 500 matrículas de escolarização,"Educação Infantil, Ensino Fundamental, Ensino Médio",Atendimento Educacional Especializado,-9.9712787,-67.8106281
ESCOLA EM FUNCIONAMENTO E SEM RESTRIÇÃO DE ATENDIMENTO,ESC ISMAEL GOMES DE CARVALHO,12011681,AC,Rio Branco,Urbana,A escola não está em área de localização diferenciada,Pública,"TRAVESSA VITORIA, 54 TANCREDO NEVES. 69921-773 Rio Branco - AC.",(68) 992403834,Municipal,Não Informado,Não,Sim,Entre 501 e 1000 matrículas de escolarização,Ensino Fundamental,Atendimento Educacional Especializado,-9.933255,-67.83209
ESCOLA EM FUNCIONAMENTO E SEM RESTRIÇÃO DE ATENDIMENTO,ESC MAJOR JOAO CANCIO,12012823,AC,Rio Branco,Rural,A escola não está em área de localização diferenciada,Pública,"TRANSACREANA KM 80, S/N AC 90. ZONA RURAL. 69923-899 Rio Branco - AC.",(68) 999613649,Estadual,Não Informado,Não,Em Tramitação,Entre 201 e 500 matrículas de escolarização,"Ensino Fundamental, Ensino Médio",Atendimento Educacional Especializado,                              ,                              
ESCOLA EM FUNCIONAMENTO E SEM RESTRIÇÃO DE ATENDIMENTO,ESC PADRE CARLOS CASAVECCHIA,12013242,AC,Rio Branco,Urbana,A escola não está em área de localização diferenciada,Pública,"RUA WILSON RIBEIRO, 60 Q-20. XAVIER MAIA. 69903-050 Rio Branco - AC.",(68) 984158841,Estadual,Não Informado,Não,Em Tramitação,Mais de 1000 matrículas de escolarização,"Ensino Fundamental, Ensino Médio, Educação de Jovens Adultos",Atendimento Educacional Especializado,-9.932784,-67.820324
ESCOLA EM FUNCIONAMENTO E SEM RESTRIÇÃO DE ATENDIMENTO,ESC SAO PEDRO I,12013595,AC,Rio Branco,Rural,A escola não está em área de localização diferenciada,Pública,"SERINGAL BENFICA ESTRADA DO AMAPA RAMAL PICARREIRA KM 14 SERINGAL BENFICA, S/N SERINGAL BENFICA. BENFICA. 69900-050 Rio Branco - AC.",(68) 992146959,Estadual,Não Informado,Não,Sim,Entre 201 e 500 matrículas de escolarização,"Ensino Fundamental, Ensino Médio, Educação de Jovens Adultos",Atendimento Educacional Especializado,                              ,                              
ESCOLA EM FUNCIONAMENTO E SEM RESTRIÇÃO DE ATENDIMENTO,ESC SANTO ANTONIO II,12014001,AC,Rio Branco,Rural,A escola não está em área de localização diferenciada,Pública,"ET BELO JARDIM, S/N RAMAL BELO JARDIM I. BELO JARDIM I. 69907-868 Rio Branco - AC.",(68) 999785183,Estadual,Não Informado,Não,Em Tramitação,Entre 201 e 500 matrículas de escolarização,"Ensino Fundamental, Ensino Médio, Educação de Jovens Adultos",Atendimento Educacional Especializado,-9.9672244,-67.7307638
ESCOLA EM FUNCIONAMENTO E SEM RESTRIÇÃO DE ATENDIMENTO,ESC INSTITUTO SAO JOSE,12014389,AC,Rio Branco,Urbana,A escola não está em área de localização diferenciada,Pública,"RUA FLORIANO PEIXOTO, 722 PROXIMO A CATEDRAL. CENTRO. 69900-090 Rio Branco - AC.",(68) 32235518,Estadual,Não Informado,Não,Sim,Mais de 1000 matrículas de escolarização,Ensino Fundamental,Atendimento Educacional Especializado,-9.9745187,-67.8114023
ESCOLA EM FUNCIONAMENTO E SEM RESTRIÇÃO DE ATENDIMENTO,ASSOCIACAO DE CIENCIAS EDUCACAO E TECNOLOGIA DA AMAZONIA,13025082,AM,Manaus,Urbana,A escola não está em área de localização diferenciada,Privada,"RUA SALVADOR, 455 ADRIANOPOLIS. 69057-040 Manaus - AM.",(92) 33030704,Privada,Particular,Não,Sim,Entre 201 e 500 matrículas de escolarização,"Ensino Fundamental, Ensino Médio",,-3.1092481,-60.0131873
ESCOLA EM FUNCIONAMENTO E SEM RESTRIÇÃO DE ATENDIMENTO,COLEGIO MILITAR DE MANAUS,13026488,AM,Manaus,Urbana,A escola não está em área de localização diferenciada,Pública,"RUA JOSE CLEMENTE, 157 CENTRO. 69010-070 Manaus - AM.",(92) 36591252,Federal,Não Informado,Não,Sim,Mais de 1000 matrículas de escolarização,"Ensino Fundamental, Ensino Médio",,-3.1306148,-60.0264454
ESCOLA EM FUNCIONAMENTO E SEM RESTRIÇÃO DE ATENDIMENTO,COLEGIO MILITAR DA POLICIA MILITAR DO AMAZONAS,13026577,AM,Manaus,Urbana,A escola não está em área de localização diferenciada,Pública,"AVENIDA MARQUES DA SILVEIRA, S/N PETROPOLIS. 69063-393 Manaus - AM.",(92) 32149528,Estadual,Não Informado,Não,Sim,Mais de 1000 matrículas de escolarização,"Ensino Fundamental, Ensino Médio",,-3.1190834,-60.0000964
ESCOLA EM FUNCIONAMENTO E SEM RESTRIÇÃO DE ATENDIMENTO,EM DESEMBARGADOR CANDIDO HONORIO FERREIRA,13026828,AM,Manaus,Urbana,A escola não está em área de localização diferenciada,Pública,"R. ABILIO ALENCAR, 371 ALVORADA. 69042-010 Manaus - AM.",(92) 988427977,Municipal,Não Informado,Não,Sim,Entre 501 e 1000 matrículas de escolarização,Ensino Fundamental,"Atendimento Educacional Especializado, Atividade Complementar",-3.078756667,-60.05107
ESCOLA EM FUNCIONAMENTO E SEM RESTRIÇÃO DE ATENDIMENTO,ESCOLA ESTADUAL 1º DE MAIO,13027042,AM,Manaus,Urbana,A escola não está em área de localização diferenciada,Pública,"RUA DUQUE DE CAXIAS, 1856 PRACA 14 DE JANEIRO. 69020-141 Manaus - AM.",(92) 929944840,Estadual,Não Informado,Não,Sim,Entre 201 e 500 matrículas de escolarização,Ensino Fundamental,,-3.11894185,-60.01148944
ESCOLA EM FUNCIONAMENTO E SEM RESTRIÇÃO DE ATENDIMENTO,ESCOLA ESTADUAL ANTONIO DA ENCARNACAO FILHO,13027158,AM,Manaus,Urbana,A escola não está em área de localização diferenciada,Pública,"AV DESEMB JOAO MACHADO, 211 LIRIO DO VALE. 69037-000 Manaus - AM.",(92) 93554977,Estadual,Não Informado,Não,Sim,Entre 501 e 1000 matrículas de escolarização,"Ensino Médio, Educação de Jovens Adultos",Atendimento Educacional Especializado,-3.0754695,-60.0645253
ESCOLA EM FUNCIONAMENTO E SEM RESTRIÇÃO DE ATENDIMENTO,ESCOLA ESTADUAL D MILTON CORREA PEREIRA,13027255,AM,Manaus,Urbana,A escola não está em área de localização diferenciada,Pública,"RUA ROGERIO MAGALHAES, S/N NOVO ALEIXO. 69094-000 Manaus - AM.",,Estadual,Não Informado,Não,Sim,Mais de 1000 matrículas de escolarização,"Ensino Fundamental, Ensino Médio, Educação de Jovens Adultos",,-3.0355044,-59.9679929
ESCOLA EM FUNCIONAMENTO E SEM RESTRIÇÃO DE ATENDIMENTO,ESCOLA ESTADUAL DR JOSE MILTON BANDEIRA,13027280,AM,Manaus,Urbana,A escola não está em área de localização diferenciada,Pública,"DUARTINA, S/N CIDADE NOVA. 69090-747 Manaus - AM.",(92) 32166422,Estadual,Não Informado,Não,Sim,Entre 501 e 1000 matrículas de escolarização,Ensino Médio,,-3.0299757,-59.9990673
ESCOLA EM FUNCIONAMENTO E SEM RESTRIÇÃO DE ATENDIMENTO,ESCOLA ESTADUAL RAINHA DA PAZ,15035557,PA,Belém,Urbana,A escola não está em área de localização diferenciada,Pública,"RUA FORTALEZA, 109 AO LADO DA IGREJA SA. AGUAS LINDAS. 66690-730 Belém - PA.",(91) 91284993,Estadual,Não Informado,Não,Sim,Entre 501 e 1000 matrículas de escolarização,"Ensino Fundamental, Ensino Médio",Atendimento Educacional Especializado,-1.39482991,-48.39571645
ESCOLA EM FUNCIONAMENTO E SEM RESTRIÇÃO DE ATENDIMENTO,ESCOLA ESTADUAL CONEGO BATISTA CAMPOS,15037991,PA,Belém,Urbana,A escola não está em área de localização diferenciada,Pública,"AV BRASIL RUA CONEGO BATISTA CAMPOS, SN ENTRE AV BRASIL E RU. CABANAGEM. 66625-740 Belém - PA.",(91) 31310984,Estadual,Não Informado,Não,Sim,Entre 501 e 1000 matrículas de escolarização,"Ensino Fundamental, Ensino Médio","Atendimento Educacional Especializado, Atividade Complementar",-1.361773023,-48.43608594
ESCOLA EM FUNCIONAMENTO E SEM RESTRIÇÃO DE ATENDIMENTO,ESCOLA DE APLICACAO DA UFPA,15038688,PA,Belém,Urbana,A escola não está em área de localização diferenciada,Pública,"AVENIDA PERIMETRAL, 1000 TERRA FIRME. 66095-780 Belém - PA.",(91) 32016930,Federal,Não Informado,Não,Sim,Mais de 1000 matrículas de escolarização,"Educação Infantil, Ensino Fundamental, Ensino Médio, Educação de Jovens Adultos",Atendimento Educacional Especializado,-1.445866,-48.44780142
ESCOLA EM FUNCIONAMENTO E SEM RESTRIÇÃO DE ATENDIMENTO,ESCOLA ESTADUAL BARAO DE IGARAPE MIRI,15038769,PA,Belém,Urbana,A escola não está em área de localização diferenciada,Pública,"RUA BARAO DE MAMORE, 767 GUAMA. 66075-051 Belém - PA.",(91) 32496460,Estadual,Não Informado,Não,Sim,Mais de 1000 matrículas de escolarização,"Ensino Fundamental, Ensino Médio, Educação de Jovens Adultos",Atendimento Educacional Especializado,-1.4396455,-48.4710213
ESCOLA EM FUNCIONAMENTO E SEM RESTRIÇÃO DE ATENDIMENTO,COLEGIO TENENTE REGO BARROS,15039153,PA,Belém,Urbana,A escola não está em área de localização diferenciada,Pública,"AVENIDA JULIO CESAR, S/N SOUZA. 66613-010 Belém - PA.",(91) 31829537,Federal,Não Informado,Não,Sim,Mais de 1000 matrículas de escolarização,"Ensino Fundamental, Ensino Médio",Atividade Complementar,-1.41788316,-48.45406287
ESCOLA EM FUNCIONAMENTO E SEM RESTRIÇÃO DE ATENDIMENTO,ESCOLA ESTADUAL PROFA HILDA VIEIRA,15039250,PA,Belém,Urbana,A escola não está em área de localização diferenciada,Pública,"AVENIDA PEDRO ALVARES CABRAL, 1000 SOUZA. 66113-150 Belém - PA.",(91) 32318288,Estadual,Não Informado,Não,Sim,Entre 201 e 500 matrículas de escolarização,"Ensino Fundamental, Educação de Jovens Adultos",Atendimento Educacional Especializado,-1.39722796,-48.45580585
ESCOLA EM FUNCIONAMENTO E SEM RESTRIÇÃO DE ATENDIMENTO,INSTITUTO ADVENTISTA GRAO PARA,15041670,PA,Belém,Urbana,A escola não está em área de localização diferenciada,Privada,"TRAVESSA BARAO DO TRIUNFO, 3577 MARCO. 66095-050 Belém - PA.",(91) 33445500,Privada,Filantrópica,Não,Sim,Mais de 1000 matrículas de escolarização,"Educação Infantil, Ensino Fundamental, Ensino Médio",,-1.43622256,-48.45644688
ESCOLA EM FUNCIONAMENTO E SEM RESTRIÇÃO DE ATENDIMENTO,ESCOLA BOSQUE PROF EIDORFE MOREIRA,15140759,PA,Belém,Urbana,A escola não está em área de localização diferenciada,Pública,"AVENIDA NOSSA SENHORA DA CONCEICAO, SN SAO JOAO DO OUTEIRO - OUTEIRO. 66840-450 Belém - PA.",(91) 30731855,Municipal,Não Informado,Não,Sim,Mais de 1000 matrículas de escolarização,"Educação Infantil, Ensino Fundamental, Ensino Médio, Educação Profissional, Educação de Jovens Adultos",Atendimento Educacional Especializado,-1.26270066,-48.4680349
ESCOLA EM FUNCIONAMENTO E SEM RESTRIÇÃO DE ATENDIMENTO,CENTRO EDUCACIONAL MONTESSORIANO REINO INFANTIL,21009902,MA,São Luís,Urbana,A escola não está em área de localização diferenciada,Privada,"RUA DOS SAPOTIS, 01 QUADRA 113. JARDIM RENASCENCA. 65075-350 São Luís - MA.",(98) 32357744,Privada,Particular,Não,Sim,Mais de 1000 matrículas de escolarização,"Educação Infantil, Ensino Fundamental, Ensino Médio",,-2.505465876,-44.28899186
ESCOLA EM FUNCIONAMENTO E SEM RESTRIÇÃO DE ATENDIMENTO,INSTITUTO ESTADUAL DE EDUCACAO CIENCIA E TECNOLOGIA DO MA SAO LUIS - BARJONAS LOBAO,21011125,MA,São Luís,Urbana,A escola não está em área de localização diferenciada,Pública,"RUA OITO, S/N COHATRAC III. 65054-583 São Luís - MA.",(98) 991680116,Estadual,Não Informado,Não,Sim,Entre 501 e 1000 matrículas de escolarização,"Ensino Médio, Educação Profissional, Educação de Jovens Adultos",,-2.536503,-44.1997268
ESCOLA EM FUNCIONAMENTO E SEM RESTRIÇÃO DE ATENDIMENTO,CENTRO DE ENSINO ESTADO DO RIO GRANDE DO NORTE,21016070,MA,São Luís,Urbana,A escola não está em área de localização diferenciada,Pública,"RUA P, S/N CONJUNTO. RADIONAL. 65047-620 São Luís - MA.",,Estadual,Não Informado,Não,Sim,Entre 501 e 1000 matrículas de escolarização,"Ensino Fundamental, Ensino Médio",,-2.5455006,-44.2500593
ESCOLA EM FUNCIONAMENTO E SEM RESTRIÇÃO DE ATENDIMENTO,UEB ENS FUND EVANDRO BESSA - STA BARBARA,21016097,MA,São Luís,Rural,A escola não está em área de localização diferenciada,Pública,"AV.PRINCIPAL, 300 COMPLEMENTO. SANTA BARBARA. 65060-080 São Luís - MA.",(98) 988168061,Municipal,Não Informado,Não,Em Tramitação,Entre 201 e 500 matrículas de escolarização,"Ensino Fundamental, Educação de Jovens Adultos",,-2.603589781,-44.21184747
ESCOLA EM FUNCIONAMENTO E SEM RESTRIÇÃO DE ATENDIMENTO,CENTRO DE ENSINO PROFESSORA JANILDE SILVA DE AQUINO,21016631,MA,São Luís,Urbana,A escola não está em área de localização diferenciada,Pública,"RUA LUIS DE CARVALHO, S/Nº ALEMANHA. 65036-420 São Luís - MA.",,Estadual,Não Informado,Não,Sim,Entre 201 e 500 matrículas de escolarização,"Ensino Fundamental, Ensino Médio",,-2.53518513,-44.26998014
ESCOLA EM FUNCIONAMENTO E SEM RESTRIÇÃO DE ATENDIMENTO,CENTRO EDUCA MAIS ESTADO DO AMAZONAS,21016640,MA,São Luís,Urbana,A escola não está em área de localização diferenciada,Pública,"RUA DOUTOR NEWTON BELLO, S/N FATIMA. 65030-500 São Luís - MA.",,Estadual,Não Informado,Não,Sim,Entre 51 e 200 matrículas de escolarização,"Ensino Médio, Educação Profissional",Atendimento Educacional Especializado,-2.546798,-44.28366
ESCOLA EM FUNCIONAMENTO E SEM RESTRIÇÃO DE ATENDIMENTO,CENTRO DE ENSINO JACKSON LAGO,21016763,MA,São Luís,Urbana,A escola não está em área de localização diferenciada,Pública,"RUA SAO JOSE, S N JOAO PAULO. 65041-440 São Luís - MA.",(98) 981769339,Estadual,Não Informado,Não,Sim,Entre 501 e 1000 matrículas de escolarização,"Ensino Fundamental, Ensino Médio, Educação de Jovens Adultos",,-2.545969184,-44.26999826
ESCOLA EM FUNCIONAMENTO E SEM RESTRIÇÃO DE ATENDIMENTO,UFMA - COLEGIO UNIVERSITARIO,21017484,MA,São Luís,Urbana,A escola não está em área de localização diferenciada,Pública,"AVENIDA DOS PORTUGUESES, 1966 VILA BACANGA. 65080-805 São Luís - MA.",(98) 32728117,Federal,Não Informado,Não,Sim,Entre 501 e 1000 matrículas de escolarização,"Ensino Fundamental, Ensino Médio, Educação Profissional",Atendimento Educacional Especializado,-2.55800513,-44.31119651
ESCOLA EM FUNCIONAMENTO E SEM RESTRIÇÃO DE ATENDIMENTO,EM CRISTO REI,21182663,MA,Feira Nova do Maranhão,Rural,A escola não está em área de localização diferenciada,Pública,"POVOADO NOVO HORIZONTE, S/N CASA. ZONA RURAL. 65995-000 Feira Nova do Maranhão - MA.",(99) 984243711,Municipal,Não Informado,Não,Sim,Entre 51 e 200 matrículas de escolarização,"Educação Infantil, Ensino Fundamental",,-7.035521,-46.77516
ESCOLA EM FUNCIONAMENTO E SEM RESTRIÇÃO DE ATENDIMENTO,EM LEOPOLDINO LISBOA,21183066,MA,Feira Nova do Maranhão,Rural,A escola não está em área de localização diferenciada,Pública,"POV MATO VERDE, S/N CASA. ZONA RURAL. 65995-000 Feira Nova do Maranhão - MA.",(99) 984236769,Municipal,Não Informado,Não,Sim,Entre 51 e 200 matrículas de escolarização,"Educação Infantil, Ensino Fundamental",,-6.893616,-46.4933
ESCOLA EM FUNCIONAMENTO E SEM RESTRIÇÃO DE ATENDIMENTO,EM PEDRO ALVES DE OLIVEIRA,21183252,MA,Feira Nova do Maranhão,Urbana,A escola não está em área de localização diferenciada,Pública,"PRACA SAO FRANCISCO, 08 CASA. CENTRO. 65995-000 Feira Nova do Maranhão - MA.",(99) 981035517,Municipal,Não Informado,Não,Sim,Entre 201 e 500 matrículas de escolarização,"Ensino Fundamental, Educação de Jovens Adultos",,-6.962813333,-46.687265
ESCOLA EM FUNCIONAMENTO E SEM RESTRIÇÃO DE ATENDIMENTO,EM SEN ALEXANDRE COSTA,21183759,MA,Feira Nova do Maranhão,Rural,A escola não está em área de localização diferenciada,Pública,"POV PLACAS, SN CASA. ZONA RURAL. 65995-000 Feira Nova do Maranhão - MA.",(99) 981095046,Municipal,Não Informado,Não,Sim,Entre 201 e 500 matrículas de escolarização,Ensino Fundamental,,-7.063501667,-46.59576333
ESCOLA EM FUNCIONAMENTO E SEM RESTRIÇÃO DE ATENDIMENTO,CENTRO DE ENSINO ROSALINA SA,21252815,MA,Feira Nova do Maranhão,Urbana,A escola não está em área de localização diferenciada,Pública,"RUA MARIANA AGUIAR S/Nº B. BAIRRO LUIZ VAQUEIRO, 00 CASA. CENTRO. 65995-000 Feira Nova do Maranhão - MA.",(99) 984977407,Estadual,Não Informado,Não,Sim,Entre 201 e 500 matrículas de escolarização,Ensino Médio,,-6.963067744,-46.67805601
ESCOLA EM FUNCIONAMENTO E SEM RESTRIÇÃO DE ATENDIMENTO,EM PAULO DIAS,21267715,MA,Feira Nova do Maranhão,Urbana,A escola não está em área de localização diferenciada,Pública,"RUA AMAZONAS, 174 CASA. CENTRO. 65995-000 Feira Nova do Maranhão - MA.",(99) 984556704,Municipal,Não Informado,Não,Sim,Entre 201 e 500 matrículas de escolarização,Ensino Fundamental,Atendimento Educacional Especializado,-6.960357,-46.6846
ESCOLA EM FUNCIONAMENTO E SEM RESTRIÇÃO DE ATENDIMENTO,CRECHE MUNICIPAL PROFESSORA SILMARA SANTOS RIBEIRO,21286884,MA,Feira Nova do Maranhão,Urbana,A escola não está em área de localização diferenciada,Pública,"RUA ROSALINA SA, ESCOLA. LUIZ VAQUEIRO. 65995-000 Feira Nova do Maranhão - MA.",(99) 984431715,Municipal,Não Informado,Não,Em Tramitação,Entre 201 e 500 matrículas de escolarização,Educação Infantil,,-6.960296,-46.68072
ESCOLA EM FUNCIONAMENTO E SEM RESTRIÇÃO DE ATENDIMENTO,EM JOSE PEREIRA DE BRITO,21319200,MA,Feira Nova do Maranhão,Rural,A escola não está em área de localização diferenciada,Pública,"POVOADO IGUARA, 00 CASA. ZONA RURAL. 65995-000 Feira Nova do Maranhão - MA.",(99) 984222988,Municipal,Não Informado,Não,Sim,Entre 51 e 200 matrículas de escolarização,"Educação Infantil, Ensino Fundamental",,-7.112708,-46.6649
ESCOLA EM FUNCIONAMENTO E SEM RESTRIÇÃO DE ATENDIMENTO,MARIA DULCE DE ALENCAR I E P,23153180,CE,Campos Sales,Urbana,A escola não está em área de localização diferenciada,Privada,"RUA JULIO NOROES, 531 CENTRO. 63150-000 Campos Sales - CE.",(88) 996896768,Privada,Particular,Não,Sim,Entre 201 e 500 matrículas de escolarização,"Educação Infantil, Ensino Fundamental",,-7.0745307,-40.3730416
ESCOLA EM FUNCIONAMENTO E SEM RESTRIÇÃO DE ATENDIMENTO,PADRE AZARIAS SOBREIRA EEIF,23153237,CE,Campos Sales,Urbana,A escola não está em área de localização diferenciada,Pública,"RUA JOSE PINTO DA SILVA, SN APARECIDA. 63150-000 Campos Sales - CE.",(88) 35331666,Municipal,Não Informado,Não,Sim,Entre 201 e 500 matrículas de escolarização,"Educação Infantil, Ensino Fundamental",Atividade Complementar,-7.0783743,-40.3769174
ESCOLA EM FUNCIONAMENTO E SEM RESTRIÇÃO DE ATENDIMENTO,ANTONIO RIBEIRO DE CARVALHO EEIF,23153253,CE,Campos Sales,Rural,A escola não está em área de localização diferenciada,Pública,"SITIO CALDEIRAO, S/N ESCOLA. ZONA RURAL. 63150-000 Campos Sales - CE.",(88) 35331508,Municipal,Não Informado,Não,Sim,Entre 51 e 200 matrículas de escolarização,"Educação Infantil, Ensino Fundamental",,-7.0779,-40.32289461
ESCOLA EM FUNCIONAMENTO E SEM RESTRIÇÃO DE ATENDIMENTO,EEMTI PROFESSORA MARIA DOLORES ARRAIS,23153261,CE,Campos Sales,Urbana,A escola não está em área de localização diferenciada,Pública,"TRAVESSA VICENTE ALEXANDRINO, 297 CENTRO. 63150-000 Campos Sales - CE.",(88) 35331100,Estadual,Não Informado,Não,Sim,Entre 501 e 1000 matrículas de escolarização,Ensino Médio,,-7.0747946,-40.3739078
ESCOLA EM FUNCIONAMENTO E SEM RESTRIÇÃO DE ATENDIMENTO,JOAO XXIII EEIFETI,23153369,CE,Campos Sales,Urbana,A escola não está em área de localização diferenciada,Pública,"TRAVESSA JOAO XXIII, 205 CENTRO. 63150-000 Campos Sales - CE.",(88) 996257738,Municipal,Não Informado,Não,Sim,Entre 501 e 1000 matrículas de escolarização,"Educação Infantil, Ensino Fundamental",Atividade Complementar,-7.0759383,-40.369055
ESCOLA EM FUNCIONAMENTO E SEM RESTRIÇÃO DE ATENDIMENTO,JOSE AUGUSTO SOBRINHO EEIF,23153385,CE,Campos Sales,Urbana,A escola não está em área de localização diferenciada,Pública,"RUA MAJOR ELESBAO FORTALEZA, S/N ALTO ALEGRE. 63150-000 Campos Sales - CE.",(88) 997149731,Municipal,Não Informado,Não,Sim,Entre 201 e 500 matrículas de escolarização,"Ensino Fundamental, Educação de Jovens Adultos",Atividade Complementar,-7.0664456,-40.3717507
ESCOLA EM FUNCIONAMENTO E SEM RESTRIÇÃO DE ATENDIMENTO,LUCIANO TORRES DE MELO EEIF,23153415,CE,Campos Sales,Urbana,A escola não está em área de localização diferenciada,Pública,"RUA CELERINO NEPOMUCENO DE CARVALHO, SN ESCOLA. GUARANI. 63150-000 Campos Sales - CE.",(88) 994944037,Municipal,Não Informado,Não,Sim,Entre 201 e 500 matrículas de escolarização,"Ensino Fundamental, Educação de Jovens Adultos","Atendimento Educacional Especializado, Atividade Complementar",-7.075438178,-40.38447702
ESCOLA EM FUNCIONAMENTO E SEM RESTRIÇÃO DE ATENDIMENTO,MANOEL DUARTE DE SA BARRETO E E I F,23153474,CE,Campos Sales,Urbana,A escola não está em área de localização diferenciada,Pública,"RUA ISABEL MENDES, S/N BATALHAO. 63150-000 Campos Sales - CE.",(88) 992633672,Municipal,Não Informado,Não,Sim,Entre 201 e 500 matrículas de escolarização,"Educação Infantil, Ensino Fundamental",Atividade Complementar,-7.08111117,-40.3680101
ESCOLA EM FUNCIONAMENTO E SEM RESTRIÇÃO DE ATENDIMENTO,EE GUIA LOPES,31000051,MG,Belo Horizonte,Urbana,A escola não está em área de localização diferenciada,Pública,"RUA BARAO DE CAMARGOS, 88 JARDIM INCONFIDENCIA. 30820-190 Belo Horizonte - MG.",(31) 34124400,Estadual,Não Informado,Não,Sim,Entre 51 e 200 matrículas de escolarização,"Ensino Fundamental, Ensino Médio, Educação Profissional",,-19.9086404,-43.9946101
ESCOLA EM FUNCIONAMENTO E SEM RESTRIÇÃO DE ATENDIMENTO,EE PROFESSOR JOSE MESQUITA DE CARVALHO,31000086,MG,Belo Horizonte,Urbana,A escola não está em área de localização diferenciada,Pública,"RUA IRAI, 154 VILA PARIS. 30380-640 Belo Horizonte - MG.",(31) 25524877,Estadual,Não Informado,Não,Sim,Mais de 1000 matrículas de escolarização,"Ensino Fundamental, Ensino Médio, Educação Profissional, Educação de Jovens Adultos","Atendimento Educacional Especializado, Atividade Complementar",-19.9481769,-43.94989
ESCOLA EM FUNCIONAMENTO E SEM RESTRIÇÃO DE ATENDIMENTO,EE DOUTOR SIMAO TAMM BIAS FORTES,31000124,MG,Belo Horizonte,Urbana,A escola não está em área de localização diferenciada,Pública,"RUA MARIA BEATRIZ, 1200 HAVAI. 30555-140 Belo Horizonte - MG.",(31) 33121399,Estadual,Não Informado,Não,Sim,Entre 501 e 1000 matrículas de escolarização,"Ensino Fundamental, Ensino Médio, Educação Profissional, Educação de Jovens Adultos",Atividade Complementar,-19.95836,-43.97504
ESCOLA EM FUNCIONAMENTO E SEM RESTRIÇÃO DE ATENDIMENTO,EE GUIMARAES ROSA,31000132,MG,Belo Horizonte,Urbana,A escola não está em área de localização diferenciada,Pública,"RUA AVELAR, 10 PINDORAMA. 30865-530 Belo Horizonte - MG.",(31) 34732077,Estadual,Não Informado,Não,Sim,Entre 501 e 1000 matrículas de escolarização,"Ensino Fundamental, Ensino Médio",Atividade Complementar,-19.91209247,-44.02217696
ESCOLA EM FUNCIONAMENTO E SEM RESTRIÇÃO DE ATENDIMENTO,EE CAIO NELSON DE SENA,31000191,MG,Belo Horizonte,Urbana,A escola não está em área de localização diferenciada,Pública,"RUA ENGENHO DE DENTRO, 887 CAICARAS. 30775-480 Belo Horizonte - MG.",(31) 25519740,Estadual,Não Informado,Não,Sim,Entre 501 e 1000 matrículas de escolarização,"Ensino Fundamental, Ensino Médio",,-19.90138505,-43.97108084
ESCOLA EM FUNCIONAMENTO E SEM RESTRIÇÃO DE ATENDIMENTO,ESCOLA MUNICIPAL BELO HORIZONTE,31002593,MG,Belo Horizonte,Urbana,A escola não está em área de localização diferenciada,Pública,"AVE JOSE BONIFACIO, 00189 SAO CRISTOVAO. 31210-690 Belo Horizonte - MG.",(31) 32776221,Municipal,Não Informado,Não,Sim,Entre 501 e 1000 matrículas de escolarização,"Ensino Fundamental, Educação de Jovens Adultos","Atendimento Educacional Especializado, Atividade Complementar",-19.90355918,-43.94739663
ESCOLA EM FUNCIONAMENTO E SEM RESTRIÇÃO DE ATENDIMENTO,COLEGIO SANTA MARCELINA,31004031,MG,Belo Horizonte,Urbana,A escola não está em área de localização diferenciada,Privada,"ALAMEDA DAS FALCATAS, 505 SAO LUIS. 31275-070 Belo Horizonte - MG.",(31) 34414988,Privada,Filantrópica,Não,Sim,Mais de 1000 matrículas de escolarização,"Educação Infantil, Ensino Fundamental, Ensino Médio",,-19.8574963,-43.966769
ESCOLA EM FUNCIONAMENTO E SEM RESTRIÇÃO DE ATENDIMENTO,ESCOLA DE EDUCACAO BASICA E PROFISSIONAL DA UFMG - CENTRO PEDAGOGICO,31258377,MG,Belo Horizonte,Urbana,A escola não está em área de localização diferenciada,Pública,"AVENIDA PRESIDENTE ANTONIO CARLOS, 6627 PAMPULHA. 31270-901 Belo Horizonte - MG.",(31) 34095187,Federal,Não Informado,Não,Sim,Entre 201 e 500 matrículas de escolarização,Ensino Fundamental,,-19.8672563,-43.9586483
ESCOLA EM FUNCIONAMENTO E SEM RESTRIÇÃO DE ATENDIMENTO,GAVIAO PEIXOTO BRIGADEIRO,35000024,SP,São Paulo,Urbana,A escola não está em área de localização diferenciada,Pública,"MOGEIRO, 710 RUA. VILA PERUS. 05208-230 São Paulo - SP.",(11) 39170748,Estadual,Não Informado,Não,Sim,Mais de 1000 matrículas de escolarização,"Ensino Fundamental, Ensino Médio, Educação Profissional, Educação de Jovens Adultos",,-23.40471,-46.75938
ESCOLA EM FUNCIONAMENTO E SEM RESTRIÇÃO DE ATENDIMENTO,WALFREDO ARANTES CALDAS PROFESSOR,35000048,SP,São Paulo,Urbana,A escola não está em área de localização diferenciada,Pública,"DEPUTADO CANTIDIO SAMPAIO, 1701 VILA SOUZA. 02860-001 São Paulo - SP.",,Estadual,Não Informado,Não,Sim,Mais de 1000 matrículas de escolarização,Ensino Médio,,-23.464,-46.67971
ESCOLA EM FUNCIONAMENTO E SEM RESTRIÇÃO DE ATENDIMENTO,BENEDITO TOLOSA PROFESSOR,35000309,SP,São Paulo,Urbana,A escola não está em área de localização diferenciada,Pública,"DIRCEU DE LIMA, 617 PRACA. CASA VERDE. 02515-050 São Paulo - SP.",(11) 39511766,Estadual,Não Informado,Não,Sim,Entre 201 e 500 matrículas de escolarização,"Ensino Fundamental, Ensino Médio",,-23.5104708,-46.6577907
ESCOLA EM FUNCIONAMENTO E SEM RESTRIÇÃO DE ATENDIMENTO,ANTONIO JOSE LEITE PROF,35000371,SP,São Paulo,Urbana,A escola não está em área de localização diferenciada,Pública,"DEZ DE MAIO, 271 RUA. VILA AMELIA. 02615-100 São Paulo - SP.",(11) 22583977,Estadual,Não Informado,Não,Sim,Mais de 1000 matrículas de escolarização,"Ensino Fundamental, Ensino Médio",Atendimento Educacional Especializado,-23.4703506,-46.655166
ESCOLA EM FUNCIONAMENTO E SEM RESTRIÇÃO DE ATENDIMENTO,RITA BICUDO PEREIRA PROFA,35000693,SP,São Paulo,Urbana,A escola não está em área de localização diferenciada,Pública,"PERI RONCHETTI, 494 AVENIDA. JARDIM PERI. 02633-000 São Paulo - SP.",(11) 22322066,Estadual,Não Informado,Não,Sim,Mais de 1000 matrículas de escolarização,"Ensino Fundamental, Ensino Médio",Atendimento Educacional Especializado,-23.4619192,-46.6508911
ESCOLA EM FUNCIONAMENTO E SEM RESTRIÇÃO DE ATENDIMENTO,UNICCURSOS,35007642,SP,Taquarituba,Urbana,A escola não está em área de localização diferenciada,Privada,"DOUTOR ATALIBA LEONEL, 732 CENTRO. 18740-019 Taquarituba - SP.",(14) 37621194,Privada,Particular,Não,Sim,Entre 51 e 200 matrículas de escolarização,Educação Profissional,,-23.53317594,-49.24366175
ESCOLA EM FUNCIONAMENTO E SEM RESTRIÇÃO DE ATENDIMENTO,ESCOLA DE EDUCACAO INFANTIL CIRANDA DO SABER,35007656,SP,Ubatuba,Urbana,A escola não está em área de localização diferenciada,Privada,"SARGENTO EUBER QUEIROZ JUNIOR, 113 MARANDUBA. 11681-302 Ubatuba - SP.",(12) 981342948,Privada,Particular,Não,Sim,Até 50 matrículas de escolarização,Educação Infantil,,-23.54271767,-45.23196476
ESCOLA EM FUNCIONAMENTO E SEM RESTRIÇÃO DE ATENDIMENTO,QUINTAL DA ARTE,35008951,SP,Ubatuba,Urbana,A escola não está em área de localização diferenciada,Privada,"BENEDITO MANOEL DOS SANTOS, 111 MATO DENTRO. 11691-044 Ubatuba - SP.",,Privada,Particular,Não,Sim,Até 50 matrículas de escolarização,Educação Infantil,,-23.43498819,-45.08831255
ESCOLA EM FUNCIONAMENTO E SEM RESTRIÇÃO DE ATENDIMENTO,FLORENTINA MARTINS SANCHEZ PROFESSORA,35011162,SP,Ubatuba,Urbana,A escola não está em área de localização diferenciada,Pública,"BENEDITO HENRIQUE, 340 PEREQUE MIRIM. 11686-400 Ubatuba - SP.",(12) 38420270,Estadual,Não Informado,Não,Sim,Entre 201 e 500 matrículas de escolarização,"Ensino Fundamental, Ensino Médio",Atendimento Educacional Especializado,-23.48467,-45.10471
ESCOLA EM FUNCIONAMENTO E SEM RESTRIÇÃO DE ATENDIMENTO,SEMIRAMIS PRADO DE OLIVEIRA PROFESSORA,35011186,SP,Ubatuba,Urbana,A escola não está em área de localização diferenciada,Pública,"GUILHERME CHRISPIM MENEZES, 60 SACO DA RIBEIRA. 11685-726 Ubatuba - SP.",(12) 38421282,Estadual,Não Informado,Não,Sim,Entre 501 e 1000 matrículas de escolarização,"Ensino Fundamental, Ensino Médio, Educação Profissional","Atendimento Educacional Especializado, Atividade Complementar",-23.50493,-45.12739
ESCOLA EM FUNCIONAMENTO E SEM RESTRIÇÃO DE ATENDIMENTO,AUREA MOREIRA RACHOU PROFESSORA,35011198,SP,Ubatuba,Urbana,A escola não está em área de localização diferenciada,Pública,"PADRE JOAO BAYLE, 1763 SERTAO DO MEIO. 11681-758 Ubatuba - SP.",(12) 38498259,Estadual,Não Informado,Não,Sim,Entre 501 e 1000 matrículas de escolarização,"Ensino Fundamental, Ensino Médio, Educação Profissional",Atendimento Educacional Especializado,-23.52986419,-45.24342426
ESCOLA EM FUNCIONAMENTO E SEM RESTRIÇÃO DE ATENDIMENTO,DEOLINDO DE OLIVEIRA SANTOS CAPITAO,35011216,SP,Ubatuba,Urbana,A escola não está em área de localização diferenciada,Pública,"CONCEICAO, 844 CENTRO. 11690-165 Ubatuba - SP.",(12) 38321484,Estadual,Não Informado,Não,Sim,Entre 501 e 1000 matrículas de escolarização,"Ensino Médio, Educação Profissional, Educação de Jovens Adultos",Atendimento Educacional Especializado,-23.43449507,-45.0779397
ESCOLA EM FUNCIONAMENTO E SEM RESTRIÇÃO DE ATENDIMENTO,ANTONIO MAGALHAES BASTOS,35014278,SP,Taubaté,Urbana,A escola não está em área de localização diferenciada,Pública,"CORONEL FRANCISCO GOMES VIEIRA, 216 AVENIDA. ALTO SAO PEDRO. 12082-250 Taubaté - SP.",(12) 36324630,Estadual,Não Informado,Não,Sim,Entre 201 e 500 matrículas de escolarização,"Ensino Médio, Educação Profissional",Atendimento Educacional Especializado,-23.0351762,-45.5479882
ESCOLA EM FUNCIONAMENTO E SEM RESTRIÇÃO DE ATENDIMENTO,JOSE PENNA,35014540,SP,Taquarituba,Urbana,A escola não está em área de localização diferenciada,Pública,"VINTE E QUATRO DE DEZEMBRO, 559 RUA. CENTRO. 18740-109 Taquarituba - SP.",(14) 37621603,Estadual,Não Informado,Não,Sim,Entre 501 e 1000 matrículas de escolarização,"Ensino Fundamental, Ensino Médio","Atendimento Educacional Especializado, Atividade Complementar",-23.5375387,-49.248929
ESCOLA EM FUNCIONAMENTO E SEM RESTRIÇÃO DE ATENDIMENTO,FRANCISCO BARRETO LEME,35018107,SP,Campinas,Urbana,A escola não está em área de localização diferenciada,Pública,"ANTONIO NUNES FELIPE, 51 RUA. JOAQUIM EGIDIO. 13108-022 Campinas - SP.",(19) 32986230,Estadual,Não Informado,Não,Sim,Entre 201 e 500 matrículas de escolarização,"Ensino Fundamental, Ensino Médio",Atendimento Educacional Especializado,-22.8903265,-46.9429325
ESCOLA EM FUNCIONAMENTO E SEM RESTRIÇÃO DE ATENDIMENTO,CECILIA PEREIRA PROFESSORA,35018119,SP,Campinas,Urbana,A escola não está em área de localização diferenciada,Pública,"SERRA DO UMBUZEIRO, 649 RUA. JARDIM PARANAPANEMA. 13100-239 Campinas - SP.",(19) 32527868,Estadual,Não Informado,Não,Sim,Entre 201 e 500 matrículas de escolarização,"Ensino Fundamental, Ensino Médio",,-22.9153289,-47.03395
ESCOLA EM FUNCIONAMENTO E SEM RESTRIÇÃO DE ATENDIMENTO,AUREA ANUNCIACAO AMERICO DE GODOI PROFESSORA,35018156,SP,Campinas,Urbana,A escola não está em área de localização diferenciada,Pública,"JOAQUIM SEVERINO, 245 RUA. JARDIM SAMAMBAIA. 13046-540 Campinas - SP.",(19) 32765211,Estadual,Não Informado,Não,Sim,Entre 501 e 1000 matrículas de escolarização,"Ensino Fundamental, Ensino Médio",Atendimento Educacional Especializado,-22.93229167,-47.01544
ESCOLA EM FUNCIONAMENTO E SEM RESTRIÇÃO DE ATENDIMENTO,THOMAS ALVES DOUTOR,35018272,SP,Campinas,Urbana,A escola não está em área de localização diferenciada,Pública,"CONSELHEIRO ANTONIO PRADO, 160 CENTRO. SOUZAS. 13073-068 Campinas - SP.",(19) 32581885,Estadual,Não Informado,Não,Sim,Entre 501 e 1000 matrículas de escolarização,"Ensino Fundamental, Ensino Médio, Educação de Jovens Adultos",Atividade Complementar,-22.8776475,-46.9671909
ESCOLA EM FUNCIONAMENTO E SEM RESTRIÇÃO DE ATENDIMENTO,CARLOS GOMES,35018302,SP,Campinas,Urbana,A escola não está em área de localização diferenciada,Pública,"ANCHIETA, 80 AVENIDA. CENTRO. 13015-100 Campinas - SP.",(19) 32313033,Estadual,Não Informado,Não,Sim,Mais de 1000 matrículas de escolarização,"Ensino Fundamental, Ensino Médio, Educação Profissional, Educação de Jovens Adultos",Atendimento Educacional Especializado,-22.9018986,-47.0571415
ESCOLA EM FUNCIONAMENTO E SEM RESTRIÇÃO DE ATENDIMENTO,SUELI APARECIDA FIGUEIRA DOS SANTOS PROFESSORA,35038751,SP,Ubatuba,Urbana,A escola não está em área de localização diferenciada,Pública,"RUTH MARQUES DO VALLE, 77 ESTUFA I. 11689-216 Ubatuba - SP.",(12) 38321599,Estadual,Não Informado,Não,Sim,Entre 201 e 500 matrículas de escolarização,"Ensino Fundamental, Ensino Médio",Atendimento Educacional Especializado,-23.45198,-45.07354
ESCOLA EM FUNCIONAMENTO E SEM RESTRIÇÃO DE ATENDIMENTO,DIONISIA BUENO VELLOSO PROFESSORA,35038763,SP,Ubatuba,Urbana,A escola não está em área de localização diferenciada,Pública,"IMACULADA CONCEICAO, 405 PEREQUE ACU. 11695-316 Ubatuba - SP.",(12) 38321597,Estadual,Não Informado,Não,Sim,Entre 501 e 1000 matrículas de escolarização,"Ensino Fundamental, Ensino Médio, Educação Profissional",Atendimento Educacional Especializado,-23.41614,-45.06269
ESCOLA EM FUNCIONAMENTO E SEM RESTRIÇÃO DE ATENDIMENTO,JOSE MARCONDES DE MATTOS DOUTOR,35039664,SP,Taubaté,Urbana,A escola não está em área de localização diferenciada,Pública,"ALBERTO GERALDO RODRIGUES, SN RUA. PARQUE SENHOR DO BONFIM. 12040-440 Taubaté - SP.",(12) 36224300,Estadual,Não Informado,Não,Sim,Entre 201 e 500 matrículas de escolarização,"Ensino Médio, Educação Profissional",,-23.0328702,-45.6048307
ESCOLA EM FUNCIONAMENTO E SEM RESTRIÇÃO DE ATENDIMENTO,IDALINA DO AMARAL GRACA,35045123,SP,Ubatuba,Urbana,A escola não está em área de localização diferenciada,Pública,"DA CASCATA, 400 IPIRANGUINHA. 11693-056 Ubatuba - SP.",(12) 38324719,Estadual,Não Informado,Não,Sim,Entre 501 e 1000 matrículas de escolarização,"Ensino Fundamental, Ensino Médio, Educação Profissional",Atendimento Educacional Especializado,-23.4295239,-45.1122859
ESCOLA EM FUNCIONAMENTO E SEM RESTRIÇÃO DE ATENDIMENTO,MARIA ALICE ALVES PEREIRA,35046747,SP,Ubatuba,Urbana,A escola não está em área de localização diferenciada,Pública,"ANA MARIA DE ALMEIDA, 32 MARAFUNDA. 11692-132 Ubatuba - SP.",(12) 38327090,Estadual,Não Informado,Não,Sim,Entre 501 e 1000 matrículas de escolarização,"Ensino Fundamental, Ensino Médio, Educação Profissional",Atendimento Educacional Especializado,-23.43861,-45.1032
ESCOLA EM FUNCIONAMENTO E SEM RESTRIÇÃO DE ATENDIMENTO,AURELINA FERREIRA PROFESSORA,35047824,SP,Ubatuba,Urbana,A escola não está em área de localização diferenciada,Pública,"AMERICA, 200 ESTUFA II. 11689-396 Ubatuba - SP.",(12) 38321065,Estadual,Não Informado,Não,Sim,Entre 501 e 1000 matrículas de escolarização,"Ensino Fundamental, Ensino Médio, Educação Profissional",Atendimento Educacional Especializado,-23.45254,-45.07901
ESCOLA EM FUNCIONAMENTO E SEM RESTRIÇÃO DE ATENDIMENTO,JOSE APARECIDO CASTELUCCI PROFESSOR,35049888,SP,Taquarituba,Urbana,A escola não está em área de localização diferenciada,Pública,"JOSE MARIA TOMAZI, SN RUA. DOS ALEIXOS. 18744-526 Taquarituba - SP.",(14) 37622122,Estadual,Não Informado,Não,Sim,Entre 51 e 200 matrículas de escolarização,"Ensino Fundamental, Ensino Médio",Atendimento Educacional Especializado,-23.4926972,-49.3230675
ESCOLA EM FUNCIONAMENTO E SEM RESTRIÇÃO DE ATENDIMENTO,EMEFM LINNEU PRESTES PROF,35054082,SP,São Paulo,Urbana,A escola não está em área de localização diferenciada,Pública,"ADOLFO PINHEIRO, 511 SANTO AMARO. 04733-100 São Paulo - SP.",(11) 56910559,Municipal,Não Informado,Não,Sim,Entre 501 e 1000 matrículas de escolarização,"Ensino Fundamental, Ensino Médio, Educação Profissional, Educação de Jovens Adultos",,-23.6482,-46.7032
ESCOLA EM FUNCIONAMENTO E SEM RESTRIÇÃO DE ATENDIMENTO,CIRO EXEL MAGRO PROF EMEF,35058932,SP,Campinas,Urbana,A escola não está em área de localização diferenciada,Pública,"SERRA D AGUA, 35 RUA. JARDIM BARONESA. 13100-315 Campinas - SP.",(19) 37333514,Municipal,Não Informado,Não,Sim,Entre 201 e 500 matrículas de escolarização,Ensino Fundamental,,-22.91711293,-47.03443662
ESCOLA EM FUNCIONAMENTO E SEM RESTRIÇÃO DE ATENDIMENTO,AVEDIS VICTOR NAHAS DR EMIEF,35060215,SP,Taubaté,Urbana,A escola não está em área de localização diferenciada,Pública,"CAMINHO DOS COQUEIROS, 250 ESTRADA. SAO GONCALO. 12092-000 Taubaté - SP.",(12) 36822223,Municipal,Não Informado,Não,Sim,Entre 501 e 1000 matrículas de escolarização,Ensino Fundamental,"Atendimento Educacional Especializado, Atividade Complementar",-23.0563647,-45.5942253
ESCOLA EM FUNCIONAMENTO E SEM RESTRIÇÃO DE ATENDIMENTO,MARIA DE LOURDES MEDEIROS ROLIM DOS SANTOS PROFA EM,35070956,SP,Taquarituba,Urbana,A escola não está em área de localização diferenciada,Pública,"ANGELO DE OLIVEIRA, 534 RUA. VILA SANTA RITA DE CASSIA. 18741-104 Taquarituba - SP.",(14) 997122908,Municipal,Não Informado,Não,Sim,Entre 201 e 500 matrículas de escolarização,"Educação Infantil, Ensino Fundamental",,-23.5526411,-49.2407056
ESCOLA EM FUNCIONAMENTO E SEM RESTRIÇÃO DE ATENDIMENTO,JARDIM SAO PAULO COLEGIO,35100432,SP,São Paulo,Urbana,A escola não está em área de localização diferenciada,Privada,"CATAGUAZES, 151 RUA. JARDIM SAO PAULO. 02042-020 São Paulo - SP.",(11) 28214000,Privada,Particular,Não,Sim,Mais de 1000 matrículas de escolarização,"Educação Infantil, Ensino Fundamental, Ensino Médio",,-23.4975417,-46.6148808
ESCOLA EM FUNCIONAMENTO E SEM RESTRIÇÃO DE ATENDIMENTO,SESI 411 CENTRO EDUCACIONAL,35111173,SP,Taubaté,Urbana,A escola não está em área de localização diferenciada,Privada,"VOLUNTARIO BENEDITO SERGIO, 710 RUA. ESTIVA. 12050-470 Taubaté - SP.",(12) 21254798,Privada,Particular,Não,Sim,Mais de 1000 matrículas de escolarização,"Ensino Fundamental, Ensino Médio, Educação de Jovens Adultos",,-23.01576,-45.57267
ESCOLA EM FUNCIONAMENTO E SEM RESTRIÇÃO DE ATENDIMENTO,PROGRESSO CAMPINEIRO COLEGIO,35112513,SP,Campinas,Urbana,A escola não está em área de localização diferenciada,Privada,"JULIO DE MESQUITA, 840 AVENIDA. CAMBUI. 13025-061 Campinas - SP.",(19) 32113803,Privada,Particular,Não,Sim,Mais de 1000 matrículas de escolarização,"Educação Infantil, Ensino Fundamental, Ensino Médio",,-22.89837,-47.05591
ESCOLA ATENDE EXCLUSIVAMENTE ALUNOS COM DEFICIÊNCIA,MUNDO MAGICO ESCOLA DE EDUCACAO ESPECIAL,35147205,SP,Taquarituba,Urbana,A escola não está em área de localização diferenciada,Privada,"MARIO COVAS, 3151 JARDIM DOS IPES. 18741-000 Taquarituba - SP.",(14) 37621629,Privada,Filantrópica,Sim,Sim,Entre 51 e 200 matrículas de escolarização,"Educação Infantil, Ensino Fundamental",,-23.54231,-49.24224
ESCOLA EM FUNCIONAMENTO E SEM RESTRIÇÃO DE ATENDIMENTO,SISTEMA PARTICULAR DE ENSINO PORTAL,35159414,SP,Taquarituba,Urbana,A escola não está em área de localização diferenciada,Privada,"FRANCISCO PENNA, 226 CENTRO. 18740-039 Taquarituba - SP.",(14) 37621119,Privada,Particular,Não,Sim,Entre 201 e 500 matrículas de escolarização,"Educação Infantil, Ensino Fundamental, Ensino Médio",,-23.5256247,-49.2440881
ESCOLA EM FUNCIONAMENTO E SEM RESTRIÇÃO DE ATENDIMENTO,CETA CENTRO EDUCACIONAL DE TAQUARITUBA,35159612,SP,Taquarituba,Urbana,A escola não está em área de localização diferenciada,Privada,"TREZE DE MAIO, 413 CENTRO. 18740-021 Taquarituba - SP.",(14) 37622829,Privada,Particular,Não,Sim,Entre 201 e 500 matrículas de escolarização,"Educação Infantil, Ensino Fundamental, Ensino Médio",,-23.5350782,-49.2431684
ESCOLA EM FUNCIONAMENTO E SEM RESTRIÇÃO DE ATENDIMENTO,JOSE BELARMINO SOBRINHO EM,35201820,SP,Ubatuba,Urbana,A escola não está em área de localização diferenciada,Pública,"MUNICIPAL, 1835 RUA. PORUBA. 11697-820 Ubatuba - SP.",,Municipal,Não Informado,Não,Sim,Entre 201 e 500 matrículas de escolarização,"Educação Infantil, Ensino Fundamental",Atendimento Educacional Especializado,-23.34753,-44.94043
ESCOLA EM FUNCIONAMENTO E SEM RESTRIÇÃO DE ATENDIMENTO,BERNADETE DE LOURDES GOMES CLAUDIO PROFA EM,35201856,SP,Taquarituba,Urbana,A escola não está em área de localização diferenciada,Pública,"JOEL GOMES, 6 RUA. NOVO CENTRO. 18742-190 Taquarituba - SP.",(14) 37622848,Municipal,Não Informado,Não,Sim,Entre 201 e 500 matrículas de escolarização,"Educação Infantil, Ensino Fundamental",,-23.5331974,-49.2388036
ESCOLA EM FUNCIONAMENTO E SEM RESTRIÇÃO DE ATENDIMENTO,JULIETA TRINDADE EVANGELISTA PROFA EM,35217049,SP,Taquarituba,Urbana,A escola não está em área de localização diferenciada,Pública,"CEL JOAO QUINTINO, 513 RUA. CENTRO. 18740-011 Taquarituba - SP.",(14) 37621029,Municipal,Não Informado,Não,Sim,Entre 501 e 1000 matrículas de escolarização,"Educação Infantil, Ensino Fundamental, Educação de Jovens Adultos",,-23.5310579,-49.2463659
ESCOLA EM FUNCIONAMENTO E SEM RESTRIÇÃO DE ATENDIMENTO,JOAQUIM FRANCA VEREADOR EMEFM,35229573,SP,Taubaté,Urbana,A escola não está em área de localização diferenciada,Pública,"BELMIRO DAS CHAGAS, 100 LOTEAMENTO SANTA INE. PARQUE SAO CRISTOVAO. 12053-350 Taubaté - SP.",(12) 36313036,Municipal,Não Informado,Não,Sim,Entre 51 e 200 matrículas de escolarização,Ensino Fundamental,"Atendimento Educacional Especializado, Atividade Complementar",-23.0012283,-45.5710863
ESCOLA EM FUNCIONAMENTO E SEM RESTRIÇÃO DE ATENDIMENTO,EMEI PROFESSORA FLAVIA GRASSELLI DE OLIVEIRA,35246979,SP,Taquarituba,Urbana,A escola não está em área de localização diferenciada,Pública,"PEDRO SIA, 33 RUA. PARQUE SAO ROQUE. 18741-100 Taquarituba - SP.",(14) 37622850,Municipal,Não Informado,Não,Sim,Entre 51 e 200 matrículas de escolarização,Educação Infantil,,-23.5513493,-49.2416493
ESCOLA EM FUNCIONAMENTO E SEM RESTRIÇÃO DE ATENDIMENTO,ESCOLA MUNICIPAL PROFESSORA CONSUELLO MONTEIRO GONCALVES,35246980,SP,Taquarituba,Urbana,A escola não está em área de localização diferenciada,Pública,"ANGELINO PINTO GONCALVES, 318 RUA. CDHU AMELIA FIRMO DE MELLO. 18743-110 Taquarituba - SP.",(14) 37623999,Municipal,Não Informado,Não,Sim,Entre 201 e 500 matrículas de escolarização,Educação Infantil,,-23.520905,-49.2433922
ESCOLA EM FUNCIONAMENTO E SEM RESTRIÇÃO DE ATENDIMENTO,EMILIO AMADEI BERINGHS EMIEFM,35277685,SP,Taubaté,Rural,A escola não está em área de localização diferenciada,Pública,"MUNICIPAL AMACIO MAZZAROPI, 691 RUA. JARDIM MARLENE MIRANDA. 12095-160 Taubaté - SP.",(12) 36218144,Municipal,Não Informado,Não,Sim,Entre 501 e 1000 matrículas de escolarização,"Ensino Fundamental, Ensino Médio",Atividade Complementar,-23.0715769,-45.543431
ESCOLA EM FUNCIONAMENTO E SEM RESTRIÇÃO DE ATENDIMENTO,CASA DA CRIANCA DE TAQUARITUBA ESCOLA DE EDUCACAO INFANTIL,35286485,SP,Taquarituba,Urbana,A escola não está em área de localização diferenciada,Privada,"CAPITAO JOSE CESARIO DE CAMPOS, 170 RUA. CENTRO. 18740-071 Taquarituba - SP.",(14) 37621944,Privada,Filantrópica,Sim,Sim,Entre 201 e 500 matrículas de escolarização,Educação Infantil,Atividade Complementar,-23.5345287,-49.2423386
ESCOLA EM FUNCIONAMENTO E SEM RESTRIÇÃO DE ATENDIMENTO,ETEC PROFESSORA TEREZINHA MONTEIRO DOS SANTOS,35290661,SP,Taquarituba,Urbana,A escola não está em área de localização diferenciada,Pública,"SAO BENEDITO, 484 RUA. CENTRO. 18740-055 Taquarituba - SP.",(14) 37621401,Estadual,Não Informado,Não,Sim,Entre 201 e 500 matrículas de escolarização,"Ensino Médio, Educação Profissional",,-23.5312473,-49.2452777
ESCOLA EM FUNCIONAMENTO E SEM RESTRIÇÃO DE ATENDIMENTO,VIRGINIA OTTILIA MASCARENHAS DE MORAES PROFA EM,35345507,SP,Taquarituba,Urbana,A escola não está em área de localização diferenciada,Pública,"MANOEL JOAQUIM MENDES, 471 RUA. CENTRO. 18743-192 Taquarituba - SP.",(14) 37621526,Municipal,Não Informado,Não,Sim,Entre 201 e 500 matrículas de escolarização,Ensino Fundamental,,-23.5211214,-49.2415479
ESCOLA EM FUNCIONAMENTO E SEM RESTRIÇÃO DE ATENDIMENTO,AUREA LAMARCA EMEI,35414165,SP,Taquarituba,Urbana,A escola não está em área de localização diferenciada,Pública,"MANOEL ROBERTO, 235 RUA. VILA OURO BRANCO. 18743-002 Taquarituba - SP.",(14) 37623849,Municipal,Não Informado,Não,Sim,Entre 51 e 200 matrículas de escolarização,Educação Infantil,,-23.5242993,-49.2411938
ESCOLA EM FUNCIONAMENTO E SEM RESTRIÇÃO DE ATENDIMENTO,ANNA DOS R SIGNORINI PROFA EMIEFM,35457197,SP,Taubaté,Urbana,A escola não está em área de localização diferenciada,Pública,"AMADOR BUENO DA VEIGA, 230 AVENIDA. JARDIM JARAGUA. 12062-400 Taubaté - SP.",(12) 36212479,Municipal,Não Informado,Não,Sim,Mais de 1000 matrículas de escolarização,"Ensino Fundamental, Ensino Médio, Educação de Jovens Adultos","Atendimento Educacional Especializado, Atividade Complementar",-23.0096359,-45.5473368
ESCOLA EM FUNCIONAMENTO E SEM RESTRIÇÃO DE ATENDIMENTO,JACYRA LOPES RODRIGUES PROFESSORA EMEI,35464824,SP,Taquarituba,Urbana,A escola não está em área de localização diferenciada,Pública,"OLIMPIO GOMES DE CAMARGO, 40 RUA. SANTA RITA DE CASSIA. 18741-152 Taquarituba - SP.",(14) 37621988,Municipal,Não Informado,Não,Sim,Entre 51 e 200 matrículas de escolarização,Educação Infantil,,-23.5557466,-49.2402099
ESCOLA EM FUNCIONAMENTO E SEM RESTRIÇÃO DE ATENDIMENTO,IFSP CAMPUS CAMPINAS,35500012,SP,Campinas,Urbana,A escola não está em área de localização diferenciada,Pública,"RUA HEITOR LACERDA GUEDES, 1000 SATELITE IRIS. 13059-581 Campinas - SP.",(19) 37754620,Federal,Não Informado,Não,Sim,Entre 501 e 1000 matrículas de escolarização,"Ensino Médio, Educação Profissional, Educação de Jovens Adultos",,-22.94868437,-47.14924227
ESCOLA EM FUNCIONAMENTO E SEM RESTRIÇÃO DE ATENDIMENTO,CELIA DE CASTILHOS FERREIRA PROFESSORA EM,35566937,SP,Taquarituba,Urbana,A escola não está em área de localização diferenciada,Pública,"JOSE MARIA TOMAZI, SN DO ALEIXO. 18744-526 Taquarituba - SP.",(14) 37622987,Municipal,Não Informado,Não,Sim,Entre 51 e 200 matrículas de escolarização,"Educação Infantil, Ensino Fundamental",,-23.49213045,-49.32365168
ESCOLA EM FUNCIONAMENTO E SEM RESTRIÇÃO DE ATENDIMENTO,MARIA ESTHER DI PASCHOAL EM,35567498,SP,Taquarituba,Urbana,A escola não está em área de localização diferenciada,Pública,"RUA ACACIO GOMES, 877 PEDRO MARIO DE BARROS. 18741-364 Taquarituba - SP.",(14) 37623173,Municipal,Não Informado,Não,Sim,Entre 51 e 200 matrículas de escolarização,Educação Infantil,,-23.547314,-49.2324395
ESCOLA EM FUNCIONAMENTO E SEM RESTRIÇÃO DE ATENDIMENTO,PENITENCIARIA DE TAQUARITUBA,35573735,SP,Taquarituba,Rural,A escola não está em área de localização diferenciada,Pública,"ESTADUAL EDUARDO SAIGH KM 326, SN RUA. EDUARDO SAIGH. 18740-899 Taquarituba - SP.",(14) 37629220,Estadual,Não Informado,Não,Sim,Entre 51 e 200 matrículas de escolarização,Educação de Jovens Adultos,,-23.5801887,-49.2559684
ESCOLA EM FUNCIONAMENTO E SEM RESTRIÇÃO DE ATENDIMENTO,JOSE MARCONDES DE MOURA PROF EMEIEFM,35659538,SP,Taubaté,Rural,A escola não está em área de localização diferenciada,Pública,"MUNICIPAL SETE VOLTAS, 15 000 MONJOLINHO. 12010-970 Taubaté - SP.",(12) 996713190,Municipal,Não Informado,Não,Sim,Entre 201 e 500 matrículas de escolarização,"Educação Infantil, Ensino Fundamental","Atendimento Educacional Especializado, Atividade Complementar",-23.0838928,-45.4317614
ESCOLA EM FUNCIONAMENTO E SEM RESTRIÇÃO DE ATENDIMENTO,DIMAS MOZART E SILVA PROFESSOR,35900424,SP,Taquarituba,Urbana,A escola não está em área de localização diferenciada,Pública,"MANOEL JOAQUIM MENDES, 661 RUA. VILA SAO VICENTE. 18743-192 Taquarituba - SP.",(14) 37621818,Estadual,Não Informado,Não,Sim,Entre 201 e 500 matrículas de escolarização,"Ensino Fundamental, Ensino Médio",Atendimento Educacional Especializado,-23.5198175,-49.2399134
ESCOLA EM FUNCIONAMENTO E SEM RESTRIÇÃO DE ATENDIMENTO,GUIDO DIAS DE ALMEIDA PROFESSOR,35910119,SP,Taquarituba,Urbana,A escola não está em área de localização diferenciada,Pública,"MARIA MADALENA GABRIEL, 115 RUA. CENTRO. 18740-059 Taquarituba - SP.",(14) 37622481,Estadual,Não Informado,Não,Sim,Entre 501 e 1000 matrículas de escolarização,"Ensino Fundamental, Ensino Médio",Atendimento Educacional Especializado,-23.5325714,-49.2418809
ESCOLA EM FUNCIONAMENTO E SEM RESTRIÇÃO DE ATENDIMENTO,PAULISTINHA DE EDUCACAO ESCOLA,35923692,SP,São Paulo,Urbana,A escola não está em área de localização diferenciada,Pública,"VARPA, 54 RUA. VILA CLEMENTINO. 04039-050 São Paulo - SP.",(11) 33854174,Federal,Não Informado,Não,Sim,Entre 201 e 500 matrículas de escolarização,"Educação Infantil, Ensino Fundamental",Atividade Complementar,-23.5993584,-46.6450401
ESCOLA EM FUNCIONAMENTO E SEM RESTRIÇÃO DE ATENDIMENTO,JOSE PIRES DE CARVALHO DOUTOR,35924088,SP,Taquarituba,Urbana,A escola não está em área de localização diferenciada,Pública,"PEDRO SIA, 190 RUA. VILA SANTA RITA DE CASSIA. 18741-100 Taquarituba - SP.",(14) 37622844,Estadual,Não Informado,Não,Sim,Entre 51 e 200 matrículas de escolarização,Ensino Fundamental,Atendimento Educacional Especializado,-23.5530205,-49.2404952
ESCOLA EM FUNCIONAMENTO E SEM RESTRIÇÃO DE ATENDIMENTO,ALBERT SCHWEITZER E MEF,41127013,PR,Curitiba,Urbana,A escola não está em área de localização diferenciada,Pública,"RUA DECIO BARRETO, 153 CIC. 81305-490 Curitiba - PR.",,Municipal,Não Informado,Não,Sim,Entre 201 e 500 matrículas de escolarização,Ensino Fundamental,Atividade Complementar,-25.50381406,-49.32376917
ESCOLA EM FUNCIONAMENTO E SEM RESTRIÇÃO DE ATENDIMENTO,ALCYONE M C VELLOZO C E PROFEF M PROFI,41127021,PR,Curitiba,Urbana,A escola não está em área de localização diferenciada,Pública,"AV GOVERNADOR CARLOS LACERDA SN, CIC. 81170-460 Curitiba - PR.",,Estadual,Não Informado,Não,Sim,Entre 501 e 1000 matrículas de escolarização,"Ensino Fundamental, Ensino Médio, Educação Profissional, Educação de Jovens Adultos","Atendimento Educacional Especializado, Atividade Complementar",-25.51281051,-49.3243466
ESCOLA EM FUNCIONAMENTO E SEM RESTRIÇÃO DE ATENDIMENTO,ANGELO TREVISAN C EEF M PROFIS,41127200,PR,Curitiba,Urbana,A escola não está em área de localização diferenciada,Pública,"RUA CARLOS RAZERA, 445 VISTA ALEGRE. 80810-310 Curitiba - PR.",(41) 33366335,Estadual,Não Informado,Não,Sim,Entre 501 e 1000 matrículas de escolarização,"Ensino Fundamental, Ensino Médio, Educação Profissional","Atendimento Educacional Especializado, Atividade Complementar",-25.41502979,-49.31625803
ESCOLA EM FUNCIONAMENTO E SEM RESTRIÇÃO DE ATENDIMENTO,ANGELO VOLPATO C EEF M,41127218,PR,Curitiba,Urbana,A escola não está em área de localização diferenciada,Pública,"RUA JOAO VALLE, 23 SANTA FELICIDADE. 82030-210 Curitiba - PR.",(41) 32972857,Estadual,Não Informado,Não,Sim,Entre 201 e 500 matrículas de escolarização,"Ensino Fundamental, Ensino Médio, Educação de Jovens Adultos",Atendimento Educacional Especializado,-25.397552,-49.31867251
ESCOLA EM FUNCIONAMENTO E SEM RESTRIÇÃO DE ATENDIMENTO,ATTICO EUSEBIO DA ROCHA C E DEF M PROF,41127382,PR,Curitiba,Urbana,A escola não está em área de localização diferenciada,Pública,"AV PRESIDENTE WENCESLAU BRAZ, 2779 VL LINDOIA. 81010-001 Curitiba - PR.",,Estadual,Não Informado,Não,Sim,Entre 501 e 1000 matrículas de escolarização,"Ensino Fundamental, Ensino Médio, Educação Profissional, Educação de Jovens Adultos","Atendimento Educacional Especializado, Atividade Complementar",-25.47715859,-49.28166314
ESCOLA EM FUNCIONAMENTO E SEM RESTRIÇÃO DE ATENDIMENTO,COLEGIO BOM JESUS ED INFANTIL ENSINO FUNDAMENTAL E MEDIO SEDE,41127722,PR,Curitiba,Urbana,A escola não está em área de localização diferenciada,Privada,"RUA 24 DE MAIO, 135 ESCOLA. CENTRO. 80230-080 Curitiba - PR.",(41) 21054000,Privada,Particular,Não,Sim,Mais de 1000 matrículas de escolarização,"Ensino Fundamental, Ensino Médio",,-25.43786945,-49.27350823
ESCOLA EM FUNCIONAMENTO E SEM RESTRIÇÃO DE ATENDIMENTO,CARRAO C E CONSEF M,41128052,PR,Curitiba,Urbana,A escola não está em área de localização diferenciada,Pública,"RUA DR SIMAO KOSSOBUDSKI, 151 UBERABA. 81580-250 Curitiba - PR.",,Estadual,Não Informado,Não,Sim,Entre 201 e 500 matrículas de escolarização,"Ensino Fundamental, Ensino Médio, Educação de Jovens Adultos","Atendimento Educacional Especializado, Atividade Complementar",-25.4973661,-49.21850351
ESCOLA EM FUNCIONAMENTO E SEM RESTRIÇÃO DE ATENDIMENTO,COLEGIO MILITAR DE CURITIBA,41131215,PR,Curitiba,Urbana,A escola não está em área de localização diferenciada,Pública,"PRACA CONSELHEIRO TOMAS COELHO, 01 TARUMA. 82800-030 Curitiba - PR.",(41) 35924243,Federal,Não Informado,Não,Sim,Entre 501 e 1000 matrículas de escolarização,"Ensino Fundamental, Ensino Médio",,-25.42729,-49.22669
ESCOLA EM FUNCIONAMENTO E SEM RESTRIÇÃO DE ATENDIMENTO,EEI PARAISO,43001807,RS,Santa Cruz do Sul,Urbana,A escola não está em área de localização diferenciada,Privada,"RUA FERNANDO ABOTT, 1266 SENAI. 96845-858 Santa Cruz do Sul - RS.",,Privada,Particular,Não,Sim,Até 50 matrículas de escolarização,Educação Infantil,,-29.72035417,-52.43774735
ESCOLA EM FUNCIONAMENTO E SEM RESTRIÇÃO DE ATENDIMENTO,ESC EST ENS MED ERNESTO ALVES DE OLIVEIRA,43119956,RS,Santa Cruz do Sul,Urbana,A escola não está em área de localização diferenciada,Pública,"TRV SERGIPE 145, 145 CENTRO. 96810-220 Santa Cruz do Sul - RS.",,Estadual,Não Informado,Não,Sim,Mais de 1000 matrículas de escolarização,"Ensino Fundamental, Ensino Médio",Atendimento Educacional Especializado,-29.71075,-52.43375
ESCOLA EM FUNCIONAMENTO E SEM RESTRIÇÃO DE ATENDIMENTO,EMEF DONA LEOPOLDINA,43120318,RS,Santa Cruz do Sul,Urbana,A escola não está em área de localização diferenciada,Pública,"ACESSO LINHA JOAO ALVES, 1050 CEP 96826-001. JOAO ALVES. 96826-001 Santa Cruz do Sul - RS.",(51) 37049180,Municipal,Não Informado,Não,Em Tramitação,Entre 201 e 500 matrículas de escolarização,"Educação Infantil, Ensino Fundamental","Atendimento Educacional Especializado, Atividade Complementar",-29.71603011,-52.39026647
ESCOLA EM FUNCIONAMENTO E SEM RESTRIÇÃO DE ATENDIMENTO,ESC EST ENS MED DR WALTER JOBIM,43122043,RS,Santa Maria,Urbana,A escola não está em área de localização diferenciada,Pública,"R VISCONDE FERREIRA PINTO 240, 240 ITARARE. 97045-510 Santa Maria - RS.",(55) 32175597,Estadual,Não Informado,Não,Sim,Entre 201 e 500 matrículas de escolarização,"Ensino Fundamental, Ensino Médio, Educação de Jovens Adultos",Atendimento Educacional Especializado,-29.67456,-53.79755
ESCOLA EM FUNCIONAMENTO E SEM RESTRIÇÃO DE ATENDIMENTO,EMEF PROFª MARIA DE LOURDES BANDEIRA MEDINA,43122051,RS,Santa Maria,Urbana,A escola não está em área de localização diferenciada,Pública,"VITORIO PALESE, 177 VILA VITORIA. CHACARA DAS FLORES. 97040-470 Santa Maria - RS.",(55) 32255000,Municipal,Não Informado,Não,Sim,Entre 51 e 200 matrículas de escolarização,Ensino Fundamental,Atendimento Educacional Especializado,-29.66648,-53.82836
ESCOLA EM FUNCIONAMENTO E SEM RESTRIÇÃO DE ATENDIMENTO,ESC EST ENS MED PRINCESA ISABEL,43123120,RS,Santa Maria,Rural,A escola não está em área de localização diferenciada,Pública,"R RIO BRANCO 70 5DISTRITO, 70 5DISTRITO. ARROIO DO SO. 97165-000 Santa Maria - RS.",,Estadual,Não Informado,Não,Sim,Entre 51 e 200 matrículas de escolarização,"Ensino Fundamental, Ensino Médio",Atendimento Educacional Especializado,                              ,                              
ESCOLA EM FUNCIONAMENTO E SEM RESTRIÇÃO DE ATENDIMENTO,ESC EST ENS MED MARECHAL HUMBERTO DE ALENCAR CASTELO BRANCO,43123180,RS,Santa Maria,Urbana,A escola não está em área de localização diferenciada,Pública,"R CAPITAO VASCO DA CUNHA 1390 0, 1390 0. BOI MORTO. 97030-110 Santa Maria - RS.",,Estadual,Não Informado,Não,Sim,Entre 201 e 500 matrículas de escolarização,"Ensino Fundamental, Ensino Médio",Atendimento Educacional Especializado,-29.71122,-53.85119
ESCOLA EM FUNCIONAMENTO E SEM RESTRIÇÃO DE ATENDIMENTO,ESC BASICA EST CICERO BARRETO,43123260,RS,Santa Maria,Urbana,A escola não está em área de localização diferenciada,Pública,"R RUA SERAFIM VALANDRO 385, 385 CENTRO. 97010-480 Santa Maria - RS.",(55) 32214560,Estadual,Não Informado,Não,Sim,Entre 501 e 1000 matrículas de escolarização,"Ensino Fundamental, Ensino Médio, Educação de Jovens Adultos",Atendimento Educacional Especializado,-29.68360609,-53.81247617
ESCOLA EM FUNCIONAMENTO E SEM RESTRIÇÃO DE ATENDIMENTO,ESC EST ENS MED DOM ANTONIO REIS,43123279,RS,Santa Maria,Urbana,A escola não está em área de localização diferenciada,Pública,"R TEN ELPIDIO BARBOSA 100, 100 SALGADO FILHO. 97043-670 Santa Maria - RS.",(55) 32230983,Estadual,Não Informado,Não,Sim,Entre 51 e 200 matrículas de escolarização,"Ensino Fundamental, Ensino Médio, Educação de Jovens Adultos",Atendimento Educacional Especializado,-29.67439,-53.82182
ESCOLA EM FUNCIONAMENTO E SEM RESTRIÇÃO DE ATENDIMENTO,COLEGIO RIACHUELO,43123988,RS,Santa Maria,Urbana,A escola não está em área de localização diferenciada,Privada,"RUA VENANCIO AIRES, 1980 CENTRO. 97010-004 Santa Maria - RS.",(55) 32234065,Privada,Particular,Não,Sim,Entre 201 e 500 matrículas de escolarização,Ensino Médio,,-29.68548,-53.80645
ESCOLA EM FUNCIONAMENTO E SEM RESTRIÇÃO DE ATENDIMENTO,EMEF SANTUARIO,43172210,RS,Santa Cruz do Sul,Urbana,A escola não está em área de localização diferenciada,Pública,"RUA PADRE LANDEL DE MOURA, 400 PREDIO ESCOLAR. SANTUARIO. 96845-323 Santa Cruz do Sul - RS.",(51) 37159456,Municipal,Não Informado,Não,Em Tramitação,Entre 201 e 500 matrículas de escolarização,Ensino Fundamental,"Atendimento Educacional Especializado, Atividade Complementar",-29.73872264,-52.44604493
ESCOLA EM FUNCIONAMENTO E SEM RESTRIÇÃO DE ATENDIMENTO,COLEGIO MILITAR DE SANTA MARIA,43184790,RS,Santa Maria,Urbana,A escola não está em área de localização diferenciada,Pública,"RUA RADIALISTA OSVALDO NOBRE, 1132 ANEXO AO 3º PQRMNT. JUSCELINO KUBITSCHEK. 97035-000 Santa Maria - RS.",(55) 32184373,Federal,Não Informado,Não,Sim,Entre 501 e 1000 matrículas de escolarização,"Ensino Fundamental, Ensino Médio",,                              ,                              
ESCOLA EM FUNCIONAMENTO E SEM RESTRIÇÃO DE ATENDIMENTO,CME CARLOS DRUMMOND DE ANDRADE,51046946,MT,Primavera do Leste,Rural,A escola não está em área de localização diferenciada,Pública,"FAZENDA COMUNIDADE GAUCHO, S/N MT 130 KM 75 - COMUN. ZONA RURAL. 78850-000 Primavera do Leste - MT.",(66) 34987243,Municipal,Não Informado,Não,Sim,Entre 201 e 500 matrículas de escolarização,"Educação Infantil, Ensino Fundamental",,                              ,                              
ESCOLA EM FUNCIONAMENTO E SEM RESTRIÇÃO DE ATENDIMENTO,EE CAMPO VILA UNIAO,51047101,MT,Primavera do Leste,Rural,A escola não está em área de localização diferenciada,Pública,"RODOVIA MT 130KM5 48KM A ESQUERDA DA RODOVIA MT 486, SN COMUNIDADE RURAL VILA UNIAO. 78850-000 Primavera do Leste - MT.",(66) 996908532,Estadual,Não Informado,Não,Em Tramitação,Entre 201 e 500 matrículas de escolarização,"Ensino Fundamental, Ensino Médio",,-15.2385148,-54.4925889
ESCOLA EM FUNCIONAMENTO E SEM RESTRIÇÃO DE ATENDIMENTO,EE MONTEIRO LOBATO,51047110,MT,Primavera do Leste,Urbana,A escola não está em área de localização diferenciada,Pública,"RUA MALVA REAL, 48 PIONEIRO. 78850-000 Primavera do Leste - MT.",(66) 34988257,Estadual,Não Informado,Não,Sim,Entre 501 e 1000 matrículas de escolarização,"Ensino Fundamental, Ensino Médio",Atendimento Educacional Especializado,-15.5727498,-54.3096404
ESCOLA ATENDE EXCLUSIVAMENTE ALUNOS COM DEFICIÊNCIA,ASSOC DE PAIS E AMIGOS DOS EXCEPCIONAIS,51055554,MT,Primavera do Leste,Urbana,A escola não está em área de localização diferenciada,Privada,"RUA MACEIO, 85 PRIMAVERA II. 78850-000 Primavera do Leste - MT.",(66) 34982060,Privada,Filantrópica,Sim,Sim,Entre 51 e 200 matrículas de escolarização,"Educação Infantil, Ensino Fundamental, Educação de Jovens Adultos",Atividade Complementar,-15.5427233,-54.3008317
ESCOLA EM FUNCIONAMENTO E SEM RESTRIÇÃO DE ATENDIMENTO,IFMT - CAMPUS PRIMAVERA DO LESTE,51066610,MT,Primavera do Leste,Urbana,A escola não está em área de localização diferenciada,Pública,"AVENIDA DOM AQUINO, 1500 PARQUE ELDORADO. 78850-000 Primavera do Leste - MT.",(66) 35002900,Federal,Não Informado,Sim,Sim,Entre 501 e 1000 matrículas de escolarização,"Ensino Médio, Educação Profissional",,-15.5538005,-54.2813387
ESCOLA EM FUNCIONAMENTO E SEM RESTRIÇÃO DE ATENDIMENTO,ESCOLA ESTADUAL PROFESSORA MARIA SEBASTIANA DE SOUZA,51066963,MT,Primavera do Leste,Urbana,A escola não está em área de localização diferenciada,Pública,"AVENIDA AMAZONAS, 402 PRIMAVERA 02. 78850-000 Primavera do Leste - MT.",(66) 34331267,Estadual,Não Informado,Não,Sim,Entre 501 e 1000 matrículas de escolarização,"Ensino Fundamental, Ensino Médio",Atendimento Educacional Especializado,                              ,                              
ESCOLA EM FUNCIONAMENTO E SEM RESTRIÇÃO DE ATENDIMENTO,EEDIEB GETULIO DORNELLES VARGAS,51070120,MT,Primavera do Leste,Urbana,A escola não está em área de localização diferenciada,Pública,"AVENIDA SAO JOAO, 594 PRIMAVERA I. 78850-000 Primavera do Leste - MT.",(66) 992391451,Estadual,Não Informado,Não,Sim,Entre 501 e 1000 matrículas de escolarização,"Ensino Fundamental, Ensino Médio, Educação de Jovens Adultos",,                              ,                              
ESCOLA EM FUNCIONAMENTO E SEM RESTRIÇÃO DE ATENDIMENTO,EE CREMILDA DE OLIVEIRA VIANA,51143801,MT,Primavera do Leste,Urbana,A escola não está em área de localização diferenciada,Pública,"RUAANTONIO SALOMAO, 35 SAO CRISTOVAO. 78850-000 Primavera do Leste - MT.",(66) 34986752,Estadual,Não Informado,Não,Sim,Mais de 1000 matrículas de escolarização,"Ensino Fundamental, Ensino Médio",Atendimento Educacional Especializado,                              ,                              
