NU_ANO_SAEB;CO_UF;SG_UF;NO_UF;CO_MUNICIPIO;NO_MUNICIPIO;ID_ESCOLA;NO_ESCOLA;TP_TIPO_REDE;TP_LOCALIZACAO;TP_CAPITAL;QTD_ALUNOS_INSE;MEDIA_INSE;INSE_CLASSIFICACAO;PC_NIVEL_1;PC_NIVEL_2;PC_NIVEL_3;PC_NIVEL_4;PC_NIVEL_5;PC_NIVEL_6;PC_NIVEL_7;PC_NIVEL_8
2023;11;RO;Rondônia;1100015;Alta Floresta D'Oeste;11024372;EMEIEF ANA NERY;3;1;2;12;4,29;Nível III;0,00;50,00;;25,00;25,00;;;
2023;11;RO;Rondônia;1100015;Alta Floresta D'Oeste;11024666;EMEIEF BOA ESPERANCA;3;2;2;34;4,88;Nível IV;0,00;3,64;12,87;33,01;50,49;;;
2023;11;RO;Rondônia;1100015;Alta Floresta D'Oeste;11024682;EEEFM EURIDICE LOPES PEDROSO;2;1;2;166;4,91;Nível IV;0,00;13,32;17,68;23,27;23,92;13,20;7,70;0,90
2023;11;RO;Rondônia;1100015;Alta Floresta D'Oeste;11024828;EMEIEF IZIDORO STEDILE;3;1;2;33;5,03;Nível V;0,00;4,15;10,43;45,85;18,72;10,43;10,43;
2023;11;RO;Rondônia;1100015;Alta Floresta D'Oeste;11024968;EEEMTI JUSCELINO KUBITSCHEK DE OLIVEIRA;2;1;2;146;5,21;Nível V;0,00;6,07;10,47;24,41;24,04;16,09;17,35;1,56
2023;11;RO;Rondônia;1100015;Alta Floresta D'Oeste;11025280;EMEIEF PADRE FEIJO;3;1;2;30;4,58;Nível IV;0,00;8,33;41,67;33,33;16,67;;;
2023;11;RO;Rondônia;1100015;Alta Floresta D'Oeste;11025310;EMEIEF PEDRO ALEIXO;3;1;2;53;4,98;Nível IV;0,00;7,22;19,41;21,39;35,31;14,18;2,49;
2023;11;RO;Rondônia;1100015;Alta Floresta D'Oeste;11025352;EMEIEF POTY;3;2;2;40;4,82;Nível IV;0,00;;17,65;58,82;11,76;11,76;;
2023;11;RO;Rondônia;1100015;Alta Floresta D'Oeste;11025620;EEEF TANCREDO DE ALMEIDA NEVES;2;1;2;51;4,62;Nível IV;0,00;17,02;27,66;25,53;17,02;10,64;2,13;
2023;11;RO;Rondônia;1100015;Alta Floresta D'Oeste;11025638;COLEGIO TIRADENTES DA POLICIA MILITAR - CTPM XI;2;1;2;191;4,96;Nível IV;0,66;9,35;18,63;24,77;23,37;12,60;8,80;1,82
2023;11;RO;Rondônia;1100015;Alta Floresta D'Oeste;11025654;EMEIEF FLORESTA ENCANTADA;3;1;2;54;5,13;Nível V;0,00;4,58;17,50;25,42;24,17;16,67;11,67;
2023;11;RO;Rondônia;1100015;Alta Floresta D'Oeste;11047461;EMEIEF 17 DE JUNHO;3;1;2;80;5,01;Nível V;0,00;5,96;16,54;34,43;20,91;10,44;10,30;1,41
2023;11;RO;Rondônia;1100015;Alta Floresta D'Oeste;11050594;EMEF MARIOMA PEREIRA DA SILVA;3;1;2;54;5,26;Nível V;0,00;;18,68;24,36;19,14;28,21;3,85;5,77
2023;11;RO;Rondônia;1100205;Porto Velho;11000260;COLEGIO TIRADENTES DA POLICIA MILITAR - CTPM I;2;1;1;383;5,80;Nível VI;0,00;;3,06;7,10;26,01;29,23;28,48;6,12
2023;11;RO;Rondônia;1100205;Porto Velho;11000368;EMEIEF 13 DE MAIO;3;2;1;81;4,84;Nível IV;0,00;7,99;26,43;30,08;16,96;11,83;5,33;1,38
2023;11;RO;Rondônia;1100205;Porto Velho;11000597;EEEFM BELA VISTA;2;1;1;92;5,18;Nível V;0,00;4,84;15,24;20,24;23,06;22,79;13,83;
2023;11;RO;Rondônia;1100205;Porto Velho;11000708;EEEFM CAP CLAUDIO MANOEL DA COSTA;2;1;1;291;4,70;Nível IV;0,53;14,63;23,47;26,72;20,99;9,89;3,78;
2023;11;RO;Rondônia;1100205;Porto Velho;11000937;EEEFM DR OSWALDO PIANNA;2;1;1;117;4,71;Nível IV;1,27;12,52;24,31;30,23;17,78;7,70;6,18;
2023;11;RO;Rondônia;1100205;Porto Velho;11109807;IFRO - CAMPUS PORTO VELHO CALAMA;1;1;1;294;5,21;Nível V;0,00;5,14;13,89;20,59;25,41;20,09;14,88;
2023;12;AC;Acre;1200401;Rio Branco;12011410;ESC COLEGIO DE APLICACAO UFAC;1;1;1;146;5,43;Nível V;0,00;3,22;6,74;17,75;24,60;24,85;20,17;2,67
2023;12;AC;Acre;1200401;Rio Branco;12011681;ESC ISMAEL GOMES DE CARVALHO;3;1;1;118;4,84;Nível IV;0,00;10,22;26,49;21,44;23,42;12,35;6,09;
2023;12;AC;Acre;1200401;Rio Branco;12012823;ESC MAJOR JOAO CANCIO;2;2;1;71;4,59;Nível IV;2,44;16,36;20,49;40,70;9,01;5,52;5,49;
2023;12;AC;Acre;1200401;Rio Branco;12013242;ESC PADRE CARLOS CASAVECCHIA;2;1;1;227;4,71;Nível IV;1,13;16,58;19,42;31,50;17,37;7,11;6,90;
2023;12;AC;Acre;1200401;Rio Branco;12013595;ESC SAO PEDRO I;2;2;1;101;4,54;Nível IV;1,02;21,61;28,23;29,61;8,33;6,93;2,65;1,63
2023;12;AC;Acre;1200401;Rio Branco;12014001;ESC SANTO ANTONIO II;2;2;1;57;4,45;Nível III;4,77;24,81;21,72;30,38;11,92;4,03;;2,38
2023;12;AC;Acre;1200401;Rio Branco;12014389;ESC INSTITUTO SAO JOSE;2;1;1;286;5,34;Nível V;0,88;3,75;10,50;19,48;22,52;22,51;18,71;1,65
2023;13;AM;Amazonas;1302603;Manaus;13026488;COLEGIO MILITAR DE MANAUS;1;1;1;287;6,28;Nível VII;0,00;;0,95;1,83;8,30;25,89;46,47;16,56
2023;13;AM;Amazonas;1302603;Manaus;13026577;COLEGIO MILITAR DA POLICIA MILITAR DO AMAZONAS;2;1;1;866;5,81;Nível VI;0,00;1,59;3,35;9,52;20,64;23,91;33,16;7,82
2023;13;AM;Amazonas;1302603;Manaus;13026828;EM DESEMBARGADOR CANDIDO HONORIO FERREIRA;3;1;1;233;4,86;Nível IV;1,10;7,71;20,83;30,88;21,25;10,64;7,09;0,49
2023;13;AM;Amazonas;1302603;Manaus;13027042;ESCOLA ESTADUAL 1º DE MAIO;2;1;1;70;5,08;Nível V;0,00;12,18;8,94;22,80;28,85;16,26;7,32;3,66
2023;13;AM;Amazonas;1302603;Manaus;13027158;ESCOLA ESTADUAL ANTONIO DA ENCARNACAO FILHO;2;1;1;182;4,81;Nível IV;0,00;11,28;25,77;28,00;16,04;10,36;7,99;0,55
2023;13;AM;Amazonas;1302603;Manaus;13027255;ESCOLA ESTADUAL D MILTON CORREA PEREIRA;2;1;1;435;4,94;Nível IV;0,23;12,00;17,49;27,95;18,58;9,92;13,02;0,81
2023;13;AM;Amazonas;1302603;Manaus;13027280;ESCOLA ESTADUAL DR JOSE MILTON BANDEIRA;2;1;1;275;4,69;Nível IV;1,28;19,30;20,70;20,76;24,15;10,48;3,34;
2023;15;PA;Pará;1500800;Ananindeua;15035557;EEEFM RAINHA DA PAZ;2;1;2;157;4,33;Nível III;0,00;32,68;31,28;25,29;4,92;2,90;2,93;
2023;15;PA;Pará;1501402;Belém;15037991;EEEFM CONEGO BATISTA CAMPOS;2;1;1;191;4,32;Nível III;3,49;27,39;29,35;27,16;8,42;2,35;1,85;
2023;15;PA;Pará;1501402;Belém;15038688;ESCOLA DE APLICACAO DA UFPA;1;1;1;357;4,99;Nível IV;0,00;6,68;22,73;24,07;23,37;10,74;11,73;0,67
2023;15;PA;Pará;1501402;Belém;15038769;EEEFM BARAO DE IGARAPE MIRI;2;1;1;312;4,37;Nível III;2,53;23,48;34,61;23,64;10,07;3,79;1,53;0,36
2023;15;PA;Pará;1501402;Belém;15039153;COLEGIO TENENTE REGO BARROS;1;1;1;371;5,93;Nível VI;0,00;;3,80;7,93;14,80;25,78;38,83;8,86
2023;15;PA;Pará;1501402;Belém;15039250;EEEFM PROFA HILDA VIEIRA;2;1;1;95;4,41;Nível III;0,00;31,93;30,52;20,21;10,55;5,46;1,33;
2023;15;PA;Pará;1501402;Belém;15140759;ESCOLA BOSQUE PROF EIDORFE MOREIRA;3;1;1;539;4,44;Nível III;3,16;24,31;25,34;26,64;13,82;4,69;1,83;0,23
2023;21;MA;Maranhão;2104073;Feira Nova do Maranhão;21182663;EM CRISTO REI;3;2;2;34;3,94;Nível II;9,47;46,60;17,70;12,63;9,95;3,64;;
2023;21;MA;Maranhão;2104073;Feira Nova do Maranhão;21183066;EM LEOPOLDINO LISBOA;3;2;2;47;4,42;Nível III;2,49;26,85;24,44;24,28;17,04;4,90;;
2023;21;MA;Maranhão;2104073;Feira Nova do Maranhão;21183252;EM PEDRO ALVES DE OLIVEIRA;3;1;2;80;4,56;Nível IV;3,48;13,92;30,64;25,69;10,63;9,46;6,18;
2023;21;MA;Maranhão;2104073;Feira Nova do Maranhão;21183759;EM SEN ALEXANDRE COSTA;3;2;2;34;4,38;Nível III;3,54;29,92;22,83;28,75;3,54;7,88;3,54;
2023;21;MA;Maranhão;2104073;Feira Nova do Maranhão;21252815;CENTRO DE ENSINO ROSALINA SA;2;1;2;84;4,43;Nível III;0,00;30,96;26,62;19,13;18,76;1,57;2,96;
2023;21;MA;Maranhão;2104073;Feira Nova do Maranhão;21267715;EM PAULO DIAS;3;1;2;99;4,26;Nível III;7,21;31,59;19,81;28,22;8,32;;4,85;
2023;21;MA;Maranhão;2111300;São Luís;21011125;CENTRO DE ENSINO PROFESSOR BARJONAS LOBAO;2;1;1;299;4,73;Nível IV;2,05;15,75;23,61;22,02;22,12;8,81;5,53;0,12
2023;21;MA;Maranhão;2111300;São Luís;21016070;CENTRO DE ENSINO ESTADO DO RIO GRANDE DO NORTE;2;1;1;304;4,69;Nível IV;1,09;15,35;21,78;31,23;17,51;10,38;2,65;
2023;21;MA;Maranhão;2111300;São Luís;21016097;UEB ENS FUND EVANDRO BESSA - STA BARBARA;3;2;1;66;4,39;Nível III;3,76;24,29;31,64;22,98;13,00;1,88;2,45;
2023;21;MA;Maranhão;2111300;São Luís;21016631;CENTRO DE ENSINO ESTADO DE ALAGOAS;2;1;1;109;4,76;Nível IV;0,00;7,40;24,24;34,73;19,98;12,59;1,06;
2023;21;MA;Maranhão;2111300;São Luís;21016640;CENTRO DE ENSINO ESTADO DO AMAZONAS;2;1;1;96;4,42;Nível III;1,59;24,12;31,19;23,91;7,61;10,01;1,56;
2023;21;MA;Maranhão;2111300;São Luís;21016763;CENTRO DE ENSINO JACKSON LAGO;2;1;1;187;4,58;Nível IV;1,92;17,89;28,35;24,48;15,63;8,83;2,90;
2023;21;MA;Maranhão;2111300;São Luís;21017484;UFMA - COLEGIO UNIVERSITARIO;1;1;1;242;5,04;Nível V;0,50;8,23;17,87;24,58;21,33;14,39;11,93;1,17
2023;23;CE;Ceará;2302701;Campos Sales;23153237;PADRE AZARIAS SOBREIRA EEIF;3;1;2;55;4,39;Nível III;3,67;22,18;24,09;27,76;14,84;5,59;;1,88
2023;23;CE;Ceará;2302701;Campos Sales;23153253;ANTONIO RIBEIRO DE CARVALHO EEIF;3;2;2;12;4,47;Nível III;0,00;37,50;25,00;12,50;12,50;12,50;;
2023;23;CE;Ceará;2302701;Campos Sales;23153261;EEMTI DE CAMPOS SALES;2;1;2;211;4,38;Nível III;4,32;30,95;22,76;19,48;13,98;4,86;3,64;
2023;23;CE;Ceará;2302701;Campos Sales;23153369;JOAO XXIII EEIF;3;1;2;143;4,67;Nível IV;0,00;17,78;27,61;24,01;20,64;3,82;4,60;1,54
2023;23;CE;Ceará;2302701;Campos Sales;23153385;JOSE AUGUSTO SOBRINHO EEIF;3;1;2;37;4,20;Nível III;3,23;32,23;25,83;32,25;;6,45;;
2023;23;CE;Ceará;2302701;Campos Sales;23153415;LUCIANO TORRES DE MELO EEIF;3;1;2;80;4,25;Nível III;2,77;27,67;34,97;21,20;12,17;1,23;;
2023;23;CE;Ceará;2302701;Campos Sales;23153474;MANOEL DUARTE DE SA BARRETO E E I F;3;1;2;57;4,37;Nível III;0,00;14,63;45,37;35,60;1,95;2,44;;
2023;31;MG;Minas Gerais;3106200;Belo Horizonte;31000051;EE GUIA LOPES;2;1;1;28;5,06;Nível V;0,00;7,69;23,08;7,69;38,46;15,38;7,69;
2023;31;MG;Minas Gerais;3106200;Belo Horizonte;31000086;EE PROFESSOR JOSE MESQUITA DE CARVALHO;2;1;1;313;4,89;Nível IV;0,77;8,83;19,00;28,40;25,91;9,37;6,78;0,93
2023;31;MG;Minas Gerais;3106200;Belo Horizonte;31000124;EE DOUTOR SIMAO TAMM BIAS FORTES;2;1;1;204;5,10;Nível V;0,62;7,64;11,00;20,42;27,63;22,49;10,20;
2023;31;MG;Minas Gerais;3106200;Belo Horizonte;31000132;EE GUIMARAES ROSA;2;1;1;266;5,03;Nível V;1,29;8,45;15,15;25,52;15,79;22,99;10,14;0,67
2023;31;MG;Minas Gerais;3106200;Belo Horizonte;31000191;EE CAIO NELSON DE SENA;2;1;1;173;5,33;Nível V;0,00;2,36;10,65;17,12;29,17;25,86;14,02;0,82
2023;31;MG;Minas Gerais;3106200;Belo Horizonte;31002593;ESCOLA MUNICIPAL BELO HORIZONTE;3;1;1;141;4,81;Nível IV;0,95;9,83;22,38;26,37;24,13;11,25;5,10;
2023;31;MG;Minas Gerais;3106200;Belo Horizonte;31258377;ESCOLA DE EDUCACAO BASICA E PROFISSIONAL DA UFMG - CENTRO PEDAGOGICO;1;1;1;100;6,01;Nível VII;0,00;;;5,08;18,15;24,03;44,27;8,47
2023;35;SP;São Paulo;3509502;Campinas;35018107;FRANCISCO BARRETO LEME;2;1;2;95;5,28;Nível V;0,00;4,58;4,72;30,46;23,13;23,12;10,74;3,26
2023;35;SP;São Paulo;3509502;Campinas;35018119;CECILIA PEREIRA PROFESSORA;2;1;2;48;5,06;Nível V;0,00;2,94;16,41;31,11;16,41;24,92;8,20;
2023;35;SP;São Paulo;3509502;Campinas;35018156;AUREA ANUNCIACAO AMERICO DE GODOI PROFESSORA;2;1;2;178;5,39;Nível V;0,00;2,00;8,35;20,72;28,12;22,21;17,28;1,31
2023;35;SP;São Paulo;3509502;Campinas;35018272;THOMAS ALVES DOUTOR;2;1;2;139;5,45;Nível V;0,00;2,91;5,57;15,62;27,84;29,14;16,84;2,08
2023;35;SP;São Paulo;3509502;Campinas;35018302;CARLOS GOMES;2;1;2;461;5,35;Nível V;0,64;3,57;9,78;18,03;26,37;22,71;17,62;1,28
2023;35;SP;São Paulo;3509502;Campinas;35058932;CIRO EXEL MAGRO PROF EMEF;3;1;2;84;5,09;Nível V;0,00;5,68;21,74;21,67;21,17;11,06;17,16;1,52
2023;35;SP;São Paulo;3509502;Campinas;35500012;IFSP - CAMPUS CAMPINAS;1;1;2;109;5,63;Nível VI;1,32;3,27;1,38;7,30;31,17;25,74;25,52;4,29
2023;35;SP;São Paulo;3550308;São Paulo;35000024;GAVIAO PEIXOTO BRIGADEIRO;2;1;1;587;4,99;Nível IV;0,98;4,76;17,73;27,55;29,75;10,14;8,60;0,49
2023;35;SP;São Paulo;3550308;São Paulo;35000048;WALFREDO ARANTES CALDAS PROFESSOR;2;1;1;497;4,91;Nível IV;0,72;8,51;20,83;26,85;25,19;8,09;7,89;1,92
2023;35;SP;São Paulo;3550308;São Paulo;35000309;BENEDITO TOLOSA PROFESSOR;2;1;1;53;5,39;Nível V;0,00;;4,96;25,40;38,09;17,66;8,33;5,56
2023;35;SP;São Paulo;3550308;São Paulo;35000371;ANTONIO JOSE LEITE PROF;2;1;1;479;5,09;Nível V;0,78;6,93;14,44;19,52;29,96;14,78;12,29;1,29
2023;35;SP;São Paulo;3550308;São Paulo;35000693;RITA BICUDO PEREIRA PROFA;2;1;1;239;4,97;Nível IV;0,00;10,02;17,17;22,53;27,05;16,60;6,17;0,47
2023;35;SP;São Paulo;3550308;São Paulo;35054082;EMEFM LINNEU PRESTES PROF;3;1;1;150;5,24;Nível V;0,00;3,18;8,70;22,62;30,85;23,55;8,56;2,55
2023;35;SP;São Paulo;3550308;São Paulo;35923692;PAULISTINHA DE EDUCACAO ESCOLA;1;1;1;40;5,65;Nível VI;0,00;;10,78;7,15;21,57;28,49;28,38;3,63
2023;35;SP;São Paulo;3553807;Taquarituba;35014540;JOSE PENNA;2;1;2;122;5,31;Nível V;1,23;2,26;8,10;22,67;24,36;24,59;15,82;0,98
2023;35;SP;São Paulo;3553807;Taquarituba;35049888;JOSE APARECIDO CASTELUCCI PROFESSOR;2;1;2;19;5,13;Nível V;0,00;;13,33;26,67;46,67;6,67;6,67;
2023;35;SP;São Paulo;3553807;Taquarituba;35070956;MARIA DE LOURDES MEDEIROS ROLIM DOS SANTOS PROFA EM;3;1;2;54;4,94;Nível IV;0,00;10,83;14,86;25,28;29,72;10,56;8,75;
2023;35;SP;São Paulo;3553807;Taquarituba;35201856;BERNADETE DE LOURDES GOMES CLAUDIO PROFA EM;3;1;2;55;5,22;Nível V;0,00;4,59;12,92;23,05;25,24;19,48;12,54;2,19
2023;35;SP;São Paulo;3553807;Taquarituba;35217049;JULIETA TRINDADE EVANGELISTA PROFA EM;3;1;2;74;5,54;Nível VI;0,00;;6,32;15,89;31,57;23,87;19,12;3,24
2023;35;SP;São Paulo;3553807;Taquarituba;35290661;TEREZINHA MONTEIRO DOS SANTOS PROFA ETEC;2;1;2;97;5,51;Nível VI;0,00;;3,73;8,43;36,93;30,84;20,06;
2023;35;SP;São Paulo;3553807;Taquarituba;35345507;VIRGINIA OTTILIA MASCARENHAS DE MORAES PROFA EM;3;1;2;82;5,14;Nível V;0,00;;18,87;22,38;34,58;13,82;10,35;
2023;35;SP;São Paulo;3553807;Taquarituba;35566937;CELIA DE CASTILHOS FERREIRA PROFESSORA EM;3;1;2;16;4,34;Nível III;0,00;28,57;42,86;28,57;;;;
2023;35;SP;São Paulo;3553807;Taquarituba;35900424;DIMAS MOZART E SILVA PROFESSOR;2;1;2;129;5,23;Nível V;0,00;2,89;6,77;25,37;36,91;16,37;11,69;
2023;35;SP;São Paulo;3553807;Taquarituba;35910119;GUIDO DIAS DE ALMEIDA PROFESSOR;2;1;2;213;5,29;Nível V;0,65;3,21;9,68;18,28;29,42;21,72;15,98;1,06
2023;35;SP;São Paulo;3553807;Taquarituba;35924088;JOSE PIRES DE CARVALHO DOUTOR;2;1;2;49;5,01;Nível V;0,00;6,38;12,77;36,17;25,53;10,64;8,51;
2023;35;SP;São Paulo;3554102;Taubaté;35014278;ANTONIO MAGALHAES BASTOS;2;1;2;212;5,40;Nível V;0,00;4,70;9,91;11,99;25,54;25,63;22,23;
2023;35;SP;São Paulo;3554102;Taubaté;35039664;JOSE MARCONDES DE MATTOS DOUTOR;2;1;2;78;5,44;Nível V;0,00;3,16;3,16;18,61;27,69;27,56;19,82;
2023;35;SP;São Paulo;3554102;Taubaté;35060215;AVEDIS VICTOR NAHAS DR EMIEF;3;1;2;154;5,29;Nível V;0,00;2,25;9,60;20,86;26,79;26,56;13,94;
2023;35;SP;São Paulo;3554102;Taubaté;35229573;JOAQUIM FRANCA VEREADOR EMEFM;3;1;2;82;5,27;Nível V;0,00;1,44;6,83;33,90;18,54;24,51;14,77;
2023;35;SP;São Paulo;3554102;Taubaté;35277685;EMILIO AMADEI BERINGHS EMIEFM;3;2;2;194;5,29;Nível V;0,00;3,50;4,30;21,84;34,16;26,43;9,06;0,69
2023;35;SP;São Paulo;3554102;Taubaté;35457197;ANNA DOS R SIGNORINI PROFA EMIEFM;3;1;2;363;5,77;Nível VI;0,00;0,67;4,91;5,18;21,28;33,10;30,46;4,42
2023;35;SP;São Paulo;3554102;Taubaté;35659538;JOSE MARCONDES DE MOURA PROF EMEIEFM;3;2;2;41;5,24;Nível V;0,00;9,12;16,55;15,54;18,24;22,97;10,14;7,43
2023;35;SP;São Paulo;3555406;Ubatuba;35011162;FLORENTINA MARTINS SANCHEZ PROFESSORA;2;1;2;79;5,05;Nível V;0,00;7,56;10,69;25,95;31,73;14,81;7,71;1,56
2023;35;SP;São Paulo;3555406;Ubatuba;35011186;SEMIRAMIS PRADO DE OLIVEIRA PROFESSORA;2;1;2;153;5,22;Nível V;0,00;3,66;12,10;21,22;27,04;22,91;13,08;
2023;35;SP;São Paulo;3555406;Ubatuba;35011198;AUREA MOREIRA RACHOU PROFESSORA;2;1;2;300;4,95;Nível IV;1,02;11,61;14,24;26,97;21,64;16,51;7,32;0,69
2023;35;SP;São Paulo;3555406;Ubatuba;35011216;DEOLINDO DE OLIVEIRA SANTOS CAPITAO;2;1;2;187;5,13;Nível V;0,73;3,24;13,74;25,47;30,07;15,60;10,33;0,83
2023;35;SP;São Paulo;3555406;Ubatuba;35038751;SUELI APARECIDA FIGUEIRA DOS SANTOS PROFESSORA;2;1;2;95;5,33;Nível V;0,00;3,50;9,32;18,45;30,14;20,91;17,68;
2023;35;SP;São Paulo;3555406;Ubatuba;35038763;DIONISIA BUENO VELLOSO PROFESSORA;2;1;2;281;4,94;Nível IV;0,76;9,81;18,36;25,35;22,63;15,35;7,14;0,59
2023;35;SP;São Paulo;3555406;Ubatuba;35045123;IDALINA DO AMARAL GRACA;2;1;2;172;4,93;Nível IV;0,72;9,62;14,08;29,16;24,21;18,44;3,77;
2023;35;SP;São Paulo;3555406;Ubatuba;35046747;MARIA ALICE ALVES PEREIRA;2;1;2;192;5,08;Nível V;0,81;6,59;17,06;22,43;24,01;13,17;14,77;1,16
2023;35;SP;São Paulo;3555406;Ubatuba;35047824;AURELINA FERREIRA PROFESSORA;2;1;2;186;4,92;Nível IV;0,00;11,70;17,97;29,03;20,14;9,77;11,40;
2023;35;SP;São Paulo;3555406;Ubatuba;35201820;JOSE BELARMINO SOBRINHO EM;3;1;2;74;4,92;Nível IV;1,70;5,07;22,62;26,91;28,07;8,49;5,45;1,69
2023;41;PR;Paraná;4106902;Curitiba;41127013;ALBERT SCHWEITZER E M EF;3;1;1;194;5,61;Nível VI;0,00;3,01;2,94;10,61;26,79;26,39;28,50;1,76
2023;41;PR;Paraná;4106902;Curitiba;41127021;ALCYONE M C VELLOZO C E PROF EF M PROFI;2;1;1;182;5,34;Nível V;0,00;2,30;8,22;19,36;29,50;22,79;16,67;1,17
2023;41;PR;Paraná;4106902;Curitiba;41127200;ANGELO TREVISAN C E EF M PROFIS;2;1;1;273;6,13;Nível VII;0,00;0,42;1,65;3,33;13,74;22,13;45,77;12,95
2023;41;PR;Paraná;4106902;Curitiba;41127218;ANGELO VOLPATO C E EF M;2;1;1;82;5,52;Nível VI;0,00;3,95;7,80;9,11;27,21;22,08;28,53;1,31
2023;41;PR;Paraná;4106902;Curitiba;41127382;ATTICO EUSEBIO DA ROCHA C E D EF M PROF;2;1;1;130;5,46;Nível V;0,00;1,77;5,24;22,61;20,47;25,62;22,53;1,77
2023;41;PR;Paraná;4106902;Curitiba;41128052;CARRAO C E CONS EF M;2;1;1;65;5,20;Nível V;1,75;1,76;14,03;28,08;21,05;17,54;14,04;1,76
2023;41;PR;Paraná;4106902;Curitiba;41131215;COLEGIO MILITAR DE CURITIBA;1;1;1;331;6,45;Nível VII;0,00;;;1,47;5,66;15,43;53,22;24,21
2023;43;RS;Rio Grande do Sul;4316808;Santa Cruz do Sul;43119956;ESC EST ENS MED ERNESTO ALVES DE OLIVEIRA;2;1;2;379;5,95;Nível VI;0,00;0,71;0,67;6,82;19,57;21,71;43,08;7,45
2023;43;RS;Rio Grande do Sul;4316808;Santa Cruz do Sul;43120318;EMEF DONA LEOPOLDINA;3;1;2;46;5,68;Nível VI;0,00;;2,50;13,03;30,79;20,26;30,92;2,50
2023;43;RS;Rio Grande do Sul;4316808;Santa Cruz do Sul;43172210;EMEF SANTUARIO;3;1;2;52;5,05;Nível V;0,00;;20,03;24,79;34,78;13,74;6,66;
2023;43;RS;Rio Grande do Sul;4316907;Santa Maria;43122043;ESC EST ENS MED DR WALTER JOBIM;2;1;2;65;4,92;Nível IV;1,79;3,58;19,54;33,67;18,51;15,28;7,63;
2023;43;RS;Rio Grande do Sul;4316907;Santa Maria;43122051;EMEF PROFESSORA MARIA DE LOURDES BANDEIRA MEDINA;3;1;2;45;5,13;Nível V;0,00;3,25;2,96;44,08;21,60;18,64;9,47;
2023;43;RS;Rio Grande do Sul;4316907;Santa Maria;43123120;ESC EST ENS MED PRINCESA ISABEL;2;2;2;15;4,44;Nível III;36,36;;;;47,73;15,91;;
2023;43;RS;Rio Grande do Sul;4316907;Santa Maria;43123180;ESC EST ENS MED MARECHAL HUMBERTO DE ALENCAR CASTELO BRANCO;2;1;2;151;5,41;Nível V;0,00;5,67;8,95;15,53;19,69;26,19;20,84;3,12
2023;43;RS;Rio Grande do Sul;4316907;Santa Maria;43123260;ESC BASICA EST CICERO BARRETO;2;1;2;85;5,47;Nível V;0,00;2,41;4,36;12,59;36,62;26,52;11,11;6,39
2023;43;RS;Rio Grande do Sul;4316907;Santa Maria;43123279;ESC EST ENS MED DOM ANTONIO REIS;2;1;2;40;5,09;Nível V;0,00;;15,62;26,12;41,87;11,77;4,62;
2023;43;RS;Rio Grande do Sul;4316907;Santa Maria;43184790;COLEGIO MILITAR DE SANTA MARIA;1;1;2;269;6,32;Nível VII;0,00;;0,55;2,45;7,61;16,69;58,11;14,59
2023;51;MT;Mato Grosso;5107040;Primavera do Leste;51046946;CME CARLOS DRUMMOND DE ANDRADE;3;2;2;33;5,12;Nível V;0,00;3,23;6,45;25,81;41,94;19,35;3,23;
2023;51;MT;Mato Grosso;5107040;Primavera do Leste;51047101;EE CAMPO VILA UNIAO;2;2;2;105;5,25;Nível V;1,19;1,19;6,52;20,07;36,82;27,89;6,31;
2023;51;MT;Mato Grosso;5107040;Primavera do Leste;51047110;EE MONTEIRO LOBATO;2;1;2;155;5,43;Nível V;0,89;;8,10;18,76;25,49;23,77;21,37;1,61
2023;51;MT;Mato Grosso;5107040;Primavera do Leste;51066610;IFMT - CAMPUS PRIMAVERA DO LESTE;1;1;2;177;5,63;Nível VI;0,00;2,35;2,90;14,83;21,78;35,80;16,02;6,32
2023;51;MT;Mato Grosso;5107040;Primavera do Leste;51066963;ESCOLA ESTADUAL PROFESSORA MARIA SEBASTIANA DE SOUZA;2;1;2;206;5,15;Nível V;0,00;4,21;9,28;24,87;35,54;16,96;8,62;0,52
2023;51;MT;Mato Grosso;5107040;Primavera do Leste;51070120;EEDIEB GETULIO DORNELLES VARGAS;2;1;2;188;5,33;Nível V;0,00;4,57;9,14;19,03;28,04;16,71;20,63;1,87
2023;51;MT;Mato Grosso;5107040;Primavera do Leste;51143801;EE CREMILDA DE OLIVEIRA VIANA;2;1;2;336;5,25;Nível V;0,00;3,55;12,22;21,46;29,60;19,48;11,63;2,06
