,UF,COD. UF,COD. MUNIC,NOME DO MUNICÍPIO,POPULAÇÃO ESTIMADA
1,RO,11,00015,Alta Floresta D'Oeste,22787
17,RO,11,00205,Porto Velho,517709
67,AC,12,00401,Rio Branco,389001
112,AM,13,02603,Manaus,2303732
170,PA,15,01402,Belém,1397315
520,MA,21,04073,Feira Nova do Maranhão,8237
636,MA,21,11300,São Luís,1089215
924,CE,23,02701,Campos Sales,26049
2310,MG,31,06200,Belo Horizonte,2415872
3376,SP,35,09502,Campinas,1187974
3830,SP,35,50308,São Paulo,11904961
3867,SP,35,53807,Taquarituba,24932
3872,SP,35,54102,Taubaté,322397
3889,SP,35,55406,Ubatuba,97096
4006,PR,41,06902,Curitiba,1830795
4970,RS,43,16808,Santa Cruz do Sul,138270
4971,RS,43,16907,Santa Maria,282395
5283,MT,51,07040,Primavera do Leste,96006
