Cód.,Município,Total,0 a 4 anos,5 a 9 anos,10 a 14 anos,15 a 19 anos,20 a 24 anos,30 a 34 anos,35 a 39 anos,40 a 44 anos,45 a 49 anos,50 a 54 anos,55 a 59 anos,60 a 64 anos,65 a 69 anos,70 a 74 anos,75 a 79 anos,80 a 84 anos,85 a 89 anos,95 a 99 anos,100 anos ou mais
1100015,Alta Floresta D'Oeste (RO),21494,1564,1522,1541,1666,1532,1661,1531,1597,1553,1363,1263,1061,794,518,353,219,128,5,1
1100205,Porto Velho (RO),460434,32424,36013,35383,35762,38595,38580,39669,36601,30126,26358,23041,18208,12845,8098,4710,2871,1362,174,37
1200401,Rio Branco (AC),364756,26436,29363,28831,30991,33091,29746,30217,28924,23032,19471,15849,12575,9648,6546,4083,2469,1263,192,61
1302603,Manaus (AM),2063689,153636,169175,162708,170508,186449,164135,172209,167172,135513,111450,89635,71893,52399,34251,20134,11770,6199,776,206
1501402,Belém (PA),1303403,70625,80003,84509,93564,104095,97088,103417,107814,94224,87196,75408,65517,50417,36700,24225,14989,8444,1119,307
2104073,Feira Nova do Maranhão (MA),8048,640,625,700,809,684,526,539,583,485,393,389,302,267,198,152,98,48,5,1
2111300,São Luís (MA),1037775,63544,68279,70132,76265,90397,87665,91790,85452,68646,63000,52555,43655,33100,22671,14569,9689,5293,730,264
2302701,Campos Sales (CE),25135,1644,1614,1863,1980,1972,1870,1762,1686,1479,1526,1526,1134,958,806,595,471,238,31,5
3106200,Belo Horizonte (MG),2315560,111703,124644,122943,134631,169064,174412,183821,194854,160678,153791,147393,134720,108787,82861,57775,39304,23447,3385,652
3509502,Campinas (SP),1139047,59317,66300,65265,67617,82049,89522,92559,94732,79692,74451,69345,62418,51258,38469,25459,16822,9381,1172,169
3550308,São Paulo (SP),11451999,599931,682444,670931,720787,845139,888568,942674,947455,812857,752842,682446,606419,490960,370447,244904,161775,92602,11526,1761
3553807,Taquarituba (SP),24350,1393,1432,1514,1532,1849,2052,1957,1952,1683,1512,1430,1294,1082,695,460,305,140,16,1
3554102,Taubaté (SP),310739,17286,19617,18990,19384,21500,23849,25391,26341,21514,20660,18954,16861,13812,10128,6648,3990,2149,234,25
3555406,Ubatuba (SP),92981,5880,6126,6019,6205,6828,7206,7500,7861,6801,6110,5415,4649,3598,2576,1548,906,408,44,10
4106902,Curitiba (PR),1773718,85003,100444,101958,106401,131613,138214,142224,147403,127287,120887,111658,97950,79499,59039,39360,24369,13618,1610,237
4316808,Santa Cruz do Sul (RS),133230,7160,7846,7021,7557,9587,10426,10795,10731,8839,8630,8770,7789,6491,4832,3118,1924,1043,91,16
4316907,Santa Maria (RS),271735,14724,15544,15052,17132,22869,20429,20462,19965,16590,16840,17240,16052,12716,9668,6762,4162,2538,286,44
5107040,Primavera do Leste (MT),85146,7060,6915,6107,6360,7691,8007,7878,6742,5427,4331,3480,2530,1728,1123,630,384,192,19,1
