NU_ANO_CENSO;CO_ENTIDADE;QT_DOC_BAS;QT_DOC_INF;QT_DOC_INF_CRE;QT_DOC_INF_PRE;QT_DOC_FUND;QT_DOC_FUND_AI;QT_DOC_FUND_AI_1;QT_DOC_FUND_AI_2;QT_DOC_FUND_AI_3;QT_DOC_FUND_AI_4;QT_DOC_FUND_AI_5;QT_DOC_FUND_AI_MULTIETAPA;QT_DOC_FUND_AF;QT_DOC_FUND_AF_6;QT_DOC_FUND_AF_7;QT_DOC_FUND_AF_8;QT_DOC_FUND_AF_9;QT_DOC_FUND_AF_MULTI;QT_DOC_FUND_AF_CORRFLUXO;QT_DOC_MED;QT_DOC_MED_PROP;QT_DOC_MED_PROP_1;QT_DOC_MED_PROP_2;QT_DOC_MED_PROP_3;QT_DOC_MED_PROP_4;QT_DOC_MED_PROP_NS;QT_DOC_MED_IFTP_CT;QT_DOC_MED_IFTP_CT_1;QT_DOC_MED_IFTP_CT_2;QT_DOC_MED_IFTP_CT_3;QT_DOC_MED_IFTP_CT_4;QT_DOC_MED_IFTP_CT_NS;QT_DOC_MED_IFTP_QP;QT_DOC_MED_IFTP_QP_1;QT_DOC_MED_IFTP_QP_2;QT_DOC_MED_IFTP_QP_3;QT_DOC_MED_IFTP_QP_4;QT_DOC_MED_IFTP_QP_NS;QT_DOC_MED_NM;QT_DOC_MED_NM_1;QT_DOC_MED_NM_2;QT_DOC_MED_NM_3;QT_DOC_MED_NM_4;QT_DOC_PROF;QT_DOC_PROF_TEC;QT_DOC_PROF_TEC_CONC;QT_DOC_PROF_TEC_SUBS;QT_DOC_PROF_TEC_MISTO;QT_DOC_PROF_TEC_IFTP_CT;QT_DOC_PROF_NAO_TEC;QT_DOC_PROF_IFTP_QP;QT_DOC_PROF_FIC_CONC;QT_DOC_EJA;QT_DOC_EJA_FUND;QT_DOC_EJA_FUND_NPROF;QT_DOC_EJA_FUND_AI;QT_DOC_EJA_FUND_AF;QT_DOC_EJA_FUND_FIC;QT_DOC_EJA_MED;QT_DOC_EJA_MED_NPROF;QT_DOC_EJA_MED_FIC;QT_DOC_EJA_MED_TEC;QT_DOC_ESP;QT_DOC_ESP_CC;QT_DOC_ESP_CE;QT_DOC_BAS_FEM;QT_DOC_BAS_MASC;QT_DOC_BAS_ND;QT_DOC_BAS_BRANCA;QT_DOC_BAS_PRETA;QT_DOC_BAS_PARDA;QT_DOC_BAS_AMARELA;QT_DOC_BAS_INDIGENA;QT_DOC_BAS_0_24;QT_DOC_BAS_25_29;QT_DOC_BAS_30_39;QT_DOC_BAS_40_49;QT_DOC_BAS_50_54;QT_DOC_BAS_55_59;QT_DOC_BAS_60_MAIS;QT_DOC_BAS_PCD;QT_DOC_BAS_ZR_URB;QT_DOC_BAS_ZR_RUR;QT_DOC_BAS_ZR_NA;QT_DOC_BAS_ESCO_EF;QT_DOC_BAS_ESCO_EM;QT_DOC_BAS_ESCO_SUP_GRAD;QT_DOC_BAS_ESCO_SUP_GRAD_LICEN;QT_DOC_BAS_ESCO_SUP_GRAD_SLICEN;QT_DOC_BAS_ESCO_SUP_POS_ESPEC;QT_DOC_BAS_ESCO_SUP_POS_MESTRA;QT_DOC_BAS_ESCO_SUP_POS_DOUTO;QT_DOC_BAS_ESCO_SUP_POS_NENHUM;QT_DOC_BAS_VINCULO_CONCUR;QT_DOC_BAS_VINCULO_CONTRA;QT_DOC_BAS_VINCULO_TERCEIR;QT_DOC_BAS_VINCULO_CLT;QT_DOC_BAS_DOCENTE;QT_DOC_BAS_AUXILIAR;QT_DOC_BAS_PROFI_MONITOR;QT_DOC_BAS_TRADUTOR_LIBRAS;QT_DOC_BAS_TITULAR_EAD;QT_DOC_BAS_TUTOR_AUX_EAD;QT_DOC_BAS_GUIA_INTERPRETE;QT_DOC_BAS_APOIO_PCD;QT_DOC_BAS_INSTRUTOR_EP;QT_DOC_BAS_ESPEC_CRE;QT_DOC_BAS_ESPEC_PRE_ESCOLA;QT_DOC_BAS_ESPEC_ANOS_INICIAIS;QT_DOC_BAS_ESPEC_ANOS_FINAIS;QT_DOC_BAS_ESPEC_ENS_MEDIO;QT_DOC_BAS_ESPEC_EJA;QT_DOC_BAS_ESPEC_ED_ESPECIAL;QT_DOC_BAS_ESPEC_BIL_SURDOS;QT_DOC_BAS_ESPEC_ED_INDIGENA;QT_DOC_BAS_ESPEC_CAMPO;QT_DOC_BAS_ESPEC_AMBIENTAL;QT_DOC_BAS_ESPEC_DIR_HUMANOS;QT_DOC_BAS_ESPEC_DIV_SEXUAL;QT_DOC_BAS_ESPEC_DIR_ADOLESC;QT_DOC_BAS_ESPEC_AFRO;QT_DOC_BAS_ESPEC_GESTAO;QT_DOC_BAS_ESPEC_EDUC_TIC;QT_DOC_BAS_ESPEC_OUTROS;QT_DOC_BAS_ESPEC_NENHUM;QT_DOC_BAS_DISC_LINGUA_PORT;QT_DOC_BAS_DISC_EDUC_FISICA;QT_DOC_BAS_DISC_ARTES;QT_DOC_BAS_DISC_LINGUA_ING;QT_DOC_BAS_DISC_LINGUA_ESPA;QT_DOC_BAS_DISC_LINGUA_FRANC;QT_DOC_BAS_DISC_LINGUA_OUTRA;QT_DOC_BAS_DISC_LIBRAS;QT_DOC_BAS_DISC_LINGUA_INDIG;QT_DOC_BAS_DISC_PORT_SEG_LINGUA;QT_DOC_BAS_DISC_MATEMATICA;QT_DOC_BAS_DISC_CIENCIAS;QT_DOC_BAS_DISC_FISICA;QT_DOC_BAS_DISC_QUIMICA;QT_DOC_BAS_DISC_BIOLOGIA;QT_DOC_BAS_DISC_HISTORIA;QT_DOC_BAS_DISC_GEOGRAFIA;QT_DOC_BAS_DISC_SOCIOLOGIA;QT_DOC_BAS_DISC_FILOSOFIA;QT_DOC_BAS_DISC_EST_SOCIAIS;QT_DOC_BAS_DISC_EST_SOCIAIS_SOCI;QT_DOC_BAS_DISC_INFO_COMPUTACAO;QT_DOC_BAS_DISC_ENSINO_RELIGIOSO;QT_DOC_BAS_DISC_PROFISSIONA;QT_DOC_BAS_DISC_ESTAGIO_SUPER;QT_DOC_BAS_DISC_PEDAGOGICAS;QT_DOC_BAS_DISC_PROJETO_DE_VIDA;QT_DOC_BAS_DISC_OUTRAS;QT_DOC_BAS_LIBRAS
2025;11000040;9;9;0;9;0;0;0;0;0;0;0;0;0;0;0;0;0;0;0;0;0;0;0;0;0;0;0;0;0;0;0;0;0;0;0;0;0;0;0;0;0;0;0;0;0;0;0;0;0;0;0;0;0;0;0;0;0;0;0;0;0;0;9;9;0;9;0;1;3;0;5;0;0;0;0;0;5;0;3;1;0;9;0;0;0;0;9;9;0;7;1;0;2;9;2;0;0;9;0;0;0;0;0;0;0;0;0;3;2;0;0;1;1;0;0;0;0;0;0;0;0;0;0;1;5;0;0;0;0;0;0;0;0;0;0;0;0;0;0;0;0;0;0;0;0;0;0;0;0;0;0;0;0;0
2025;11000260;58;8;0;8;44;23;5;6;6;7;6;0;23;12;14;19;19;0;0;21;21;17;18;15;0;0;0;0;0;0;0;0;0;0;0;0;0;0;0;0;0;0;0;0;0;0;0;0;0;0;0;0;0;0;0;0;0;0;0;0;0;0;54;54;0;47;11;24;14;3;17;0;0;0;1;9;26;12;6;4;0;58;0;0;0;1;57;57;0;45;3;0;10;46;19;0;0;58;0;0;0;0;0;0;0;0;1;3;2;1;2;0;0;0;0;0;1;0;0;0;0;2;0;13;36;28;3;23;1;0;0;0;0;0;0;28;23;2;2;2;24;24;3;1;0;3;0;21;0;0;0;6;7;0
2025;11000368;18;4;0;4;14;14;5;4;4;3;4;0;0;0;0;0;0;0;0;0;0;0;0;0;0;0;0;0;0;0;0;0;0;0;0;0;0;0;0;0;0;0;0;0;0;0;0;0;0;0;0;0;0;0;0;0;0;0;0;0;0;0;14;14;0;14;4;0;3;0;15;0;0;0;0;1;7;6;4;0;0;0;18;0;0;1;17;17;0;15;0;0;2;18;0;0;0;18;0;0;0;0;0;0;0;0;0;0;2;1;1;0;0;0;0;3;0;0;0;0;1;0;0;5;12;11;3;11;0;0;0;0;0;0;0;11;11;0;0;0;11;11;0;0;0;0;0;11;0;0;0;0;0;0
2025;11000597;22;0;0;0;21;0;0;0;0;0;0;0;21;9;12;12;10;0;0;12;12;12;10;0;0;0;0;0;0;0;0;0;0;0;0;0;0;0;0;0;0;0;0;0;0;0;0;0;0;0;0;0;0;0;0;0;0;0;0;0;0;0;22;22;0;16;6;12;3;0;7;0;0;1;3;4;8;2;3;1;0;21;1;0;0;0;22;22;0;10;0;0;12;11;11;0;0;22;0;0;0;0;0;0;0;0;0;0;1;1;1;0;0;0;0;0;0;0;0;0;0;1;0;1;17;5;2;3;1;2;0;0;0;0;0;4;4;1;1;1;3;2;1;1;0;1;0;4;0;0;0;2;12;0
2025;11000708;42;0;0;0;29;0;0;0;0;0;0;0;29;11;13;15;20;0;0;26;26;22;19;18;0;0;0;0;0;0;0;0;0;0;0;0;0;0;0;0;0;0;0;0;0;0;0;0;0;0;0;0;23;16;16;0;16;0;19;19;0;0;41;41;0;23;19;15;13;1;13;0;0;0;2;10;10;6;8;6;0;42;0;0;0;1;41;41;0;33;1;0;7;29;15;0;0;42;0;0;0;0;0;0;0;0;0;0;2;1;2;0;0;0;0;0;2;0;0;0;0;6;0;11;21;7;2;8;2;1;0;0;0;0;0;9;4;3;2;2;8;5;3;5;0;3;0;10;0;0;0;4;13;0
2025;11000937;17;0;0;0;15;0;0;0;0;0;0;0;15;8;9;8;8;0;0;0;0;0;0;0;0;0;0;0;0;0;0;0;0;0;0;0;0;0;0;0;0;0;0;0;0;0;0;0;0;0;0;0;10;0;0;0;0;0;10;10;0;0;17;17;0;10;7;9;2;0;6;0;0;0;0;3;6;3;4;1;1;17;0;0;0;1;16;15;1;7;1;0;8;12;5;0;0;17;0;0;0;0;0;0;0;0;0;0;0;3;0;3;1;0;0;0;0;0;0;0;0;0;0;0;11;4;1;3;1;0;0;0;0;0;0;3;3;1;1;1;3;2;1;2;0;1;0;0;0;0;0;0;7;0
2025;11022558;1;0;0;0;1;1;1;1;1;0;1;0;0;0;0;0;0;0;0;0;0;0;0;0;0;0;0;0;0;0;0;0;0;0;0;0;0;0;0;0;0;0;0;0;0;0;0;0;0;0;0;0;0;0;0;0;0;0;0;0;0;0;0;0;0;0;1;0;0;0;0;0;1;0;0;0;0;0;1;0;0;0;1;0;0;1;0;0;0;0;0;0;0;1;0;0;0;1;0;0;0;0;0;0;0;0;0;0;0;0;0;0;0;0;0;0;0;0;0;0;0;0;0;0;1;1;1;1;0;0;0;0;0;1;0;1;1;0;0;0;1;1;0;0;0;0;0;1;0;0;0;0;0;0
2025;11024275;9;0;0;0;0;0;0;0;0;0;0;0;0;0;0;0;0;0;0;0;0;0;0;0;0;0;0;0;0;0;0;0;0;0;0;0;0;0;0;0;0;0;0;0;0;0;0;0;0;0;0;0;9;4;4;0;4;0;9;9;0;0;5;5;0;5;4;1;1;2;5;0;0;0;1;1;2;2;2;1;1;9;0;0;0;0;9;9;0;7;1;0;2;4;2;0;6;9;0;0;0;0;0;0;0;0;0;0;0;1;0;0;0;0;0;0;0;0;0;0;0;1;0;4;5;1;1;1;2;1;0;0;0;0;0;1;1;2;2;1;2;1;1;1;0;1;0;1;0;0;0;0;5;0
2025;11024372;8;1;0;1;7;0;0;0;0;0;0;0;7;5;5;5;5;3;0;0;0;0;0;0;0;0;0;0;0;0;0;0;0;0;0;0;0;0;0;0;0;0;0;0;0;0;0;0;0;0;0;0;0;0;0;0;0;0;0;0;0;0;3;3;0;7;1;0;1;0;6;0;1;0;0;2;4;2;0;0;0;5;3;0;0;0;8;8;0;7;0;0;1;1;7;0;0;8;0;0;0;0;0;0;2;0;0;0;0;0;0;0;0;0;0;0;0;0;0;0;0;0;0;0;8;3;1;3;1;0;0;0;0;0;0;3;4;0;0;0;3;3;0;0;0;0;0;3;0;0;0;0;1;0
2025;11024666;13;2;0;2;11;6;2;2;2;2;2;0;6;6;6;5;5;0;0;0;0;0;0;0;0;0;0;0;0;0;0;0;0;0;0;0;0;0;0;0;0;0;0;0;0;0;0;0;0;0;0;0;0;0;0;0;0;0;0;0;0;0;9;9;0;10;3;0;8;0;5;0;0;1;2;5;1;2;0;2;0;5;8;0;0;1;12;12;0;5;0;0;7;4;9;0;0;13;0;0;0;0;0;0;1;0;0;0;0;0;0;0;0;0;0;0;0;0;0;0;0;0;0;0;13;7;1;6;1;0;0;0;0;0;0;6;6;0;0;0;7;7;0;0;0;0;0;6;0;0;0;0;1;0
2025;11024682;44;0;0;0;11;0;0;0;0;0;0;0;11;8;8;9;8;0;0;41;40;36;38;26;0;0;0;0;0;0;0;0;15;10;0;13;0;0;0;0;0;0;0;15;0;0;0;0;0;15;0;0;0;0;0;0;0;0;0;0;0;0;44;44;0;24;20;0;10;7;27;0;0;0;1;12;16;10;2;3;1;40;4;0;0;0;44;43;1;37;8;2;6;40;8;0;0;44;17;0;0;0;0;0;5;0;0;0;0;0;5;2;1;1;2;0;2;1;1;0;1;2;4;23;17;6;3;6;4;3;0;0;0;0;0;6;2;2;4;5;5;5;4;2;0;4;0;0;0;0;0;9;13;0
2025;11024828;16;1;0;1;15;3;1;1;1;0;0;0;12;9;8;8;8;2;0;0;0;0;0;0;0;0;0;0;0;0;0;0;0;0;0;0;0;0;0;0;0;0;0;0;0;0;0;0;0;0;0;0;0;0;0;0;0;0;0;0;0;0;0;0;0;11;5;1;7;2;6;0;0;0;1;7;4;1;2;1;0;7;9;0;0;0;16;16;0;11;0;0;5;5;12;0;0;16;0;0;0;0;0;0;0;0;0;0;1;0;0;0;0;0;0;0;0;0;0;0;0;0;0;3;12;6;4;6;1;0;0;0;0;0;0;7;6;0;0;0;6;5;0;0;0;0;0;8;0;0;0;0;2;0
2025;11024917;11;1;0;1;10;0;0;0;0;0;0;0;10;0;6;7;7;2;0;0;0;0;0;0;0;0;0;0;0;0;0;0;0;0;0;0;0;0;0;0;0;0;0;0;0;0;0;0;0;0;0;0;0;0;0;0;0;0;0;0;0;0;2;2;0;8;3;0;6;1;4;0;0;0;1;1;3;3;1;2;0;5;6;0;0;0;11;11;0;8;0;0;3;9;2;0;0;11;0;0;0;0;0;0;0;0;0;0;2;0;0;0;0;0;0;0;0;0;0;0;0;0;0;6;3;4;3;3;2;0;0;0;0;0;0;3;3;0;0;0;4;3;0;0;0;0;0;3;0;0;0;0;1;0
2025;11024968;21;0;0;0;18;0;0;0;0;0;0;0;18;11;12;11;12;0;0;20;20;16;14;14;0;0;0;0;0;0;0;0;18;0;14;13;0;0;0;0;0;0;0;18;0;0;0;0;0;18;0;0;0;0;0;0;0;0;0;0;0;0;20;20;0;16;5;0;12;0;8;1;0;0;0;12;5;2;2;0;0;21;0;0;0;0;21;21;0;20;3;0;0;11;10;0;0;21;0;0;0;0;0;0;2;0;0;0;0;1;1;0;1;0;0;0;0;0;0;0;0;2;0;6;13;4;2;2;2;1;0;0;0;0;0;3;1;1;2;1;2;2;2;1;0;2;0;4;0;0;0;3;16;0
2025;11025077;12;1;0;1;11;1;1;0;0;0;0;0;10;7;8;8;8;2;0;0;0;0;0;0;0;0;0;0;0;0;0;0;0;0;0;0;0;0;0;0;0;0;0;0;0;0;0;0;0;0;0;0;0;0;0;0;0;0;0;0;0;0;0;0;0;9;3;1;4;0;7;0;0;0;2;2;2;3;3;0;0;6;6;0;0;0;12;12;0;11;0;0;1;8;4;0;0;12;0;0;0;0;0;0;0;0;0;0;0;0;0;0;0;0;0;0;0;0;0;0;0;0;0;4;8;4;4;4;1;0;0;0;0;0;0;5;4;0;0;0;4;4;0;0;0;0;0;4;0;0;0;0;1;0
2025;11025115;1;0;0;0;1;0;0;0;0;0;0;0;1;0;0;0;0;1;0;0;0;0;0;0;0;0;0;0;0;0;0;0;0;0;0;0;0;0;0;0;0;0;0;0;0;0;0;0;0;0;0;0;0;0;0;0;0;0;0;0;0;0;1;1;0;0;1;0;1;0;0;0;0;0;0;0;0;0;0;1;0;0;1;0;0;0;1;1;0;1;0;0;0;1;0;0;0;1;0;0;0;0;0;0;1;0;0;0;0;0;0;0;0;0;0;0;0;0;0;0;0;0;0;0;1;1;1;1;0;0;0;0;0;0;0;1;1;0;0;0;1;1;0;0;0;0;0;1;0;0;0;0;0;0
2025;11025280;15;1;0;1;14;1;1;0;0;0;0;0;13;9;7;7;8;2;0;0;0;0;0;0;0;0;0;0;0;0;0;0;0;0;0;0;0;0;0;0;0;0;0;0;0;0;0;0;0;0;0;0;0;0;0;0;0;0;0;0;0;0;8;8;0;10;5;0;7;2;6;0;0;0;0;8;3;2;1;1;0;7;8;0;0;0;15;15;0;11;0;0;4;6;9;0;0;15;0;0;0;0;0;0;0;0;0;1;0;0;0;1;0;0;0;0;0;0;0;1;0;0;0;5;10;5;4;5;1;0;0;0;0;0;0;6;5;0;0;0;5;5;0;0;0;0;0;5;0;0;0;0;1;0
2025;11025310;20;2;0;2;18;5;1;1;1;1;1;0;13;10;10;10;10;0;0;0;0;0;0;0;0;0;0;0;0;0;0;0;0;0;0;0;0;0;0;0;0;0;0;0;0;0;0;0;0;0;0;0;0;0;0;0;0;0;0;0;0;0;11;11;0;15;5;0;10;1;9;0;0;0;1;7;4;6;0;2;0;10;10;0;0;1;19;19;0;16;0;0;3;10;11;0;0;20;0;0;0;0;0;0;0;0;0;0;1;0;1;0;0;0;0;1;0;0;0;0;0;0;0;10;9;7;5;6;1;0;0;0;1;0;0;6;6;0;0;0;7;7;0;0;0;0;0;6;0;0;0;0;1;0
2025;11025352;18;1;0;1;17;5;1;1;1;1;1;0;13;9;9;10;10;0;0;0;0;0;0;0;0;0;0;0;0;0;0;0;0;0;0;0;0;0;0;0;0;0;0;0;0;0;0;0;0;0;0;0;0;0;0;0;0;0;0;0;0;0;14;14;0;15;3;0;7;0;11;0;0;1;1;6;4;5;0;1;0;11;7;0;0;1;17;17;0;16;0;0;1;11;7;0;0;18;0;0;0;0;0;0;1;0;0;0;1;0;1;0;0;0;0;0;0;0;0;0;0;0;0;11;6;8;6;7;1;0;0;0;0;0;0;7;7;0;0;0;6;6;0;0;0;0;0;5;0;0;0;0;1;0
2025;11025620;9;0;0;0;8;0;0;0;0;0;0;0;8;7;7;7;7;0;0;8;8;8;0;0;0;0;0;0;0;0;0;0;8;8;0;0;0;0;0;0;0;0;0;8;0;0;0;0;0;8;0;0;0;0;0;0;0;0;0;0;0;0;9;9;0;8;1;0;3;1;5;0;0;0;1;6;1;0;1;0;0;8;1;0;0;0;9;9;0;8;0;0;1;5;4;0;0;9;0;0;0;0;0;0;4;0;0;0;0;0;2;0;0;0;0;0;0;0;0;0;0;0;0;3;5;1;2;1;2;1;0;0;0;0;0;1;1;1;1;1;1;1;1;1;0;1;0;0;0;0;0;1;4;0
2025;11025638;25;0;0;0;22;0;0;0;0;0;0;0;22;8;13;14;12;0;0;22;20;16;15;0;0;0;0;0;0;0;0;0;16;0;0;16;0;0;0;0;0;0;0;16;0;0;0;0;0;16;0;0;0;0;0;0;0;0;0;0;0;0;25;25;0;20;5;0;8;3;14;0;0;0;3;12;5;3;2;0;1;20;5;0;0;0;25;25;0;20;1;0;5;11;19;0;0;25;0;0;0;0;0;0;0;0;0;0;0;0;0;0;0;0;0;0;0;0;0;0;0;1;0;5;20;6;2;1;1;1;0;0;0;0;0;5;3;1;1;3;3;3;1;2;0;1;0;0;0;0;0;4;15;0
2025;11025654;22;6;0;6;16;16;3;5;3;2;4;0;0;0;0;0;0;0;0;0;0;0;0;0;0;0;0;0;0;0;0;0;0;0;0;0;0;0;0;0;0;0;0;0;0;0;0;0;0;0;0;0;0;0;0;0;0;0;0;0;0;0;21;21;0;18;4;0;8;2;12;0;0;0;1;7;7;4;2;1;0;18;4;0;0;1;21;21;0;18;0;0;3;18;4;0;0;22;0;0;0;0;0;0;9;0;0;1;3;0;0;1;1;0;0;0;1;0;0;1;0;10;1;15;3;16;16;16;0;0;0;0;0;0;0;16;16;0;0;0;16;16;0;0;0;0;0;16;0;0;0;0;0;0
2025;11037962;38;0;0;0;11;5;2;2;2;2;2;0;8;7;7;7;7;0;0;27;27;27;27;27;0;0;0;0;0;0;0;0;0;0;0;0;0;0;0;0;0;0;0;0;0;0;0;0;0;0;0;0;0;0;0;0;0;0;0;0;0;0;0;0;0;20;18;0;6;3;24;0;5;0;0;10;15;9;2;2;1;31;7;0;0;4;34;33;1;31;8;2;2;30;8;0;0;38;2;0;0;0;0;0;0;0;0;0;1;0;4;1;2;1;2;0;2;1;1;0;1;3;4;20;15;6;4;6;3;1;0;0;0;5;0;7;4;1;2;3;6;6;2;1;0;2;0;3;0;0;0;1;7;0
2025;11038047;1;0;0;0;1;1;0;1;0;1;1;0;0;0;0;0;0;0;0;0;0;0;0;0;0;0;0;0;0;0;0;0;0;0;0;0;0;0;0;0;0;0;0;0;0;0;0;0;0;0;0;0;0;0;0;0;0;0;0;0;0;0;0;0;0;1;0;0;0;0;0;0;1;0;0;0;0;1;0;0;0;0;1;0;0;1;0;0;0;0;0;0;0;1;0;0;0;1;0;0;0;0;0;0;0;0;0;0;0;0;0;0;0;0;0;0;0;0;0;0;0;0;0;1;0;1;1;1;0;0;0;0;0;1;0;1;1;0;0;0;1;1;0;0;0;0;0;1;0;0;0;0;0;0
2025;11038373;39;0;0;0;12;5;2;2;2;2;2;0;8;8;8;8;8;0;0;27;27;0;26;27;0;0;0;0;0;0;0;0;27;27;0;0;0;0;0;0;0;0;0;27;0;0;0;0;0;27;0;0;0;0;0;0;0;0;0;0;0;0;2;2;0;20;19;0;6;3;24;0;6;0;0;13;14;8;1;3;1;31;8;0;0;5;34;33;1;31;8;2;2;29;10;0;0;39;2;0;0;0;0;0;0;0;0;0;1;0;4;1;2;1;2;0;2;1;1;0;1;3;4;20;16;8;5;8;3;1;0;0;0;6;0;8;5;1;2;3;7;7;2;1;0;2;0;4;0;0;0;1;8;0
2025;11039493;10;10;10;0;0;0;0;0;0;0;0;0;0;0;0;0;0;0;0;0;0;0;0;0;0;0;0;0;0;0;0;0;0;0;0;0;0;0;0;0;0;0;0;0;0;0;0;0;0;0;0;0;0;0;0;0;0;0;0;0;0;0;8;8;0;10;0;1;2;2;5;0;0;0;3;2;2;2;1;0;0;10;0;0;0;1;9;9;0;7;0;0;2;5;5;0;0;10;6;0;0;0;0;0;4;0;0;0;1;0;0;0;1;0;0;0;0;0;0;0;0;0;0;4;6;0;0;0;0;0;0;0;0;0;0;0;0;0;0;0;0;0;0;0;0;0;0;0;0;0;0;0;0;0
2025;11046252;36;0;0;0;11;5;2;2;2;2;2;0;7;7;7;7;7;0;0;26;26;26;25;26;0;0;0;0;0;0;0;0;0;0;0;0;0;0;0;0;0;0;0;0;0;0;0;0;0;0;0;0;0;0;0;0;0;0;0;0;0;0;0;0;0;17;19;0;6;3;21;0;6;0;1;12;12;9;0;2;1;29;7;0;0;6;30;29;1;28;8;2;1;27;9;0;0;36;3;0;0;0;0;0;0;0;0;0;1;0;4;1;2;1;2;0;2;1;1;0;1;3;4;19;14;7;2;7;3;1;0;0;0;5;0;8;5;1;2;3;7;7;2;1;0;2;0;4;0;0;0;1;5;0
2025;11047402;12;12;0;12;0;0;0;0;0;0;0;0;0;0;0;0;0;0;0;0;0;0;0;0;0;0;0;0;0;0;0;0;0;0;0;0;0;0;0;0;0;0;0;0;0;0;0;0;0;0;0;0;0;0;0;0;0;0;0;0;0;0;11;11;0;12;0;0;6;0;6;0;0;0;0;4;6;2;0;0;0;12;0;0;0;1;11;11;0;11;1;0;0;9;3;0;0;12;1;0;0;0;0;0;11;0;0;6;3;0;0;0;4;0;0;0;1;0;0;0;0;1;5;8;2;0;0;0;0;0;0;0;0;0;0;0;0;0;0;0;0;0;0;0;0;0;0;0;0;0;0;0;0;0
2025;11047461;20;2;0;2;18;18;5;3;4;4;2;0;0;0;0;0;0;0;0;0;0;0;0;0;0;0;0;0;0;0;0;0;0;0;0;0;0;0;0;0;0;0;0;0;0;0;0;0;0;0;0;0;0;0;0;0;0;0;0;0;0;0;14;14;0;18;2;1;6;0;12;0;1;0;3;3;8;4;1;1;0;19;1;0;0;0;20;20;0;15;0;0;5;12;8;0;0;20;0;0;0;0;0;0;9;0;2;5;10;1;0;0;3;0;0;1;0;0;0;0;0;3;1;10;6;18;12;18;0;0;0;0;0;0;0;18;18;0;0;0;18;18;0;0;0;0;0;18;0;0;0;0;0;0
2025;11048450;40;0;0;0;36;19;5;4;4;5;5;0;19;10;10;11;10;0;0;18;18;16;16;17;0;0;0;0;0;0;0;0;0;0;0;0;0;0;0;0;0;0;0;0;0;0;0;0;0;0;0;0;0;0;0;0;0;0;0;0;0;0;38;38;0;31;9;2;14;1;23;0;0;0;1;11;12;7;4;5;0;40;0;0;0;2;38;38;0;22;1;0;15;0;0;0;0;40;0;0;0;0;0;0;0;0;0;4;4;2;2;1;1;0;0;0;1;0;0;0;0;0;0;5;28;21;3;18;12;0;0;0;0;0;0;20;18;1;1;2;18;19;1;1;0;1;0;17;0;0;0;1;6;0
2025;11050594;14;0;0;0;14;14;4;2;3;3;2;0;0;0;0;0;0;0;0;0;0;0;0;0;0;0;0;0;0;0;0;0;0;0;0;0;0;0;0;0;0;0;0;0;0;0;0;0;0;0;0;0;0;0;0;0;0;0;0;0;0;0;12;12;0;13;1;1;8;1;4;0;0;0;2;2;6;2;2;0;0;12;2;0;0;1;13;13;0;13;0;0;0;11;3;0;0;14;1;0;0;0;0;0;5;0;2;3;5;1;0;1;1;0;0;0;1;0;0;0;0;0;1;7;3;13;14;9;0;0;0;0;0;0;0;13;12;0;0;0;13;13;0;0;0;0;0;11;0;0;0;0;0;0
2025;11051264;11;11;11;0;0;0;0;0;0;0;0;0;0;0;0;0;0;0;0;0;0;0;0;0;0;0;0;0;0;0;0;0;0;0;0;0;0;0;0;0;0;0;0;0;0;0;0;0;0;0;0;0;0;0;0;0;0;0;0;0;0;0;3;3;0;11;0;0;5;0;6;0;0;0;0;2;5;3;1;0;0;6;5;0;0;1;10;10;0;10;0;0;0;6;5;0;0;11;11;0;0;0;0;0;1;0;1;1;3;0;0;0;0;0;0;0;1;0;0;0;0;0;0;3;6;0;0;0;0;0;0;0;0;0;0;0;0;0;0;0;0;0;0;0;0;0;0;0;0;0;0;0;0;0
2025;11109807;108;0;0;0;0;0;0;0;0;0;0;0;0;0;0;0;0;0;0;99;0;0;0;0;0;0;99;53;57;60;0;0;0;0;0;0;0;0;0;0;0;0;0;108;108;0;28;0;0;0;0;0;0;0;0;0;0;0;0;0;0;0;90;90;0;39;69;48;24;2;34;0;0;0;6;44;35;12;6;5;0;107;1;0;0;2;106;100;6;44;42;14;24;92;16;0;0;108;0;0;0;0;0;0;0;0;0;0;0;0;5;0;1;0;0;0;0;0;0;0;0;0;0;24;79;6;4;2;3;3;0;0;0;0;0;6;0;5;3;3;3;3;4;3;0;4;0;0;28;11;0;0;0;0
2025;12010928;48;4;1;3;40;25;9;10;7;7;9;0;16;12;14;14;16;0;0;14;14;14;13;0;0;0;0;0;0;0;0;0;13;0;13;12;0;0;0;0;0;0;0;13;0;0;0;0;0;13;0;0;0;0;0;0;0;0;0;0;0;0;45;45;0;40;8;31;3;1;13;0;0;7;9;16;12;4;0;0;0;45;3;0;1;1;46;46;0;8;1;0;37;0;0;0;0;48;0;0;0;0;0;0;0;0;0;2;5;0;1;0;1;0;0;0;0;0;0;0;0;0;0;4;38;19;3;3;7;1;0;0;0;0;0;19;19;1;1;1;18;18;2;2;0;2;0;19;0;0;0;1;17;0
2025;12011410;38;3;0;3;30;9;3;3;3;4;5;0;22;11;10;9;11;0;0;22;22;13;14;14;0;0;0;0;0;0;0;0;0;0;0;0;0;0;0;0;0;0;0;0;0;0;0;0;0;0;0;0;0;0;0;0;0;0;0;0;0;0;37;37;0;23;15;7;7;1;21;1;1;0;2;12;15;5;2;2;0;38;0;0;0;0;38;38;0;10;19;5;9;35;7;0;0;38;0;0;1;0;0;0;0;0;1;1;3;3;3;2;1;0;0;0;0;1;1;1;0;1;0;3;25;8;3;3;2;2;0;0;0;0;0;9;7;1;1;2;8;7;1;1;0;1;0;4;0;0;0;0;0;0
2025;12011681;21;0;0;0;21;21;6;7;8;7;6;0;0;0;0;0;0;0;0;0;0;0;0;0;0;0;0;0;0;0;0;0;0;0;0;0;0;0;0;0;0;0;0;0;0;0;0;0;0;0;0;0;0;0;0;0;0;0;0;0;0;0;21;21;0;18;3;8;2;1;10;0;0;0;2;5;8;4;2;0;0;20;1;0;0;2;19;19;0;13;0;0;6;15;6;0;0;21;0;0;0;0;0;0;14;0;2;3;12;2;1;2;6;1;0;0;0;0;0;0;0;0;0;6;5;18;11;19;0;0;0;0;1;0;0;18;18;0;0;0;18;18;0;0;0;0;0;17;0;0;0;0;0;0
2025;12012823;14;0;0;0;11;6;1;1;2;1;1;0;7;7;7;7;6;0;0;7;7;7;7;6;0;0;0;0;0;0;0;0;0;0;0;0;0;0;0;0;0;0;0;0;0;0;0;0;0;0;0;0;0;0;0;0;0;0;0;0;0;0;11;11;0;11;3;7;0;3;4;0;0;1;0;2;7;1;2;1;0;6;8;0;0;0;14;14;0;7;1;0;6;0;14;0;0;14;0;0;0;0;0;0;5;0;0;0;7;1;4;1;6;0;0;0;0;0;0;0;0;0;0;0;3;7;7;7;1;1;0;0;0;0;0;8;6;1;1;1;7;8;1;1;0;1;0;7;0;0;0;1;0;0
2025;12013242;44;0;0;0;18;0;0;0;0;0;0;0;18;10;13;12;10;0;0;17;17;17;15;13;0;0;0;0;0;0;0;0;16;0;16;0;0;0;0;0;0;0;0;18;2;0;0;0;0;16;0;0;11;11;11;1;10;0;7;7;0;2;44;44;0;25;19;26;5;0;12;1;0;1;9;16;8;5;4;1;0;43;1;0;0;2;42;41;5;19;1;0;23;8;40;0;0;44;0;0;0;0;0;0;28;0;0;0;2;10;10;2;2;0;0;0;0;1;0;1;1;2;0;11;21;8;3;4;3;3;0;0;0;0;0;7;4;2;2;2;5;5;1;2;1;2;0;2;0;0;0;0;9;0
2025;12013595;29;0;0;0;17;5;1;1;1;1;1;0;12;8;9;9;7;0;0;10;9;0;9;0;0;0;9;9;0;4;0;0;5;0;0;5;0;0;0;0;0;0;0;10;9;0;0;0;0;5;0;0;8;6;6;0;6;0;7;7;0;0;28;28;0;19;10;20;1;1;6;1;0;2;5;8;9;2;3;0;0;26;3;0;0;3;26;26;0;9;0;0;17;2;27;0;0;29;12;0;0;0;0;0;0;0;0;0;0;3;3;2;2;0;0;0;0;0;0;0;0;0;0;4;19;11;9;11;5;2;0;0;0;0;0;9;8;2;1;1;9;9;2;2;0;2;0;7;0;0;0;0;4;0
2025;12014001;17;0;0;0;13;5;1;1;1;1;1;0;8;8;8;8;8;0;0;7;7;7;7;0;0;0;0;0;0;0;0;0;3;0;0;3;0;0;0;0;0;0;0;3;0;0;0;0;0;3;0;0;2;1;1;0;1;0;1;1;0;0;16;16;0;14;3;9;0;0;8;0;0;0;3;4;9;1;0;0;0;15;2;0;0;1;16;16;0;5;0;0;11;1;16;0;0;17;0;0;0;0;0;0;10;0;1;1;3;2;1;0;1;0;0;0;1;1;1;1;0;0;0;4;10;8;7;8;2;3;0;0;0;0;0;7;6;1;1;1;7;7;1;1;0;1;0;6;0;0;0;0;2;0
2025;12014389;44;0;0;0;44;19;2;5;6;7;5;0;25;15;14;18;12;0;0;0;0;0;0;0;0;0;0;0;0;0;0;0;0;0;0;0;0;0;0;0;0;0;0;0;0;0;0;0;0;0;0;0;0;0;0;0;0;0;0;0;0;0;44;44;0;34;10;17;11;2;14;0;0;2;5;15;16;5;0;1;0;40;4;0;0;1;43;42;1;15;0;0;28;0;0;0;44;44;4;0;0;0;0;0;45;0;3;4;15;11;7;6;8;0;2;0;2;2;0;1;2;1;0;16;9;21;4;19;2;2;0;0;0;0;0;21;21;0;0;0;21;20;0;0;0;0;0;19;0;0;0;0;0;0
2025;13025082;29;0;0;0;24;12;5;5;3;4;3;0;12;10;10;10;11;0;0;12;12;12;12;12;0;0;0;0;0;0;0;0;0;0;0;0;0;0;0;0;0;0;0;0;0;0;0;0;0;0;0;0;0;0;0;0;0;0;0;0;0;0;29;29;0;21;8;5;5;1;18;0;0;0;3;16;6;3;0;1;0;29;0;0;0;1;28;28;0;10;1;0;17;0;0;0;0;29;0;0;0;0;0;0;0;0;3;5;9;4;1;2;5;0;0;0;4;2;2;4;0;0;0;10;11;12;2;10;3;0;0;0;0;0;0;11;11;1;1;1;8;7;1;7;0;1;0;1;0;0;0;1;7;0
2025;13026488;77;0;0;0;39;0;0;0;0;0;0;0;39;10;12;12;11;0;0;39;39;17;18;16;0;0;0;0;0;0;0;0;0;0;0;0;0;0;0;0;0;0;0;0;0;0;0;0;0;0;0;0;0;0;0;0;0;0;0;0;0;0;62;62;0;47;30;13;17;4;42;1;0;0;8;41;13;5;6;4;0;76;1;0;0;3;74;71;3;30;21;4;21;28;49;0;0;77;0;0;0;0;0;0;0;0;0;0;0;3;3;0;0;0;0;0;0;0;0;0;0;1;0;16;56;13;8;3;8;0;0;0;0;0;0;10;4;5;4;3;8;7;1;2;0;1;0;0;0;0;0;0;1;0
2025;13026577;90;0;0;0;69;17;0;0;0;9;13;0;54;18;18;20;19;0;0;41;41;22;24;14;0;0;0;0;0;0;0;0;0;0;0;0;0;0;0;0;0;0;0;0;0;0;0;0;0;0;0;0;0;0;0;0;0;0;0;0;0;0;85;85;0;59;31;2;7;1;79;0;1;0;0;24;35;13;8;10;0;89;1;0;0;0;90;90;0;25;6;4;62;88;2;0;0;90;0;0;0;0;0;0;0;0;0;1;0;4;2;0;3;0;1;0;0;1;2;0;0;1;0;10;69;22;8;8;10;0;0;0;0;0;0;22;10;3;3;5;13;12;5;3;0;5;0;8;0;0;0;0;22;0
2025;13026828;29;0;0;0;28;28;14;14;12;13;11;0;0;0;0;0;0;0;0;0;0;0;0;0;0;0;0;0;0;0;0;0;0;0;0;0;0;0;0;0;0;0;0;0;0;0;0;0;0;0;0;0;2;2;2;2;0;0;0;0;0;0;28;28;0;25;4;2;6;0;21;0;0;0;0;9;14;3;1;2;0;29;0;0;0;0;29;29;0;14;0;0;15;29;0;0;0;29;0;0;0;0;0;0;0;0;0;2;0;0;0;0;1;0;0;0;0;0;0;0;1;0;0;0;25;21;5;9;0;0;0;0;0;0;0;21;7;0;0;0;7;19;0;0;0;0;0;16;0;0;0;0;0;0
2025;13027042;24;0;0;0;24;0;0;0;0;0;0;0;24;11;15;15;9;0;0;0;0;0;0;0;0;0;0;0;0;0;0;0;0;0;0;0;0;0;0;0;0;0;0;0;0;0;0;0;0;0;0;0;0;0;0;0;0;0;0;0;0;0;24;24;0;12;12;0;4;0;20;0;0;0;0;10;6;3;3;2;0;24;0;0;0;0;24;23;1;7;5;0;13;24;1;0;0;24;0;0;0;0;0;0;0;0;0;0;0;1;1;1;0;0;0;0;0;0;0;0;0;0;0;0;23;3;4;2;2;0;0;0;0;0;0;3;4;0;0;0;3;3;0;0;0;0;0;1;0;0;0;0;1;0
2025;13027158;46;0;0;0;0;0;0;0;0;0;0;0;0;0;0;0;0;0;0;44;44;38;37;32;0;0;0;0;0;0;0;0;0;0;0;0;0;0;0;0;0;0;0;0;0;0;0;0;0;0;0;0;16;0;0;0;0;0;16;16;0;0;45;45;0;18;28;7;2;1;34;1;1;0;2;7;15;9;3;10;1;46;0;0;0;0;46;46;0;15;5;0;26;46;0;0;0;46;0;0;0;0;0;0;0;0;1;0;0;0;0;1;1;0;0;0;0;0;1;0;0;0;0;3;40;2;3;3;3;0;0;0;0;0;0;7;0;5;5;6;4;4;3;5;0;3;0;0;0;0;0;0;29;0
2025;13027255;72;0;0;0;21;0;0;0;0;0;0;0;21;10;11;11;12;0;0;60;60;46;55;21;0;0;0;0;0;0;0;0;0;0;0;0;0;0;0;0;0;0;0;0;0;0;0;0;0;0;0;0;27;9;9;0;9;0;22;22;0;0;69;69;0;34;38;7;0;1;63;0;1;0;3;19;26;7;10;7;2;72;0;0;0;0;72;72;0;22;1;0;49;72;0;0;0;72;0;0;0;0;0;0;0;0;1;0;0;0;0;0;3;0;0;0;0;0;2;0;1;1;0;6;60;10;4;5;5;0;0;0;0;0;0;11;4;7;7;6;10;9;4;6;0;4;0;9;0;0;0;0;41;0
2025;13027280;28;0;0;0;0;0;0;0;0;0;0;0;0;0;0;0;0;0;0;28;28;26;23;17;0;0;0;0;0;0;0;0;0;0;0;0;0;0;0;0;0;0;0;0;0;0;0;0;0;0;0;0;0;0;0;0;0;0;0;0;0;0;28;28;0;15;13;3;1;0;24;0;0;0;1;6;9;5;4;3;0;28;0;0;0;0;28;28;0;17;6;3;8;28;0;0;0;28;0;0;0;0;0;0;0;0;0;0;1;0;3;1;0;0;1;0;1;0;1;0;1;1;1;2;22;4;2;3;3;0;0;0;0;0;0;6;0;2;4;3;2;2;1;2;0;1;0;0;0;0;0;0;13;0
2025;15035557;19;0;0;0;10;0;0;0;0;0;0;0;10;8;9;10;10;0;0;15;15;14;10;12;0;0;0;0;0;0;0;0;0;0;0;0;0;0;0;0;0;0;0;0;0;0;0;0;0;0;0;0;0;0;0;0;0;0;0;0;0;0;19;19;0;13;6;2;4;5;8;0;0;0;0;2;9;4;1;3;1;10;0;9;0;0;19;19;0;10;1;0;8;18;1;0;0;19;0;0;0;0;0;0;0;0;0;0;1;1;2;0;0;0;0;0;0;0;0;0;0;0;0;3;14;3;1;2;2;0;0;0;0;0;0;2;2;1;2;1;1;3;1;1;0;1;0;0;0;0;0;0;10;0
2025;15037991;31;0;0;0;23;6;0;0;0;3;5;0;20;10;11;11;9;0;9;19;19;14;14;13;0;0;0;0;0;0;0;0;0;0;0;0;0;0;0;0;0;0;0;0;0;0;0;0;0;0;0;0;0;0;0;0;0;0;0;0;0;0;30;30;0;15;16;4;4;1;21;1;0;0;0;6;7;6;9;3;0;15;0;16;0;1;30;30;0;18;1;1;10;24;12;0;0;31;0;0;0;0;0;0;0;0;0;1;2;1;2;2;0;0;0;0;2;0;0;0;2;1;0;6;15;6;2;2;2;0;0;0;0;0;0;6;4;1;1;3;5;5;1;1;0;1;0;0;0;0;0;0;7;0
2025;15038688;130;7;0;7;78;29;10;7;8;9;8;0;52;17;17;18;19;0;0;53;53;21;34;21;0;0;0;0;0;0;0;0;0;0;0;0;0;0;0;0;0;0;0;0;0;0;0;0;0;0;0;0;14;0;0;0;0;0;14;14;0;0;128;128;0;61;69;35;27;3;60;2;3;2;6;39;48;11;14;10;1;128;1;1;0;1;129;127;2;56;96;38;15;115;20;0;0;130;0;0;0;0;0;0;0;0;2;3;3;3;3;1;4;0;0;0;2;0;0;1;1;5;1;34;84;26;8;9;5;4;1;2;1;0;0;27;16;6;5;7;23;23;5;4;0;5;4;1;0;0;0;0;0;0
2025;15038769;42;0;0;0;29;0;0;0;0;0;0;0;29;15;15;11;20;0;13;32;32;22;15;22;0;0;0;0;0;0;0;0;0;0;0;0;0;0;0;0;0;0;0;0;0;0;0;0;0;0;0;0;7;7;7;0;7;0;0;0;0;0;39;39;0;19;23;12;7;8;15;0;0;0;1;4;12;11;9;5;0;8;0;34;0;0;42;39;3;27;10;3;7;41;1;0;0;42;0;0;0;0;0;0;0;0;1;2;2;2;5;3;1;0;0;0;1;0;0;1;3;1;0;12;19;6;7;2;3;0;0;0;0;0;0;8;3;1;2;1;5;3;3;1;0;3;0;1;0;0;0;0;15;0
2025;15039153;97;0;0;0;64;28;7;7;7;9;9;0;41;10;10;12;14;0;0;43;43;20;14;14;0;0;0;0;0;0;0;0;0;0;0;0;0;0;0;0;0;0;0;0;0;0;0;0;0;0;0;0;0;0;0;0;0;0;0;0;0;0;97;97;0;49;48;43;18;1;35;0;0;0;4;49;20;7;12;5;0;93;1;3;0;2;95;95;0;34;35;8;20;30;71;0;0;97;0;0;0;0;0;0;0;0;0;0;1;4;4;1;5;0;0;0;1;0;1;0;0;2;1;30;58;19;10;7;7;1;0;0;0;0;0;20;14;4;4;4;17;17;2;2;0;2;0;2;0;0;0;4;0;0
2025;15039250;26;0;0;0;11;0;0;0;0;0;0;0;11;9;9;8;8;0;0;0;0;0;0;0;0;0;0;0;0;0;0;0;0;0;0;0;0;0;0;0;0;0;0;0;0;0;0;0;0;0;0;0;15;7;7;0;7;0;13;13;0;0;26;26;0;12;14;3;9;5;9;0;0;0;0;0;5;7;8;6;0;4;0;22;0;0;26;25;1;12;3;1;12;25;1;0;0;26;0;0;0;0;0;0;0;0;1;0;4;4;2;4;0;0;0;0;0;0;0;0;1;0;0;8;12;4;2;2;3;0;0;0;0;0;0;3;2;1;1;1;3;2;1;1;0;1;0;0;0;0;0;0;13;0
2025;15041670;44;8;4;6;32;18;6;6;6;7;6;0;17;13;11;10;9;0;0;17;17;16;14;14;0;0;0;0;0;0;0;0;0;0;0;0;0;0;0;0;0;0;0;0;0;0;0;0;0;0;0;0;0;0;0;0;0;0;0;0;0;0;33;33;0;32;12;7;10;2;25;0;0;3;4;17;12;6;2;0;0;41;1;2;0;4;40;40;0;10;2;1;27;0;0;0;0;44;0;0;0;0;0;0;0;0;0;0;4;1;1;0;0;0;0;0;1;1;0;1;1;0;0;5;33;17;3;2;2;0;0;0;0;0;0;15;15;1;1;2;16;15;1;1;0;1;0;14;0;0;0;1;6;0
2025;15140759;62;8;0;8;54;25;8;9;5;6;8;0;33;15;20;19;20;0;0;0;0;0;0;0;0;0;0;0;0;0;0;0;0;0;0;0;0;0;0;0;0;0;0;0;0;0;0;0;0;0;0;0;14;14;14;5;12;0;0;0;0;0;60;60;0;44;18;33;6;4;10;0;9;0;0;8;37;7;7;3;0;49;0;13;0;0;62;61;1;34;8;1;21;43;20;0;0;62;0;0;0;0;0;0;0;0;2;1;0;0;3;0;3;0;0;0;1;0;0;0;0;0;0;8;49;23;5;5;2;0;0;0;0;0;0;24;23;0;0;0;21;22;3;3;0;3;0;2;0;0;0;0;0;0
2025;21009902;91;22;13;10;48;25;9;13;13;14;14;0;26;15;18;20;19;0;0;30;22;20;18;0;0;0;0;0;0;0;0;0;17;0;0;17;0;0;0;0;0;0;0;17;0;0;0;0;0;17;0;0;0;0;0;0;0;0;0;0;0;0;27;27;0;61;30;32;21;5;32;0;1;0;2;13;42;14;12;8;0;91;0;0;1;6;84;78;6;37;3;0;46;0;0;0;0;91;0;0;0;0;0;0;0;0;1;4;2;1;2;1;2;0;0;0;0;0;0;0;0;1;0;14;70;19;1;4;4;5;0;0;0;0;0;14;6;4;3;3;10;8;2;6;0;2;2;0;0;0;0;2;0;0
2025;21011125;71;0;0;0;0;0;0;0;0;0;0;0;0;0;0;0;0;0;0;71;41;21;0;20;0;0;48;33;40;0;0;0;0;0;0;0;0;0;0;0;0;0;0;48;48;0;0;0;0;0;0;0;0;0;0;0;0;0;0;0;0;0;65;65;0;36;35;24;15;5;27;0;0;1;5;16;20;9;13;7;0;70;1;0;0;1;70;65;5;34;6;1;31;55;24;0;0;71;1;0;2;0;0;0;4;0;0;0;2;4;5;6;0;0;0;0;2;0;0;1;0;1;1;19;41;7;5;4;4;1;0;2;0;0;0;8;0;5;5;6;4;3;5;5;0;5;1;0;0;0;0;3;1;0
2025;21016070;42;0;0;0;22;0;0;0;0;0;0;0;22;0;9;17;12;0;0;28;0;0;0;0;0;0;0;0;0;0;0;0;28;18;18;20;0;0;0;0;0;0;0;28;0;0;0;0;0;28;0;0;0;0;0;0;0;0;0;0;0;0;40;40;0;25;17;1;16;4;20;1;0;0;1;7;14;12;4;4;0;41;1;0;0;0;42;42;0;26;4;0;13;31;11;0;0;42;0;0;0;0;0;0;0;0;0;1;0;3;4;1;0;0;0;0;0;0;0;0;0;1;0;20;18;7;2;4;2;0;0;0;0;0;0;8;2;2;2;3;5;3;2;4;0;2;0;2;0;0;0;0;20;0
2025;21016097;26;0;0;0;23;10;2;2;2;4;4;0;13;7;7;9;10;0;0;0;0;0;0;0;0;0;0;0;0;0;0;0;0;0;0;0;0;0;0;0;0;0;0;0;0;0;0;0;0;0;0;0;3;3;3;1;2;0;0;0;0;0;23;23;0;16;10;2;3;9;12;0;0;0;0;7;5;9;2;3;0;25;1;0;0;0;26;16;10;14;1;0;11;23;3;0;0;26;0;0;0;0;0;0;0;0;1;1;5;1;0;1;1;0;0;0;0;1;0;0;1;0;0;13;5;12;7;11;2;0;0;0;0;0;0;11;10;0;0;0;7;7;0;2;0;0;0;11;0;0;0;0;0;0
2025;21016631;21;0;0;0;13;0;0;0;0;0;0;0;13;9;10;9;9;0;0;14;0;0;0;0;0;0;0;0;0;0;0;0;14;13;14;12;0;0;0;0;0;0;0;14;0;0;0;0;0;14;0;0;0;0;0;0;0;0;0;0;0;0;21;21;0;10;11;4;3;3;11;0;0;0;1;3;6;8;2;1;0;21;0;0;0;0;21;20;1;6;2;1;12;19;3;0;0;21;0;0;0;0;0;0;0;0;0;0;1;3;0;2;1;0;0;0;1;0;0;1;1;1;0;7;11;4;1;5;2;0;0;0;0;0;0;2;2;1;1;1;2;2;1;1;0;1;0;6;0;0;0;0;10;0
2025;21016640;9;0;0;0;0;0;0;0;0;0;0;0;0;0;0;0;0;0;0;8;8;0;0;8;0;0;0;0;0;0;0;0;0;0;0;0;0;0;0;0;0;0;0;9;9;7;8;0;0;0;0;0;0;0;0;0;0;0;0;0;0;0;9;9;0;5;4;5;1;0;3;0;0;0;0;1;3;1;3;1;0;9;0;0;0;0;9;7;2;4;0;0;5;5;4;0;0;9;0;0;0;0;0;0;0;0;0;1;0;0;1;0;0;0;0;0;0;0;0;0;0;0;0;4;4;2;0;0;1;0;0;0;0;0;0;2;0;1;0;0;1;1;2;1;0;2;0;0;9;0;0;3;0;0
2025;21016763;37;0;0;0;12;0;0;0;0;0;0;0;12;0;10;10;10;0;0;24;24;19;15;14;0;0;0;0;0;0;0;0;23;13;20;13;0;0;0;0;0;0;0;32;14;0;0;0;0;23;0;0;14;0;0;0;0;0;14;0;0;14;37;37;0;22;15;5;13;3;16;0;0;0;3;6;14;5;7;2;1;36;0;1;0;0;37;32;5;18;4;3;15;28;14;0;0;37;0;0;4;0;0;0;4;0;0;0;0;1;2;1;0;0;0;0;0;0;0;0;0;0;0;20;14;7;1;4;2;0;0;0;0;0;0;6;1;4;3;2;3;2;3;3;0;3;0;1;3;1;0;3;16;0
2025;21017484;73;0;0;0;40;11;0;0;0;0;11;0;35;13;13;13;15;0;0;48;35;16;18;19;0;0;44;24;22;21;0;0;0;0;0;0;0;0;0;0;0;0;0;48;48;0;4;0;0;0;0;0;0;0;0;0;0;0;0;0;0;0;67;67;0;42;31;20;27;6;20;0;0;0;2;20;24;9;8;10;0;73;0;0;0;1;72;71;1;33;54;21;7;62;15;1;0;73;0;0;0;0;0;0;0;0;0;1;4;3;3;4;3;0;0;0;1;0;1;0;2;0;0;51;17;9;4;6;3;2;2;0;0;0;0;7;5;3;4;4;7;6;3;3;0;3;2;0;3;3;0;0;4;0
2025;21182663;13;2;1;1;11;5;1;1;1;1;1;0;8;6;7;7;7;0;0;0;0;0;0;0;0;0;0;0;0;0;0;0;0;0;0;0;0;0;0;0;0;0;0;0;0;0;0;0;0;0;0;0;2;2;2;2;2;0;0;0;0;0;8;8;0;8;5;7;0;0;5;1;0;0;2;0;7;1;3;0;0;0;13;0;0;5;8;8;0;8;0;0;0;9;4;0;0;13;1;0;0;0;0;0;0;0;0;0;0;0;0;0;0;0;0;0;0;0;0;0;0;0;0;1;12;9;5;8;3;0;0;0;0;0;0;7;6;0;0;0;6;7;1;0;1;1;0;9;0;0;0;0;0;0
2025;21183066;14;3;0;3;11;5;1;1;1;1;1;0;6;4;6;5;6;0;0;0;0;0;0;0;0;0;0;0;0;0;0;0;0;0;0;0;0;0;0;0;0;0;0;0;0;0;0;0;0;0;0;0;0;0;0;0;0;0;0;0;0;0;11;11;0;11;3;6;2;0;6;0;0;0;2;0;5;4;2;1;0;9;5;0;0;4;10;10;1;9;0;0;1;11;3;0;0;14;2;10;0;0;0;0;0;0;1;1;7;0;0;0;0;0;0;1;1;0;0;0;0;0;0;5;2;7;6;6;1;0;0;0;0;0;0;7;7;0;0;0;8;6;0;0;0;0;0;9;0;0;0;0;0;0
2025;21183252;20;0;0;0;18;0;0;0;0;0;0;0;18;12;13;14;14;0;0;0;0;0;0;0;0;0;0;0;0;0;0;0;0;0;0;0;0;0;0;0;0;0;0;0;0;0;0;0;0;0;0;0;3;3;3;1;2;0;0;0;0;0;18;18;0;11;9;8;2;0;10;0;0;0;1;1;10;4;2;2;0;18;2;0;0;1;19;19;0;16;0;0;3;17;3;0;0;20;0;0;0;0;0;0;0;0;0;0;3;4;3;1;1;0;1;0;2;0;0;0;0;0;0;12;4;8;8;6;4;0;0;0;0;0;0;6;5;0;0;0;4;5;0;1;0;0;0;5;0;0;0;0;0;0
2025;21183759;15;3;1;2;11;5;1;1;1;1;1;0;6;6;6;6;6;0;0;0;0;0;0;0;0;0;0;0;0;0;0;0;0;0;0;0;0;0;0;0;0;0;0;0;0;0;0;0;0;0;0;0;2;0;0;0;0;0;0;0;0;0;9;9;0;12;3;7;1;0;7;0;0;0;0;1;7;6;0;1;0;0;15;0;0;12;3;3;0;2;0;0;1;15;0;0;0;15;3;0;0;0;0;0;0;0;0;0;4;2;0;0;0;0;0;0;0;0;0;0;0;0;0;4;6;8;9;7;3;0;0;0;0;0;0;7;7;0;0;0;7;8;0;0;0;0;0;9;0;0;0;0;0;0
2025;21252815;14;0;0;0;0;0;0;0;0;0;0;0;0;0;0;0;0;0;0;14;14;14;14;11;0;0;0;0;0;0;0;0;13;0;11;9;0;0;0;0;0;0;0;13;0;0;0;0;0;13;0;0;0;0;0;0;0;0;0;0;0;0;14;14;0;7;7;7;0;0;7;0;0;0;2;2;8;1;0;1;0;14;0;0;0;0;14;14;0;7;0;0;7;7;8;0;0;14;0;0;0;0;0;0;0;0;0;0;0;1;1;1;1;0;1;0;1;0;0;0;0;0;0;4;8;3;1;4;2;0;0;0;0;0;0;3;0;2;2;2;2;3;4;2;0;4;0;0;0;0;0;1;7;0
2025;21267715;15;0;0;0;15;15;4;2;2;4;3;0;0;0;0;0;0;0;0;0;0;0;0;0;0;0;0;0;0;0;0;0;0;0;0;0;0;0;0;0;0;0;0;0;0;0;0;0;0;0;0;0;0;0;0;0;0;0;0;0;0;0;8;8;0;15;0;5;0;0;10;0;0;0;2;0;8;4;0;1;0;9;6;0;0;4;11;10;1;10;0;0;1;11;4;0;0;15;0;0;0;0;0;0;0;0;0;2;4;0;0;0;1;0;0;0;0;0;0;0;0;0;0;6;7;15;15;12;0;0;0;0;0;0;0;15;15;0;0;0;15;15;0;0;0;0;0;15;0;0;0;0;0;0
2025;21286884;16;16;9;7;0;0;0;0;0;0;0;0;0;0;0;0;0;0;0;0;0;0;0;0;0;0;0;0;0;0;0;0;0;0;0;0;0;0;0;0;0;0;0;0;0;0;0;0;0;0;0;0;0;0;0;0;0;0;0;0;0;0;7;7;0;16;0;2;8;0;6;0;0;0;3;2;6;2;1;2;0;13;3;0;0;3;13;13;0;9;0;0;4;7;9;0;0;16;5;0;0;0;0;0;3;0;1;2;2;1;0;0;0;0;0;0;0;0;0;0;0;0;0;2;11;0;0;0;0;0;0;0;0;0;0;0;0;0;0;0;0;0;0;0;0;0;0;0;0;0;0;0;0;0
2025;21319200;11;2;1;2;9;3;1;1;1;1;1;0;6;6;6;6;6;0;0;0;0;0;0;0;0;0;0;0;0;0;0;0;0;0;0;0;0;0;0;0;0;0;0;0;0;0;0;0;0;0;0;0;0;0;0;0;0;0;0;0;0;0;7;7;0;8;3;1;0;1;9;0;0;1;0;1;6;1;1;1;0;3;8;0;0;3;8;8;0;5;0;0;3;6;5;0;0;11;0;0;0;0;0;0;0;0;0;0;1;0;0;0;1;0;0;0;0;0;0;0;0;0;0;6;5;5;5;6;2;0;0;0;0;0;0;5;6;0;0;0;5;5;0;0;0;0;0;4;0;0;0;0;0;0
2025;23153180;21;5;3;2;16;6;2;5;4;4;5;0;10;8;8;8;9;0;0;0;0;0;0;0;0;0;0;0;0;0;0;0;0;0;0;0;0;0;0;0;0;0;0;0;0;0;0;0;0;0;0;0;0;0;0;0;0;0;0;0;0;0;6;6;0;17;4;3;5;1;11;1;0;0;3;9;8;0;1;0;0;20;1;0;0;6;15;15;1;5;0;0;10;0;0;0;0;21;5;0;0;0;0;0;0;0;0;0;0;3;1;0;0;0;0;0;0;0;0;0;0;0;0;7;11;6;4;3;2;0;0;0;0;0;0;5;5;1;1;1;5;3;0;2;0;0;0;0;0;0;0;0;6;0
2025;23153237;26;0;0;0;26;0;0;0;0;0;0;0;26;0;18;17;18;0;0;0;0;0;0;0;0;0;0;0;0;0;0;0;0;0;0;0;0;0;0;0;0;0;0;0;0;0;0;0;0;0;0;0;0;0;0;0;0;0;0;0;0;0;26;26;0;21;5;3;10;0;13;0;0;0;3;4;11;7;1;0;0;24;2;0;0;2;24;22;2;18;0;0;6;20;6;0;0;26;0;0;0;0;0;0;0;0;0;0;0;3;0;1;1;0;0;0;0;0;0;0;0;0;0;11;12;5;3;4;2;0;0;0;0;0;0;5;2;0;0;0;2;2;1;1;0;1;0;3;0;0;0;0;14;0
2025;23153253;17;3;2;2;13;5;2;0;0;3;3;0;10;6;8;7;7;2;0;0;0;0;0;0;0;0;0;0;0;0;0;0;0;0;0;0;0;0;0;0;0;0;0;0;0;0;0;0;0;0;0;0;2;0;0;0;0;0;0;0;0;0;11;11;0;14;3;2;5;1;9;0;0;0;1;2;8;5;0;1;0;12;5;0;0;2;15;15;0;9;0;0;6;16;1;0;0;17;0;0;0;0;0;0;0;0;0;2;6;2;0;4;0;0;0;0;1;0;0;0;0;1;0;8;4;6;5;7;2;0;0;0;0;0;0;6;4;0;0;0;4;5;0;0;0;0;0;6;0;0;0;0;3;0
2025;23153261;34;0;0;0;0;0;0;0;0;0;0;0;0;0;0;0;0;0;0;34;33;24;25;24;0;0;9;0;5;7;0;0;0;0;0;0;0;0;0;0;0;0;0;9;9;0;0;0;0;0;0;0;0;0;0;0;0;0;0;0;0;0;34;34;0;20;14;1;14;2;16;1;0;1;6;16;8;1;1;1;0;34;0;0;0;0;34;34;0;18;1;0;16;13;21;0;0;34;0;0;0;0;0;0;0;0;0;0;3;4;0;0;0;0;0;0;0;0;0;1;2;6;0;18;15;6;3;2;3;0;0;0;0;0;0;4;0;1;2;3;5;1;3;3;0;3;0;0;0;0;0;13;9;0
2025;23153369;18;0;0;0;16;0;0;0;0;0;0;0;16;16;0;0;0;0;0;0;0;0;0;0;0;0;0;0;0;0;0;0;0;0;0;0;0;0;0;0;0;0;0;0;0;0;0;0;0;0;0;0;2;0;0;0;0;0;0;0;0;0;16;16;0;14;4;0;11;1;6;0;0;0;0;1;7;5;4;1;1;18;0;0;0;0;18;18;0;12;0;0;6;18;0;0;0;18;0;0;0;0;0;0;3;0;0;0;5;5;0;1;0;0;0;0;1;0;0;1;0;1;0;9;5;7;5;7;2;0;0;0;0;0;0;4;5;0;0;0;3;3;0;0;0;0;0;6;0;0;0;0;8;0
2025;23153385;20;0;0;0;19;19;7;7;8;10;9;0;0;0;0;0;0;0;0;0;0;0;0;0;0;0;0;0;0;0;0;0;0;0;0;0;0;0;0;0;0;0;0;0;0;0;0;0;0;0;0;0;2;0;0;0;0;0;0;0;0;0;20;20;0;18;2;2;7;0;11;0;0;0;0;1;8;4;5;2;0;18;2;0;0;0;20;18;2;9;0;0;11;20;0;0;0;20;0;0;0;0;0;0;3;0;1;1;5;1;0;0;0;0;0;0;3;0;0;0;0;3;0;12;4;7;8;8;1;0;0;0;0;0;0;8;8;0;0;0;8;9;0;0;0;0;0;7;0;0;0;0;1;0
2025;23153415;26;0;0;0;23;23;10;10;9;9;10;0;0;0;0;0;0;0;0;0;0;0;0;0;0;0;0;0;0;0;0;0;0;0;0;0;0;0;0;0;0;0;0;0;0;0;0;0;0;0;0;0;3;3;3;3;3;0;0;0;0;0;23;23;0;23;3;5;6;0;15;0;0;0;3;3;12;7;1;0;0;26;0;0;0;0;26;26;0;13;0;0;13;24;2;0;0;26;0;0;0;0;0;0;5;0;2;1;4;1;0;0;0;0;0;0;0;0;0;0;0;1;0;11;10;10;8;8;1;0;0;0;0;0;0;10;9;0;0;0;9;10;0;0;0;0;0;8;0;0;0;0;1;0
2025;23153474;16;0;0;0;16;16;7;7;8;9;6;0;0;0;0;0;0;0;0;0;0;0;0;0;0;0;0;0;0;0;0;0;0;0;0;0;0;0;0;0;0;0;0;0;0;0;0;0;0;0;0;0;0;0;0;0;0;0;0;0;0;0;16;16;0;16;0;0;7;1;8;0;0;0;0;0;13;2;0;1;0;16;0;0;0;0;16;16;0;9;0;0;7;16;0;0;0;16;0;0;0;0;0;0;4;0;0;0;0;0;0;0;0;0;0;0;0;0;0;0;1;4;0;9;4;5;5;6;0;0;0;0;0;0;0;5;6;0;0;0;8;8;0;0;0;0;0;8;0;0;0;0;0;0
2025;31000051;25;0;0;0;21;7;0;2;2;3;3;0;14;9;8;12;11;0;0;17;12;0;0;12;0;0;16;12;13;0;0;0;0;0;0;0;0;0;0;0;0;0;0;16;16;0;0;0;0;0;0;0;0;0;0;0;0;0;0;0;0;0;15;15;0;20;5;10;7;1;7;0;0;1;2;7;7;3;2;3;0;25;0;0;0;2;23;23;0;8;0;0;15;10;15;0;0;25;0;0;0;0;0;0;0;0;2;2;3;2;2;0;1;0;0;0;1;0;0;0;1;0;0;4;14;8;2;7;1;0;0;0;0;0;0;8;7;1;1;0;8;7;1;0;0;1;0;7;0;0;0;0;11;0
2025;31000086;77;0;0;0;45;13;3;3;4;3;3;0;32;22;21;26;28;0;0;46;46;37;36;30;0;0;0;0;0;0;0;0;0;0;0;0;0;0;0;0;0;0;0;0;0;0;0;0;0;0;0;0;9;0;0;0;0;0;9;9;0;0;68;68;0;50;27;43;18;2;14;0;0;1;7;23;20;10;8;8;0;77;0;0;0;5;72;70;2;25;2;0;47;39;45;0;0;77;0;0;0;0;0;0;0;0;2;1;4;2;5;1;3;0;0;0;0;0;0;0;0;1;0;3;64;19;4;15;5;0;0;0;0;0;0;20;15;2;3;4;17;18;2;2;0;2;0;12;0;0;0;0;27;0
2025;31000124;44;0;0;0;33;12;4;4;2;3;3;0;21;9;10;10;11;0;0;30;30;26;22;19;0;0;0;0;0;0;0;0;0;0;0;0;0;0;0;0;0;0;0;2;2;2;0;0;0;0;0;0;17;0;0;0;0;0;17;17;0;0;37;37;0;27;17;12;12;3;17;0;0;1;4;6;15;8;5;5;0;44;0;0;0;1;43;43;0;12;0;0;31;20;24;0;0;44;0;0;0;0;0;0;0;0;0;1;0;1;1;1;1;0;0;0;0;0;0;0;0;0;0;6;34;13;4;11;2;0;0;0;0;0;0;14;11;1;2;2;12;13;1;1;0;1;0;10;2;0;0;0;14;0
2025;31000132;35;0;0;0;20;0;0;0;0;0;0;0;20;10;10;11;17;0;0;29;29;25;22;24;0;0;0;0;0;0;0;0;0;0;0;0;0;0;0;0;0;0;0;0;0;0;0;0;0;0;0;0;11;0;0;0;0;0;11;11;0;0;35;35;0;15;20;1;10;3;21;0;0;0;3;7;14;4;4;3;0;35;0;0;0;0;35;35;0;13;1;0;21;18;17;0;0;35;0;0;0;0;0;0;0;0;1;2;2;2;2;1;1;0;0;0;0;0;1;0;0;1;0;4;27;5;3;1;4;0;0;0;0;0;0;4;2;1;2;2;4;4;1;1;0;1;0;1;0;0;0;0;20;0
2025;31000191;29;0;0;0;13;0;0;0;0;0;0;0;13;9;9;10;10;0;0;23;23;22;15;16;0;0;0;0;0;0;0;0;0;0;0;0;0;0;0;0;0;0;0;0;0;0;0;0;0;0;0;0;0;0;0;0;0;0;0;0;0;0;29;29;0;14;15;11;11;1;6;0;0;1;1;6;11;6;3;1;0;29;0;0;0;1;28;28;0;10;0;0;18;12;17;0;0;29;0;0;0;0;0;0;0;0;0;0;0;0;0;0;0;0;0;0;0;0;0;0;0;1;0;3;25;5;1;1;2;0;0;0;0;0;0;5;2;3;1;2;2;2;1;1;0;1;0;1;0;0;0;0;14;0
2025;31002593;33;0;0;0;29;13;3;4;5;4;4;0;16;8;8;8;8;0;0;0;0;0;0;0;0;0;0;0;0;0;0;0;0;0;0;0;0;0;0;0;0;0;0;0;0;0;0;0;0;0;0;0;4;3;3;1;2;0;0;0;0;0;28;28;0;20;13;3;18;4;8;0;0;0;0;4;15;3;6;5;0;33;0;0;0;0;33;33;0;15;2;0;17;33;0;0;0;33;0;0;0;0;0;0;0;0;0;1;0;0;1;0;1;0;0;0;0;0;0;0;0;0;0;2;28;19;15;17;3;0;0;16;0;0;0;20;18;0;0;0;18;18;0;0;0;0;0;0;0;0;0;0;0;0
2025;31004031;89;16;9;11;62;36;8;12;11;11;11;0;32;9;11;9;11;0;0;26;14;0;0;14;0;0;0;0;0;0;0;0;26;15;13;14;0;0;0;0;0;0;0;26;0;0;0;0;0;26;0;0;0;0;0;0;0;0;0;0;0;0;62;62;0;64;25;41;37;1;10;0;0;1;5;28;34;9;7;5;0;89;0;0;0;4;85;84;1;32;11;1;46;0;0;0;0;89;17;0;0;0;0;0;0;0;2;2;2;2;4;0;1;0;0;0;0;0;0;0;0;0;0;5;76;28;5;4;9;0;0;0;0;0;0;28;25;3;2;4;25;26;1;1;0;1;0;4;0;0;0;1;0;0
2025;31258377;55;0;0;0;55;37;8;9;11;12;12;0;31;12;12;11;10;0;0;0;0;0;0;0;0;0;0;0;0;0;0;0;0;0;0;0;0;0;0;0;0;0;0;0;0;0;0;0;0;0;0;0;0;0;0;0;0;0;0;0;0;0;55;55;0;38;17;17;26;2;10;0;0;0;2;9;28;9;4;3;0;55;0;0;0;0;55;55;0;20;47;33;4;48;7;0;0;55;0;0;0;0;0;0;0;0;1;2;4;4;1;4;3;0;1;0;2;1;1;1;4;3;0;8;38;11;7;7;3;2;0;0;0;0;0;9;7;0;0;0;7;8;0;0;0;0;0;0;0;0;0;0;0;0
2025;35000024;83;0;0;0;51;25;7;9;7;8;5;0;33;15;19;18;16;0;0;50;47;32;16;27;0;0;25;0;20;9;0;0;0;0;0;0;0;0;0;0;0;0;0;25;25;0;0;0;0;0;0;0;18;0;0;0;0;0;18;18;0;0;75;75;0;50;33;5;49;10;19;0;0;0;2;17;33;18;7;6;0;25;0;58;0;5;78;78;0;23;4;1;51;50;33;0;0;83;0;0;0;0;0;0;0;0;1;1;3;1;3;0;4;0;0;0;0;0;0;0;0;2;0;4;70;30;7;7;10;0;0;0;0;0;0;28;19;7;4;6;25;24;5;5;0;5;1;0;0;0;0;0;21;0
2025;35000048;53;0;0;0;0;0;0;0;0;0;0;0;0;0;0;0;0;0;0;53;53;39;34;29;0;0;0;0;0;0;0;0;0;0;0;0;0;0;0;0;0;0;0;0;0;0;0;0;0;0;0;0;0;0;0;0;0;0;0;0;0;0;51;51;0;24;29;3;34;5;11;0;0;0;5;6;15;9;10;8;0;10;0;43;0;2;51;49;2;14;1;1;37;33;20;0;0;53;0;0;0;0;0;0;0;0;0;0;0;1;2;1;4;0;0;0;1;0;0;0;0;1;1;0;47;11;0;2;4;0;0;0;0;0;0;9;0;5;3;5;7;6;3;3;0;3;0;0;0;0;0;0;33;0
2025;35000309;18;0;0;0;18;0;0;0;0;0;0;0;18;11;12;11;11;0;0;17;17;13;13;12;0;0;0;0;0;0;0;0;0;0;0;0;0;0;0;0;0;0;0;0;0;0;0;0;0;0;0;0;0;0;0;0;0;0;0;0;0;0;18;18;0;8;10;0;14;0;4;0;0;0;6;4;3;4;0;1;0;0;0;18;0;3;15;14;1;1;1;0;13;10;8;0;0;18;0;0;0;0;0;0;0;0;1;1;1;1;1;0;0;0;0;0;0;0;0;0;0;0;0;1;16;3;0;1;1;0;0;0;0;0;0;3;2;1;1;2;3;2;1;1;0;1;2;0;0;0;0;0;18;0
2025;35000371;64;0;0;0;28;0;0;0;0;0;0;0;28;11;16;15;16;0;0;59;59;44;25;30;0;0;0;0;0;0;0;0;0;0;0;0;0;0;0;0;0;0;0;0;0;0;0;0;0;0;0;0;0;0;0;0;0;0;0;0;0;0;63;63;0;39;25;1;50;8;5;0;0;2;3;12;20;7;12;8;0;9;0;55;0;4;60;59;1;11;3;2;45;30;34;0;0;64;0;0;0;0;0;0;0;0;2;0;1;1;2;1;2;0;0;0;0;0;0;0;0;0;0;1;58;9;0;3;3;0;0;0;0;0;0;9;2;6;3;3;9;5;2;3;0;2;4;0;0;0;0;1;40;0
2025;35000693;45;0;0;0;43;24;7;7;6;6;7;0;21;15;17;15;12;0;0;15;15;0;13;11;0;0;0;0;0;0;0;0;0;0;0;0;0;0;0;0;0;0;0;0;0;0;0;0;0;0;0;0;0;0;0;0;0;0;0;0;0;0;38;38;0;33;12;0;35;3;7;0;0;0;2;4;18;6;6;9;0;3;0;42;0;0;45;44;1;12;3;2;30;22;23;0;0;45;0;0;0;0;0;0;0;0;1;1;0;0;0;0;0;0;0;0;0;0;0;0;0;0;0;1;42;22;0;4;3;0;0;0;0;0;0;21;19;1;1;1;19;19;1;0;0;1;2;0;0;0;0;0;36;0
2025;35007642;9;0;0;0;0;0;0;0;0;0;0;0;0;0;0;0;0;0;0;0;0;0;0;0;0;0;0;0;0;0;0;0;0;0;0;0;0;0;0;0;0;0;0;9;9;0;0;9;0;0;0;0;0;0;0;0;0;0;0;0;0;0;0;0;0;8;1;0;9;0;0;0;0;1;1;2;5;0;0;0;0;0;0;9;0;0;9;9;0;2;0;0;7;0;0;0;0;9;0;0;0;0;0;0;0;0;0;0;0;0;0;0;0;0;0;0;0;0;0;0;0;0;0;0;9;0;0;0;0;0;0;0;0;0;0;0;0;0;0;0;0;0;0;0;0;0;0;0;9;0;0;0;0;0
2025;35007656;1;1;1;1;0;0;0;0;0;0;0;0;0;0;0;0;0;0;0;0;0;0;0;0;0;0;0;0;0;0;0;0;0;0;0;0;0;0;0;0;0;0;0;0;0;0;0;0;0;0;0;0;0;0;0;0;0;0;0;0;0;0;0;0;0;1;0;0;1;0;0;0;0;0;0;0;0;1;0;0;0;1;0;0;0;0;1;1;0;0;0;0;1;0;0;0;0;1;0;0;0;0;0;0;0;0;0;0;0;0;0;0;0;0;0;0;0;0;0;0;0;0;0;0;1;0;0;0;0;0;0;0;0;0;0;0;0;0;0;0;0;0;0;0;0;0;0;0;0;0;0;0;0;0
2025;35008951;1;1;0;1;0;0;0;0;0;0;0;0;0;0;0;0;0;0;0;0;0;0;0;0;0;0;0;0;0;0;0;0;0;0;0;0;0;0;0;0;0;0;0;0;0;0;0;0;0;0;0;0;0;0;0;0;0;0;0;0;0;0;0;0;0;1;0;0;1;0;0;0;0;0;0;1;0;0;0;0;0;0;0;1;0;0;1;1;0;0;0;0;1;0;0;0;0;1;0;0;0;0;0;0;0;0;0;0;0;0;0;0;0;0;0;0;0;0;0;0;0;0;0;0;1;0;0;0;0;0;0;0;0;0;0;0;0;0;0;0;0;0;0;0;0;0;0;0;0;0;0;0;0;0
2025;35011162;18;0;0;0;17;0;0;0;0;0;0;0;17;14;13;14;12;0;0;10;10;10;9;8;0;0;0;0;0;0;0;0;0;0;0;0;0;0;0;0;0;0;0;0;0;0;0;0;0;0;0;0;0;0;0;0;0;0;0;0;0;0;18;18;0;12;6;0;17;0;1;0;0;0;2;3;5;1;2;5;0;0;0;18;0;0;18;18;0;5;0;1;13;12;6;0;0;18;0;0;0;0;0;0;0;0;0;0;0;1;1;0;0;0;0;0;0;0;0;0;0;0;0;0;17;3;0;1;2;0;0;0;0;0;0;3;2;1;1;1;2;2;1;1;0;1;2;0;0;0;0;0;18;0
2025;35011186;26;0;0;0;26;0;0;0;0;0;0;0;26;12;13;14;18;0;0;19;19;11;11;16;0;0;5;0;0;5;0;0;0;0;0;0;0;0;0;0;0;0;0;5;5;0;0;0;0;0;0;0;0;0;0;0;0;0;0;0;0;0;26;26;0;15;11;0;21;3;2;0;0;0;0;10;8;3;4;1;0;0;0;26;0;1;25;25;0;9;0;0;16;19;7;0;0;26;0;0;0;0;0;0;0;0;1;1;0;1;0;0;0;0;0;0;0;0;0;1;0;0;0;1;24;5;0;3;2;0;0;0;0;0;0;4;2;1;1;1;4;2;1;1;0;1;1;0;0;0;0;0;19;0
2025;35011198;34;0;0;0;29;0;0;0;0;0;0;0;29;13;14;20;16;0;0;21;20;16;7;7;0;0;9;0;8;4;0;0;0;0;0;0;0;0;0;0;0;0;0;9;9;0;0;0;0;0;0;0;0;0;0;0;0;0;0;0;0;0;33;33;0;21;13;0;27;2;5;0;0;0;3;7;12;6;4;2;0;0;0;34;0;1;33;33;0;9;3;0;21;19;15;0;0;34;0;0;0;0;0;0;0;0;0;0;0;0;0;0;1;0;0;0;0;0;0;0;0;0;0;2;32;6;0;2;3;0;0;0;0;0;0;6;2;2;1;1;5;5;2;1;0;2;1;0;0;0;0;0;19;0
2025;35011216;46;0;0;0;0;0;0;0;0;0;0;0;0;0;0;0;0;0;0;46;46;38;38;36;0;0;17;0;14;8;0;0;0;0;0;0;0;0;0;0;0;0;0;17;17;0;0;0;0;0;0;0;0;0;0;0;0;0;0;0;0;0;42;42;0;25;21;0;40;2;4;0;0;0;3;10;13;6;5;9;0;1;0;45;0;2;44;43;1;9;2;1;33;26;20;0;0;46;0;0;0;0;0;0;0;0;0;0;0;0;0;0;0;0;0;0;0;0;0;0;0;0;0;1;45;12;0;2;5;0;0;0;0;0;0;7;0;5;5;4;5;5;3;3;0;3;0;0;0;0;0;0;34;0
2025;35014278;18;0;0;0;0;0;0;0;0;0;0;0;0;0;0;0;0;0;0;18;17;15;14;17;0;0;16;0;13;11;0;0;14;0;14;0;0;0;0;0;0;0;0;18;16;0;0;0;0;14;0;0;0;0;0;0;0;0;0;0;0;0;18;18;0;14;4;0;14;1;3;0;0;0;2;1;8;3;1;3;0;2;0;16;0;1;17;17;0;5;0;0;12;12;7;0;0;18;0;0;0;0;0;0;0;0;0;0;0;0;0;0;0;0;0;0;0;0;0;0;0;0;0;0;18;3;1;1;1;0;0;0;0;0;0;4;0;1;2;1;2;1;1;1;0;1;0;0;0;0;0;2;17;0
2025;35014540;31;0;0;0;28;0;0;0;0;0;0;0;28;14;15;15;17;0;0;28;25;20;15;13;0;0;18;0;15;9;0;0;0;0;0;0;0;0;0;0;0;0;0;18;18;0;0;0;0;0;0;0;0;0;0;0;0;0;0;0;0;0;31;31;0;23;8;1;27;0;3;0;0;0;5;7;8;8;2;1;0;30;0;1;0;1;30;29;1;15;1;0;14;19;12;0;0;31;0;0;0;0;0;0;0;0;0;2;1;1;1;0;0;0;0;1;0;0;0;0;0;0;0;1;25;7;2;3;2;0;0;0;0;0;0;7;3;2;1;1;4;2;1;2;0;1;4;0;0;0;0;4;29;0
2025;35018107;24;0;0;0;20;8;4;4;4;4;4;0;15;12;13;11;10;0;0;17;17;16;11;12;0;0;0;0;0;0;0;0;0;0;0;0;0;0;0;0;0;0;0;0;0;0;0;0;0;0;0;0;0;0;0;0;0;0;0;0;0;0;19;19;0;16;8;0;19;3;2;0;0;0;5;5;2;3;1;8;0;0;0;24;0;2;22;21;1;5;0;0;17;6;18;0;0;24;0;0;0;0;0;0;0;0;0;0;0;0;0;0;0;0;0;0;0;0;0;0;0;0;0;1;23;10;0;1;1;0;0;0;0;0;0;9;7;2;1;3;8;8;1;2;0;1;3;0;0;0;0;0;16;0
2025;35018119;22;0;0;0;22;0;0;0;0;0;0;0;22;14;15;16;15;0;0;20;20;15;15;13;0;0;0;0;0;0;0;0;0;0;0;0;0;0;0;0;0;0;0;0;0;0;0;0;0;0;0;0;0;0;0;0;0;0;0;0;0;0;22;22;0;14;8;0;15;1;5;1;0;2;4;4;8;3;0;1;0;0;0;22;0;0;22;22;0;5;0;0;17;8;14;0;0;22;0;0;1;0;0;0;0;0;0;0;0;0;0;0;0;0;0;0;0;0;0;0;0;0;0;1;21;4;0;2;2;0;0;0;0;0;0;6;2;2;1;1;2;3;1;1;0;1;2;0;0;0;0;0;22;0
2025;35018156;32;0;0;0;28;15;5;6;7;6;5;0;17;13;12;12;11;0;0;17;17;15;15;14;0;0;0;0;0;0;0;0;0;0;0;0;0;0;0;0;0;0;0;0;0;0;0;0;0;0;0;0;0;0;0;0;0;0;0;0;0;0;27;27;0;27;5;0;28;0;3;1;0;0;1;9;8;4;5;5;0;1;0;31;0;2;30;29;1;8;2;0;21;18;14;0;0;32;0;0;1;0;0;0;0;0;0;1;0;0;0;0;0;0;0;0;0;0;0;0;0;1;0;2;29;14;0;2;1;0;0;0;0;0;0;14;13;1;2;1;12;12;1;1;0;1;1;0;0;0;0;0;28;0
2025;35018272;39;0;0;0;33;8;4;4;4;4;4;0;27;20;19;17;20;0;0;22;22;17;16;15;0;0;0;0;0;0;0;0;0;0;0;0;0;0;0;0;0;0;0;0;0;0;0;0;0;0;0;0;11;0;0;0;0;0;11;11;0;0;36;36;0;22;17;0;33;1;5;0;0;1;2;13;7;4;7;5;1;3;0;36;0;2;37;33;4;5;4;0;28;11;28;0;0;39;0;0;0;0;0;0;0;0;0;0;1;0;0;0;0;0;0;0;0;0;0;0;0;0;0;0;38;12;0;4;5;0;0;0;0;0;0;9;7;2;1;3;10;8;2;2;0;2;2;0;0;0;0;0;26;0
2025;35018302;52;0;0;0;34;13;5;5;5;5;5;0;22;12;13;10;12;0;0;33;32;22;23;21;0;0;9;0;8;5;0;0;0;0;0;0;0;0;0;0;0;0;0;9;9;0;0;0;0;0;0;0;19;0;0;0;0;0;19;19;0;0;44;44;0;36;16;0;44;1;6;1;0;1;1;10;10;11;10;9;0;1;0;51;0;1;51;49;2;7;5;2;39;21;31;0;0;52;0;0;0;0;0;0;0;0;1;1;1;0;0;0;1;0;0;0;0;0;0;0;0;0;0;3;47;18;0;2;3;0;0;0;0;0;0;20;12;1;2;4;16;15;2;3;0;2;1;0;0;0;0;0;34;0
2025;35038751;20;0;0;0;13;0;0;0;0;0;0;0;13;9;11;11;11;0;0;12;12;11;10;12;0;0;0;0;0;0;0;0;0;0;0;0;0;0;0;0;0;0;0;0;0;0;0;0;0;0;0;0;0;0;0;0;0;0;0;0;0;0;20;20;0;13;7;0;17;1;2;0;0;0;1;8;7;1;0;3;0;0;0;20;0;0;20;19;1;5;3;0;13;13;7;0;0;20;0;0;0;0;0;0;0;0;0;0;0;0;1;0;0;0;0;0;0;0;0;0;0;0;0;0;19;4;0;1;2;0;0;0;0;0;0;4;2;2;1;1;2;2;1;1;0;1;2;0;0;0;0;0;18;0
2025;35038763;33;0;0;0;24;0;0;0;0;0;0;0;24;16;13;14;10;0;0;29;26;21;14;12;0;0;13;0;10;6;0;0;0;0;0;0;0;0;0;0;0;0;0;13;13;0;0;0;0;0;0;0;0;0;0;0;0;0;0;0;0;0;32;32;0;19;14;0;30;2;1;0;0;0;0;6;10;7;4;6;0;1;0;32;0;1;32;31;1;10;1;0;21;21;12;0;0;33;0;0;0;0;0;0;0;0;0;0;1;1;1;1;1;0;1;1;1;1;0;0;0;0;0;0;32;8;0;2;2;0;0;0;0;0;0;6;3;3;3;2;2;2;2;2;0;2;2;0;0;0;0;0;21;0
2025;35039664;21;0;0;0;0;0;0;0;0;0;0;0;0;0;0;0;0;0;0;21;16;15;15;14;0;0;18;0;17;8;0;0;0;0;0;0;0;0;0;0;0;0;0;18;18;0;0;0;0;0;0;0;0;0;0;0;0;0;0;0;0;0;16;16;0;13;8;1;18;1;1;0;0;0;3;5;7;4;2;0;0;21;0;0;0;1;20;17;3;4;1;0;15;8;13;0;0;21;0;0;0;0;0;0;0;0;0;0;0;0;0;0;0;0;0;0;0;0;0;0;0;1;0;0;20;3;1;1;1;0;0;0;0;0;0;4;0;2;1;1;1;1;1;1;0;1;0;0;0;0;0;0;16;0
2025;35045123;36;0;0;0;21;0;0;0;0;0;0;0;21;11;12;11;9;0;0;17;17;14;13;12;0;0;13;0;11;8;0;0;0;0;0;0;0;0;0;0;0;0;0;13;13;0;0;0;0;0;0;0;0;0;0;0;0;0;0;0;0;0;36;36;0;17;19;0;29;1;6;0;0;0;3;9;13;2;6;3;0;0;0;36;0;3;33;31;2;9;0;0;24;19;17;0;0;36;0;0;0;0;0;0;0;0;0;0;0;1;0;0;1;0;0;0;0;0;0;0;0;0;0;0;34;6;0;2;3;0;0;0;0;0;0;7;3;2;1;1;4;6;1;1;0;1;4;0;0;0;0;0;34;0
2025;35046747;31;0;0;0;19;0;0;0;0;0;0;0;19;11;11;13;13;0;0;19;13;11;10;8;0;0;15;0;11;10;0;0;0;0;0;0;0;0;0;0;0;0;0;15;15;0;0;0;0;0;0;0;0;0;0;0;0;0;0;0;0;0;31;31;0;21;10;1;23;2;5;0;0;0;2;6;12;6;2;3;0;3;0;28;0;1;30;28;2;8;1;0;21;18;13;0;0;31;0;0;0;0;0;0;0;0;0;0;1;1;1;1;1;0;1;1;1;1;0;0;0;0;0;2;28;5;2;1;2;0;0;0;0;0;0;5;2;1;1;1;3;2;1;1;0;1;3;0;0;0;0;1;22;0
2025;35047824;33;0;0;0;24;0;0;0;0;0;0;0;24;17;20;16;16;0;0;15;15;15;13;10;0;0;11;0;10;7;0;0;0;0;0;0;0;0;0;0;0;0;0;11;11;0;0;0;0;0;0;0;0;0;0;0;0;0;0;0;0;0;33;33;0;16;17;0;23;1;9;0;0;0;5;7;13;1;4;3;0;0;0;33;0;2;31;31;0;10;0;0;21;20;13;0;0;33;0;0;2;0;0;0;0;0;0;0;0;0;0;0;1;0;0;0;0;0;0;0;0;0;0;1;31;7;0;1;3;0;0;0;0;0;0;8;2;1;1;1;4;3;1;1;0;1;2;0;0;0;0;0;32;0
2025;35049888;12;0;0;0;9;0;0;0;0;0;0;0;9;9;9;9;9;0;0;9;9;8;9;7;0;0;0;0;0;0;0;0;0;0;0;0;0;0;0;0;0;0;0;0;0;0;0;0;0;0;0;0;0;0;0;0;0;0;0;0;0;0;12;12;0;8;4;0;12;0;0;0;0;0;0;5;5;1;1;0;0;0;0;12;0;0;12;12;0;1;2;0;9;7;5;0;0;12;0;0;0;0;0;0;0;0;0;0;0;0;1;0;0;0;0;0;0;0;0;0;0;0;0;1;11;2;0;1;1;0;0;0;0;0;0;2;1;1;1;1;2;1;1;1;0;1;3;0;0;0;0;0;12;0
2025;35054082;50;0;0;0;19;12;8;8;6;6;6;0;13;10;10;10;10;0;0;29;26;22;23;20;0;0;0;0;0;0;0;0;0;0;0;0;0;0;20;0;20;0;0;23;23;6;0;0;0;0;0;0;13;13;13;3;12;0;0;0;0;0;47;47;0;29;21;16;20;3;11;0;0;0;3;12;17;4;6;8;0;50;0;0;0;0;50;49;1;28;9;3;18;48;2;0;0;50;0;0;0;0;0;0;0;0;2;2;1;1;5;1;7;0;0;0;3;0;0;0;0;6;2;3;27;7;2;2;2;1;0;0;0;0;0;5;2;1;2;2;4;4;1;2;0;1;2;0;6;0;10;0;12;0
2025;35058932;25;0;0;0;25;25;8;7;8;9;9;0;0;0;0;0;0;0;0;0;0;0;0;0;0;0;0;0;0;0;0;0;0;0;0;0;0;0;0;0;0;0;0;0;0;0;0;0;0;0;0;0;0;0;0;0;0;0;0;0;0;0;21;21;0;22;3;2;21;2;0;0;0;0;2;7;13;1;1;1;0;0;0;25;0;0;25;24;1;9;3;0;14;25;0;0;0;25;0;0;0;0;0;0;6;0;0;0;2;1;0;0;0;0;0;0;0;0;0;0;1;0;0;2;21;18;2;2;1;0;0;0;0;0;0;18;18;0;0;0;18;18;0;0;0;0;0;0;0;0;0;0;2;0
2025;35060215;24;0;0;0;24;16;6;7;7;8;6;0;11;9;8;8;6;0;0;0;0;0;0;0;0;0;0;0;0;0;0;0;0;0;0;0;0;0;0;0;0;0;0;0;0;0;0;0;0;0;0;0;0;0;0;0;0;0;0;0;0;0;23;23;0;18;6;0;17;1;6;0;0;0;4;8;8;2;1;1;0;1;0;23;0;0;24;24;0;10;1;0;13;22;2;0;0;24;0;0;0;0;0;0;0;0;0;0;0;0;0;0;1;0;0;0;0;0;0;0;0;0;0;0;23;12;3;4;4;0;0;0;0;0;0;11;5;0;0;0;5;4;0;0;0;0;9;0;0;0;0;0;10;0
2025;35070956;27;10;0;10;21;21;7;6;8;7;6;0;0;0;0;0;0;0;0;0;0;0;0;0;0;0;0;0;0;0;0;0;0;0;0;0;0;0;0;0;0;0;0;0;0;0;0;0;0;0;0;0;0;0;0;0;0;0;0;0;0;0;21;21;0;23;4;2;23;0;2;0;0;2;1;9;11;3;0;1;0;26;1;0;0;1;26;26;0;13;0;0;13;26;1;0;0;27;0;0;0;0;0;0;0;0;0;1;1;0;0;0;0;0;0;0;0;0;0;0;0;0;0;1;25;15;2;3;1;0;0;0;0;0;0;15;15;0;0;0;15;15;0;0;0;0;0;0;0;0;0;0;3;0
2025;35100432;109;10;4;6;72;32;8;8;9;9;10;0;40;11;19;16;13;0;0;42;42;27;19;22;0;0;0;0;0;0;0;0;0;0;0;0;0;0;0;0;0;0;0;0;0;0;0;0;0;0;0;0;0;0;0;0;0;0;0;0;0;0;88;88;0;81;28;1;103;0;3;2;0;0;3;31;41;11;15;8;0;3;0;106;0;0;109;108;1;21;8;1;82;0;0;0;0;109;0;0;0;0;0;0;0;0;0;0;4;0;1;0;0;0;0;1;0;0;0;0;0;1;0;8;97;35;7;27;2;0;0;0;0;0;0;34;29;3;3;3;30;30;2;1;0;2;0;0;0;0;0;0;53;0
2025;35111173;35;3;0;3;29;13;7;6;6;6;8;0;16;9;11;10;10;0;0;14;12;12;0;0;0;0;0;0;0;0;0;0;13;12;11;8;0;0;0;0;0;0;0;13;0;0;0;0;0;13;0;0;3;3;3;0;3;0;3;3;0;0;35;35;0;23;12;2;28;2;3;0;0;2;2;13;11;3;3;1;0;2;0;33;0;0;35;34;1;8;3;0;25;0;0;0;0;32;0;0;0;3;0;0;0;0;0;1;0;0;0;0;0;0;0;0;0;0;0;0;0;0;0;0;34;13;2;3;3;0;0;0;0;0;0;14;10;1;2;1;11;11;2;5;0;2;4;0;0;0;0;0;7;0
2025;35112513;73;16;7;12;48;26;8;10;8;9;12;0;25;13;12;14;13;0;0;18;17;14;14;0;0;0;0;0;0;0;0;0;13;0;0;13;0;0;0;0;0;0;0;13;0;0;0;0;0;13;0;0;0;0;0;0;0;0;0;0;0;0;58;58;0;52;21;27;44;0;2;0;0;1;11;32;15;5;4;5;0;9;0;64;0;1;72;70;2;15;8;3;49;0;0;0;0;73;0;0;0;0;0;0;0;0;2;2;2;1;0;0;0;0;0;0;0;0;0;0;0;0;0;8;63;17;5;3;10;1;0;0;0;0;0;13;11;1;1;1;15;14;1;1;0;1;0;0;0;0;0;1;21;0
2025;35147205;13;3;0;3;12;5;0;5;0;0;0;0;10;0;0;0;0;10;0;0;0;0;0;0;0;0;0;0;0;0;0;0;0;0;0;0;0;0;0;0;0;0;0;0;0;0;0;0;0;0;0;0;0;0;0;0;0;0;0;0;0;0;13;0;13;13;0;0;12;0;1;0;0;1;2;6;3;1;0;0;0;1;0;12;0;0;13;13;0;5;0;0;8;0;0;0;0;13;0;0;0;0;0;0;0;0;0;0;0;0;0;0;3;0;0;0;0;0;0;0;0;0;0;5;6;10;2;9;0;0;0;0;0;0;0;10;10;0;0;0;10;10;0;0;0;0;0;0;0;0;0;0;1;0
2025;35159414;29;10;6;6;16;8;4;4;4;5;5;0;12;9;9;9;10;0;0;11;11;10;10;8;0;0;0;0;0;0;0;0;0;0;0;0;0;0;0;0;0;0;0;0;0;0;0;0;0;0;0;0;0;0;0;0;0;0;0;0;0;0;4;4;0;20;9;0;25;2;2;0;0;1;6;9;8;3;1;1;0;2;0;27;0;1;28;28;0;7;1;0;20;0;0;0;0;29;7;0;0;0;0;0;0;0;0;0;1;1;0;0;1;0;0;0;0;0;0;0;1;0;0;2;26;6;1;2;3;0;0;0;0;0;0;6;7;1;1;2;6;6;1;1;0;1;0;0;0;0;0;0;4;0
2025;35159612;34;6;4;4;22;10;4;4;6;6;6;0;14;10;10;12;11;0;0;17;17;15;15;11;0;0;0;0;0;0;0;0;0;0;0;0;0;0;0;0;0;0;0;0;0;0;0;0;0;0;0;0;0;0;0;0;0;0;0;0;0;0;14;14;0;20;14;0;33;0;1;0;0;2;9;15;6;0;2;0;0;1;0;33;0;0;34;33;1;7;0;0;27;0;0;0;0;34;0;0;0;0;0;0;0;0;1;1;1;0;1;0;0;0;0;0;0;0;0;0;0;0;0;2;32;5;2;2;2;1;0;0;0;0;0;6;6;2;2;1;5;5;1;1;0;1;0;0;0;0;0;0;15;0
2025;35201820;21;2;0;2;19;7;4;4;4;3;4;0;16;10;9;11;9;0;0;0;0;0;0;0;0;0;0;0;0;0;0;0;0;0;0;0;0;0;0;0;0;0;0;0;0;0;0;0;0;0;0;0;0;0;0;0;0;0;0;0;0;0;15;15;0;11;10;2;14;2;3;0;0;1;2;6;7;1;2;2;0;2;0;19;0;1;20;20;0;6;1;0;14;15;6;0;0;21;0;0;0;0;0;0;0;0;0;0;0;1;0;0;0;0;0;0;0;0;0;0;0;0;0;0;20;7;1;2;1;0;0;0;0;0;0;7;7;0;0;0;5;6;0;0;0;0;0;0;0;0;0;0;1;0
2025;35201856;23;8;0;8;17;17;6;5;6;6;6;0;0;0;0;0;0;0;0;0;0;0;0;0;0;0;0;0;0;0;0;0;0;0;0;0;0;0;0;0;0;0;0;0;0;0;0;0;0;0;0;0;0;0;0;0;0;0;0;0;0;0;17;17;0;21;2;0;21;0;2;0;0;0;0;7;11;1;3;1;0;0;0;23;0;0;23;23;0;18;0;0;5;20;3;0;0;23;0;0;0;0;0;0;0;0;1;0;0;0;0;0;2;0;0;4;0;0;0;0;0;0;0;1;17;14;1;1;1;0;0;0;0;0;0;14;14;0;0;0;14;14;0;0;0;0;0;0;0;0;0;0;0;0
2025;35217049;34;12;0;12;26;26;9;10;9;10;8;0;0;0;0;0;0;0;0;0;0;0;0;0;0;0;0;0;0;0;0;0;0;0;0;0;0;0;0;0;0;0;0;0;0;0;0;0;0;0;0;0;1;1;1;1;0;0;0;0;0;0;19;19;0;32;2;1;28;0;5;0;0;0;3;8;18;0;5;0;0;0;0;34;0;2;32;32;0;13;0;0;19;23;11;0;0;34;0;0;1;0;0;0;0;0;0;0;0;0;0;0;1;0;0;3;0;0;0;0;0;0;0;0;30;20;3;2;2;0;0;0;0;0;0;20;20;0;0;0;20;20;0;0;0;0;0;0;0;0;0;0;0;0
2025;35229573;7;0;0;0;7;0;0;0;0;0;0;0;7;5;7;7;6;0;0;0;0;0;0;0;0;0;0;0;0;0;0;0;0;0;0;0;0;0;0;0;0;0;0;0;0;0;0;0;0;0;0;0;0;0;0;0;0;0;0;0;0;0;7;7;0;4;3;1;5;0;1;0;0;0;2;2;1;1;1;0;0;1;0;6;0;0;7;7;0;3;0;0;4;5;2;0;0;7;0;0;0;0;0;0;0;0;0;0;0;0;0;0;0;0;0;0;0;0;0;0;0;0;0;1;6;2;1;1;1;0;0;0;0;0;0;1;1;0;0;0;2;2;0;0;0;0;0;0;0;0;0;0;1;0
2025;35246979;4;4;4;0;0;0;0;0;0;0;0;0;0;0;0;0;0;0;0;0;0;0;0;0;0;0;0;0;0;0;0;0;0;0;0;0;0;0;0;0;0;0;0;0;0;0;0;0;0;0;0;0;0;0;0;0;0;0;0;0;0;0;0;0;0;4;0;0;3;1;0;0;0;0;0;3;0;0;1;0;0;0;0;4;0;0;4;4;0;2;0;0;2;3;1;0;0;4;0;0;0;0;0;0;0;0;0;0;0;0;0;0;0;0;0;0;0;0;0;0;0;0;0;0;4;0;0;0;0;0;0;0;0;0;0;0;0;0;0;0;0;0;0;0;0;0;0;0;0;0;0;0;0;0
2025;35246980;19;19;9;10;0;0;0;0;0;0;0;0;0;0;0;0;0;0;0;0;0;0;0;0;0;0;0;0;0;0;0;0;0;0;0;0;0;0;0;0;0;0;0;0;0;0;0;0;0;0;0;0;0;0;0;0;0;0;0;0;0;0;11;11;0;18;1;1;16;0;2;0;0;1;2;5;7;2;2;0;0;3;0;16;0;0;19;19;0;10;0;0;9;11;8;0;0;19;0;0;0;0;0;0;0;0;2;2;0;0;0;0;3;0;0;0;0;0;0;0;0;0;0;1;13;0;0;0;0;0;0;0;0;0;0;0;0;0;0;0;0;0;0;0;0;0;0;0;0;0;0;0;0;0
2025;35277685;19;0;0;0;19;15;5;6;8;8;8;0;8;7;6;6;5;0;0;0;0;0;0;0;0;0;0;0;0;0;0;0;0;0;0;0;0;0;0;0;0;0;0;0;0;0;0;0;0;0;0;0;0;0;0;0;0;0;0;0;0;0;16;16;0;13;6;0;19;0;0;0;0;0;4;6;7;0;2;0;0;19;0;0;0;0;19;19;0;7;1;0;12;14;5;0;0;19;0;0;0;0;0;0;0;0;0;0;0;1;0;0;1;0;0;0;0;0;0;0;0;0;0;1;16;10;3;2;2;0;0;0;0;0;0;9;4;0;0;0;5;5;0;0;0;0;8;0;0;0;0;0;9;0
2025;35286485;22;22;22;0;0;0;0;0;0;0;0;0;0;0;0;0;0;0;0;0;0;0;0;0;0;0;0;0;0;0;0;0;0;0;0;0;0;0;0;0;0;0;0;0;0;0;0;0;0;0;0;0;0;0;0;0;0;0;0;0;0;0;9;9;0;20;2;0;16;1;5;0;0;2;13;6;0;1;0;0;0;0;0;22;0;3;19;18;1;0;0;0;19;0;0;0;0;22;27;0;0;0;0;0;0;0;0;0;0;0;0;0;0;0;0;0;0;0;0;0;0;0;0;3;19;0;0;0;0;0;0;0;0;0;0;0;0;0;0;0;0;0;0;0;0;0;0;0;0;0;0;0;0;0
2025;35290661;34;0;0;0;0;0;0;0;0;0;0;0;0;0;0;0;0;0;0;32;0;0;0;0;0;0;16;14;11;8;0;0;0;0;0;0;0;0;0;0;0;0;0;34;34;0;0;10;28;0;0;0;0;0;0;0;0;0;0;0;0;0;25;14;0;19;15;1;32;0;1;0;0;0;2;7;17;4;2;2;0;6;0;28;0;0;34;31;3;17;2;0;16;0;0;0;34;34;0;0;0;0;0;0;0;0;1;1;2;0;0;1;1;0;0;1;0;0;0;0;0;0;0;3;29;3;1;1;2;0;0;0;0;0;0;3;0;2;1;1;1;2;2;1;0;2;0;0;10;0;0;0;0;0
2025;35345507;21;0;0;0;21;21;8;7;7;7;7;0;0;0;0;0;0;0;0;0;0;0;0;0;0;0;0;0;0;0;0;0;0;0;0;0;0;0;0;0;0;0;0;0;0;0;0;0;0;0;0;0;0;0;0;0;0;0;0;0;0;0;11;11;0;16;5;1;17;0;3;0;0;0;1;8;8;1;2;1;0;0;0;21;0;0;21;20;1;12;0;0;9;20;1;0;0;21;0;0;0;0;0;0;0;0;2;3;1;0;0;0;1;0;0;0;0;0;0;0;0;0;0;0;18;16;2;1;1;0;0;0;0;0;0;16;16;0;0;0;16;16;0;0;0;0;0;0;0;0;0;0;4;0
2025;35414165;8;8;6;2;0;0;0;0;0;0;0;0;0;0;0;0;0;0;0;0;0;0;0;0;0;0;0;0;0;0;0;0;0;0;0;0;0;0;0;0;0;0;0;0;0;0;0;0;0;0;0;0;0;0;0;0;0;0;0;0;0;0;3;3;0;8;0;0;8;0;0;0;0;0;0;3;4;1;0;0;0;8;0;0;0;0;8;8;0;3;0;0;5;4;4;0;0;8;0;0;0;0;0;0;0;0;0;1;0;0;0;0;1;0;0;1;0;0;0;0;0;0;0;2;5;0;0;0;0;0;0;0;0;0;0;0;0;0;0;0;0;0;0;0;0;0;0;0;0;0;0;0;0;0
2025;35457197;43;0;0;0;43;17;0;0;0;14;13;0;29;18;16;18;14;0;0;0;0;0;0;0;0;0;0;0;0;0;0;0;0;0;0;0;0;0;0;0;0;0;0;0;0;0;0;0;0;0;0;0;1;1;1;1;0;0;0;0;0;0;38;38;0;25;18;0;39;1;3;0;0;0;2;8;23;4;5;1;0;2;0;41;0;0;43;43;0;19;5;2;22;33;10;0;0;43;0;0;0;0;0;0;0;0;0;0;1;1;0;0;0;0;0;0;0;0;0;0;0;0;0;2;39;14;4;5;5;0;0;0;0;0;0;10;8;0;0;0;10;7;0;0;0;0;7;0;0;0;0;0;8;0
2025;35464824;10;10;7;3;0;0;0;0;0;0;0;0;0;0;0;0;0;0;0;0;0;0;0;0;0;0;0;0;0;0;0;0;0;0;0;0;0;0;0;0;0;0;0;0;0;0;0;0;0;0;0;0;0;0;0;0;0;0;0;0;0;0;2;2;0;10;0;0;8;0;2;0;0;0;0;4;4;2;0;0;0;1;0;9;0;0;10;10;0;5;0;0;5;5;5;0;0;10;0;0;0;0;0;0;0;0;0;1;1;1;0;1;0;0;0;0;0;0;0;0;0;0;0;0;9;0;0;0;0;0;0;0;0;0;0;0;0;0;0;0;0;0;0;0;0;0;0;0;0;0;0;0;0;0
2025;35500012;57;0;0;0;0;0;0;0;0;0;0;0;0;0;0;0;0;0;0;44;0;0;0;0;0;0;44;23;25;23;21;0;0;0;0;0;0;0;0;0;0;0;0;57;57;0;0;25;0;0;0;0;19;0;0;0;0;0;19;0;0;19;48;48;0;17;40;8;41;0;7;0;1;0;1;14;19;9;6;8;0;57;0;0;0;0;57;37;20;7;23;28;3;50;7;0;0;57;0;0;0;0;0;0;0;0;0;0;0;0;0;0;0;0;0;0;0;0;0;0;0;0;0;17;40;4;1;1;2;0;0;0;0;0;0;2;0;2;4;2;1;2;3;2;0;3;8;0;29;0;0;0;0;0
2025;35566937;13;8;4;4;7;7;3;3;3;3;3;0;0;0;0;0;0;0;0;0;0;0;0;0;0;0;0;0;0;0;0;0;0;0;0;0;0;0;0;0;0;0;0;0;0;0;0;0;0;0;0;0;0;0;0;0;0;0;0;0;0;0;6;6;0;12;1;0;11;0;2;0;0;0;0;4;8;1;0;0;0;13;0;0;0;0;13;13;0;11;0;0;2;11;2;0;0;13;0;0;0;0;0;0;0;0;0;1;1;0;0;0;0;0;0;0;0;0;0;0;0;0;0;1;11;5;1;5;1;0;0;0;0;0;0;5;5;0;0;0;5;5;0;0;0;0;0;0;0;0;0;0;5;0
2025;35567498;7;7;4;3;0;0;0;0;0;0;0;0;0;0;0;0;0;0;0;0;0;0;0;0;0;0;0;0;0;0;0;0;0;0;0;0;0;0;0;0;0;0;0;0;0;0;0;0;0;0;0;0;0;0;0;0;0;0;0;0;0;0;1;1;0;7;0;0;6;0;1;0;0;0;0;3;2;2;0;0;0;1;0;6;0;0;7;7;0;5;0;0;2;4;3;0;0;7;0;0;0;0;0;0;0;0;1;1;0;1;0;0;0;0;0;2;0;0;0;0;0;0;0;1;3;0;0;0;0;0;0;0;0;0;0;0;0;0;0;0;0;0;0;0;0;0;0;0;0;0;0;0;0;0
2025;35573735;11;0;0;0;0;0;0;0;0;0;0;0;0;0;0;0;0;0;0;0;0;0;0;0;0;0;0;0;0;0;0;0;0;0;0;0;0;0;0;0;0;0;0;0;0;0;0;0;0;0;0;0;11;9;9;1;8;0;10;10;0;0;10;10;0;9;2;0;10;0;1;0;0;0;2;0;4;0;3;2;0;0;0;11;0;0;11;11;0;3;0;0;8;0;11;0;0;11;0;0;0;0;0;0;0;0;0;0;0;0;0;0;1;0;0;0;0;0;0;0;0;0;0;0;10;3;2;1;2;0;0;0;0;0;0;3;2;1;1;1;3;3;1;1;0;1;0;0;0;0;0;0;6;0
2025;35659538;16;8;6;4;10;6;4;3;4;4;3;0;7;6;6;6;6;0;0;0;0;0;0;0;0;0;0;0;0;0;0;0;0;0;0;0;0;0;0;0;0;0;0;0;0;0;0;0;0;0;0;0;0;0;0;0;0;0;0;0;0;0;8;8;0;14;2;0;14;0;2;0;0;0;1;5;7;1;0;2;0;0;0;16;0;0;16;16;0;6;0;0;10;10;6;0;0;16;0;0;0;0;0;0;0;0;0;0;1;1;0;0;0;0;0;0;0;0;0;0;0;0;0;1;14;5;2;1;1;0;0;0;0;0;0;5;1;0;0;0;1;2;0;0;0;0;4;0;0;0;0;0;4;0
2025;35900424;20;0;0;0;18;0;0;0;0;0;0;0;18;10;14;13;11;0;0;15;14;12;11;8;0;0;9;0;9;0;0;0;0;0;0;0;0;0;0;0;0;0;0;9;9;0;0;0;0;0;0;0;0;0;0;0;0;0;0;0;0;0;20;20;0;13;7;0;16;1;3;0;0;2;4;4;5;3;2;0;0;0;0;20;0;1;19;19;0;8;0;0;11;7;13;0;0;20;0;0;0;0;0;0;0;0;0;0;1;0;0;0;1;0;0;0;0;0;0;0;1;0;0;3;16;4;0;1;2;0;0;0;0;0;0;4;3;1;1;1;3;2;1;1;0;1;2;0;0;0;0;0;19;0
2025;35910119;22;0;0;0;12;0;0;0;0;0;0;0;12;10;12;11;11;0;0;12;12;0;10;7;0;0;0;0;0;0;0;0;0;0;0;0;0;0;0;0;0;0;0;0;0;0;0;0;0;0;0;0;0;0;0;0;0;0;0;0;0;0;22;22;0;15;7;0;20;0;2;0;0;0;1;7;7;3;3;1;0;4;0;18;0;2;20;20;0;11;0;0;9;10;12;0;0;22;0;0;0;0;0;0;0;0;1;1;1;0;1;0;0;0;0;1;0;0;0;0;0;0;0;3;19;5;1;3;3;0;0;0;0;0;0;4;2;2;2;1;3;3;2;1;0;2;2;0;0;0;0;4;16;0
2025;35923692;31;17;11;6;14;14;8;5;5;5;4;0;0;0;0;0;0;0;0;0;0;0;0;0;0;0;0;0;0;0;0;0;0;0;0;0;0;0;0;0;0;0;0;0;0;0;0;0;0;0;0;0;0;0;0;0;0;0;0;0;0;0;15;15;0;31;0;2;14;7;8;0;0;1;2;5;17;2;4;0;0;0;0;31;0;2;29;29;0;5;1;0;23;3;0;0;28;31;6;0;0;0;0;0;0;0;1;1;2;0;0;0;0;0;0;0;0;0;0;0;0;0;0;1;28;11;1;1;1;0;0;0;0;0;0;11;11;0;0;0;11;11;0;0;0;0;0;0;0;0;0;0;0;0
2025;35924088;13;0;0;0;13;0;0;0;0;0;0;0;13;12;9;12;10;0;0;0;0;0;0;0;0;0;0;0;0;0;0;0;0;0;0;0;0;0;0;0;0;0;0;0;0;0;0;0;0;0;0;0;0;0;0;0;0;0;0;0;0;0;12;12;0;12;1;0;10;1;2;0;0;0;3;2;7;1;0;0;0;0;0;13;0;1;12;12;0;3;0;0;9;6;7;0;0;13;0;0;0;0;0;0;0;0;0;0;0;0;0;0;0;0;0;0;0;0;0;0;0;0;0;0;13;3;0;1;1;0;0;0;0;0;0;3;2;0;0;0;2;2;0;0;0;0;5;0;0;0;0;0;13;0
2025;41127013;24;0;0;0;24;11;7;7;7;7;7;0;16;9;8;0;8;0;0;0;0;0;0;0;0;0;0;0;0;0;0;0;0;0;0;0;0;0;0;0;0;0;0;0;0;0;0;0;0;0;0;0;0;0;0;0;0;0;0;0;0;0;23;23;0;22;2;1;19;2;2;0;0;0;0;4;11;5;4;0;0;23;1;0;0;0;24;23;1;22;7;0;1;24;0;0;0;24;19;0;0;0;0;0;0;0;1;3;3;2;2;4;2;0;1;0;2;1;0;0;1;0;0;9;7;8;1;2;1;0;0;0;0;0;0;8;3;0;0;0;3;3;0;0;0;0;0;2;0;0;0;0;0;0
2025;41127021;54;0;0;0;31;0;0;0;0;0;0;0;31;14;13;13;11;0;0;30;24;16;12;6;0;0;0;0;0;0;0;0;0;0;0;0;0;0;0;0;0;0;0;6;6;0;0;0;6;0;0;0;18;4;4;0;4;0;15;15;0;0;46;45;0;39;15;4;42;2;6;0;0;2;4;13;14;5;9;7;0;54;0;0;0;3;51;47;4;39;0;0;12;21;33;0;0;54;0;0;0;0;0;0;0;0;0;0;3;5;4;3;3;0;0;0;0;0;0;0;1;0;0;25;20;8;4;3;3;0;0;0;0;0;0;7;5;1;1;3;4;6;2;2;0;2;0;3;0;0;0;3;7;0
2025;41127200;44;0;0;0;23;0;0;0;0;0;0;0;23;8;13;12;12;0;0;33;24;14;11;7;0;0;0;0;0;0;0;0;0;0;0;0;0;0;0;0;0;0;0;4;4;0;0;0;4;0;0;0;0;0;0;0;0;0;0;0;0;0;44;35;0;28;16;6;32;2;2;2;0;2;3;8;12;7;6;6;0;44;0;0;0;0;44;39;7;27;3;0;14;21;23;0;0;44;0;0;0;0;0;0;10;0;1;1;1;2;2;1;4;0;0;0;2;1;0;2;2;1;0;22;16;8;3;2;3;0;0;0;0;0;0;7;3;1;1;1;3;3;1;1;0;1;0;2;0;0;0;3;3;0
2025;41127218;35;0;0;0;31;0;0;0;0;0;0;0;31;19;17;17;16;0;0;24;19;15;8;4;0;0;0;0;0;0;0;0;0;0;0;0;0;0;0;0;0;0;0;0;0;0;0;0;0;0;0;0;0;0;0;0;0;0;0;0;0;0;35;33;0;26;9;5;28;0;2;0;0;1;4;5;11;6;6;2;0;34;1;0;0;1;34;32;2;25;2;0;8;12;23;0;0;35;0;0;0;0;0;0;0;0;0;0;2;3;4;3;3;0;0;0;0;0;1;2;1;1;0;22;7;6;1;2;2;0;0;0;0;0;0;7;5;2;1;2;11;2;1;1;0;1;0;2;0;0;0;0;16;0
2025;41127382;57;0;0;0;33;0;0;0;0;0;0;0;33;15;19;16;22;0;0;36;27;22;11;8;0;0;0;0;0;0;0;0;0;0;0;0;0;0;0;0;0;0;0;5;5;0;0;0;5;0;0;0;15;4;4;0;4;0;13;13;0;0;52;49;0;35;22;5;46;1;5;0;0;3;10;3;17;7;11;6;0;57;0;0;0;2;55;52;3;40;3;2;11;26;31;0;0;57;0;0;0;0;0;0;0;0;0;1;2;4;10;8;3;0;1;0;2;1;4;2;1;4;0;20;19;9;4;5;3;0;0;0;0;0;0;8;5;4;3;3;4;3;1;2;0;1;0;2;0;0;0;2;7;0
2025;41127722;81;0;0;0;43;20;7;6;7;6;11;0;31;14;16;12;10;0;0;42;32;14;14;11;0;0;0;0;0;0;0;0;0;0;0;0;0;0;0;0;0;0;0;0;0;0;0;0;0;0;0;0;0;0;0;0;0;0;0;0;0;0;78;68;0;54;27;13;64;1;3;0;0;2;8;18;30;15;3;5;0;81;0;0;0;4;77;61;16;25;11;2;43;0;0;0;0;81;0;0;0;0;0;0;0;0;0;0;0;0;0;1;1;0;0;0;0;2;1;0;1;0;0;15;63;11;5;4;7;1;0;0;0;0;0;13;9;2;4;3;11;12;3;4;0;3;0;3;0;0;0;1;1;0
2025;41128052;49;0;0;0;34;0;0;0;0;0;0;0;34;19;20;15;17;0;0;23;20;17;9;5;0;0;0;0;0;0;0;0;0;0;0;0;0;0;0;0;0;0;0;0;0;0;0;0;0;0;0;0;11;4;4;0;4;0;9;9;0;0;44;44;0;30;19;4;36;2;7;0;0;2;6;9;14;9;3;6;0;49;0;0;0;2;47;43;4;33;3;1;12;16;32;1;0;49;0;0;0;0;0;0;0;0;0;0;1;1;1;1;5;0;0;0;1;0;0;0;1;1;0;25;18;9;4;3;3;0;0;0;0;0;0;8;4;2;3;3;13;3;1;1;0;1;0;1;0;0;0;0;22;0
2025;41131215;96;0;0;0;46;0;0;0;0;0;0;0;46;9;14;13;17;0;0;56;41;0;24;21;0;0;0;0;0;0;0;0;22;22;0;0;0;0;0;0;0;0;0;22;0;0;0;0;0;22;0;0;0;0;0;0;0;0;0;0;0;0;96;96;0;38;58;2;76;2;14;2;0;0;2;16;38;19;18;3;0;96;0;0;0;0;96;96;0;21;44;31;5;83;15;0;0;96;0;0;0;0;0;0;0;0;0;0;3;3;6;2;2;0;0;1;2;0;1;1;1;0;0;18;68;10;9;3;11;0;0;0;0;0;0;10;7;4;4;5;8;7;3;2;0;3;0;0;0;0;0;0;0;0
2025;43001807;3;3;2;1;0;0;0;0;0;0;0;0;0;0;0;0;0;0;0;0;0;0;0;0;0;0;0;0;0;0;0;0;0;0;0;0;0;0;0;0;0;0;0;0;0;0;0;0;0;0;0;0;0;0;0;0;0;0;0;0;0;0;0;0;0;3;0;1;2;0;0;0;0;0;1;2;0;0;0;0;0;2;1;0;0;0;3;3;0;0;0;0;3;0;0;0;0;3;4;0;0;0;0;0;0;0;0;0;0;0;0;0;0;0;0;0;0;0;0;0;0;0;0;0;3;0;0;0;0;0;0;0;0;0;0;0;0;0;0;0;0;0;0;0;0;0;0;0;0;0;0;0;0;0
2025;43119956;41;0;0;0;25;9;3;3;4;3;4;0;17;11;12;12;11;0;0;32;32;27;23;22;0;0;0;0;0;0;0;0;0;0;0;0;0;0;0;0;0;0;0;0;0;0;0;0;0;0;0;0;0;0;0;0;0;0;0;0;0;0;39;39;0;30;11;2;37;0;2;0;0;2;3;9;18;4;4;1;1;40;0;1;0;2;39;38;1;14;0;1;24;12;29;0;0;41;0;0;0;0;0;0;0;0;1;1;1;0;0;0;1;0;0;0;0;0;0;0;0;0;0;10;30;15;3;8;2;1;0;0;0;0;0;12;9;3;3;3;9;9;1;2;0;1;0;8;0;0;0;0;19;0
2025;43120318;23;0;0;0;23;14;5;5;4;6;5;0;11;9;8;8;8;0;0;0;0;0;0;0;0;0;0;0;0;0;0;0;0;0;0;0;0;0;0;0;0;0;0;0;0;0;0;0;0;0;0;0;0;0;0;0;0;0;0;0;0;0;20;20;0;19;4;2;18;1;2;0;0;0;4;6;6;5;1;1;0;21;2;0;0;0;23;22;2;19;1;0;3;20;3;0;0;23;1;0;0;0;0;0;2;0;2;2;6;4;0;0;3;0;0;0;2;0;0;0;0;2;0;9;7;13;2;5;1;0;0;0;0;0;0;13;12;0;0;0;12;12;0;0;0;0;1;14;0;0;0;0;0;0
2025;43122043;31;0;0;0;25;6;2;2;2;2;2;0;20;14;14;15;13;0;0;26;25;24;11;21;0;0;0;0;0;0;0;0;17;0;17;0;0;0;0;0;0;0;0;17;0;0;0;0;0;17;0;0;9;9;9;0;9;0;0;0;0;0;31;31;0;24;7;4;25;1;1;0;0;0;4;7;11;5;3;1;0;31;0;0;0;1;30;29;1;11;2;0;17;13;18;0;0;31;0;0;0;0;0;0;0;0;0;0;3;0;1;1;1;0;0;0;0;0;0;0;0;1;0;5;22;9;3;6;1;1;0;0;0;0;0;9;7;1;1;3;7;7;1;1;0;1;0;8;0;0;0;0;22;0
2025;43122051;20;0;0;0;20;13;5;7;6;8;7;0;13;13;13;12;13;0;0;0;0;0;0;0;0;0;0;0;0;0;0;0;0;0;0;0;0;0;0;0;0;0;0;0;0;0;0;0;0;0;0;0;0;0;0;0;0;0;0;0;0;0;19;19;0;17;3;3;14;2;1;0;0;0;3;4;4;4;1;4;0;20;0;0;0;0;20;20;0;10;4;0;7;17;4;0;0;20;0;0;0;0;0;0;0;0;0;0;1;0;0;0;0;0;0;0;0;0;0;0;0;1;0;5;13;7;2;6;2;3;0;0;0;0;0;7;7;0;0;0;8;7;0;0;0;0;2;2;0;0;0;0;1;0
2025;43123120;15;0;0;0;14;2;2;0;0;0;0;0;13;10;8;9;9;3;0;12;12;11;12;11;0;0;0;0;0;0;0;0;0;0;0;0;0;0;0;0;0;0;0;0;0;0;0;0;0;0;0;0;0;0;0;0;0;0;0;0;0;0;14;14;0;9;6;0;14;0;1;0;0;0;1;3;5;0;3;3;0;15;0;0;0;0;15;15;0;6;2;0;7;6;9;0;0;15;0;0;0;0;0;0;0;0;0;0;1;0;0;0;0;0;0;1;0;0;0;0;0;1;0;4;10;6;1;5;1;1;0;0;0;0;0;5;4;1;1;1;4;4;1;1;0;1;0;6;0;0;0;0;9;0
2025;43123180;29;0;0;0;25;13;4;3;4;3;3;0;13;10;10;10;10;0;0;13;13;11;12;10;0;0;0;0;0;0;0;0;0;0;0;0;0;0;0;0;0;0;0;0;0;0;0;0;0;0;0;0;0;0;0;0;0;0;0;0;0;0;26;26;0;24;5;1;24;4;0;0;0;1;1;2;12;6;5;2;1;29;0;0;0;1;28;27;1;12;4;0;14;11;19;0;0;29;0;0;0;0;0;0;0;0;0;1;0;0;0;0;0;0;0;0;0;0;0;0;0;1;0;4;23;14;2;13;2;1;0;0;0;0;0;13;11;1;1;1;11;12;1;1;0;1;0;12;0;0;0;0;11;0
2025;43123260;36;0;0;0;18;4;0;0;2;2;2;0;15;11;13;13;12;0;0;30;30;27;24;21;0;0;0;0;0;0;0;0;0;0;0;0;0;0;0;0;0;0;0;0;0;0;0;0;0;0;0;0;18;11;11;0;11;0;16;16;0;0;35;35;0;27;9;0;33;1;2;0;0;0;4;3;8;10;6;5;0;36;0;0;0;1;35;33;2;16;3;0;18;20;16;0;0;36;0;0;0;0;0;0;0;0;0;1;2;0;0;0;0;0;0;0;0;0;0;0;0;0;0;9;26;9;2;4;5;1;0;0;0;0;0;10;5;3;2;3;5;5;2;3;0;2;0;2;0;0;0;1;21;0
2025;43123279;21;0;0;0;13;0;0;0;0;0;0;0;13;8;11;10;11;0;0;20;20;20;9;18;0;0;0;0;0;0;0;0;12;0;12;0;0;0;0;0;0;0;0;12;0;0;0;0;0;12;0;0;8;8;8;0;8;0;0;0;0;0;21;21;0;13;8;0;18;2;1;0;0;0;1;2;8;0;4;6;1;21;0;0;0;0;21;21;0;11;2;1;9;9;12;0;0;21;0;0;0;0;0;0;0;0;0;0;0;0;0;0;0;0;0;0;0;0;0;0;0;0;0;6;15;5;3;3;2;1;0;0;0;0;0;3;3;1;1;2;4;2;2;2;0;2;0;2;0;0;0;1;16;0
2025;43123988;39;0;0;0;0;0;0;0;0;0;0;0;0;0;0;0;0;0;0;39;21;0;0;21;0;0;0;0;0;0;0;0;35;25;26;0;0;0;0;0;0;0;0;35;0;0;0;0;0;35;0;0;0;0;0;0;0;0;0;0;0;0;0;0;0;18;21;2;36;0;1;0;0;0;1;10;15;7;4;2;0;39;0;0;0;0;39;39;0;15;10;3;15;0;0;0;0;39;0;0;0;0;0;0;0;0;0;0;0;0;26;0;0;0;0;0;0;0;0;0;0;0;0;5;8;4;5;3;2;1;0;0;0;0;0;2;0;3;3;2;3;3;2;1;0;2;0;0;0;0;0;2;5;0
2025;43172210;28;0;0;0;28;15;6;5;10;8;7;0;17;13;14;9;9;0;0;0;0;0;0;0;0;0;0;0;0;0;0;0;0;0;0;0;0;0;0;0;0;0;0;0;0;0;0;0;0;0;0;0;0;0;0;0;0;0;0;0;0;0;24;24;0;23;5;2;19;5;2;0;0;0;2;12;6;4;3;1;0;27;1;0;0;0;28;27;1;17;1;0;11;22;7;0;0;28;0;0;0;0;0;0;0;0;1;1;3;0;0;0;2;0;0;1;1;0;0;0;1;8;0;7;12;13;3;4;1;0;0;0;0;0;0;13;12;0;0;0;11;13;0;0;0;0;1;12;0;0;0;0;0;0
2025;43184790;83;0;0;0;40;0;0;0;0;0;0;0;40;12;10;11;13;0;0;46;46;16;20;16;0;0;0;0;0;0;0;0;0;0;0;0;0;0;0;0;0;0;0;0;0;0;0;0;0;0;0;0;0;0;0;0;0;0;0;0;0;0;68;68;0;38;45;11;64;2;6;0;0;0;2;18;35;14;6;8;0;80;2;1;0;2;81;78;7;26;56;19;11;57;26;0;0;83;13;0;0;0;0;0;0;0;1;1;1;0;6;1;1;0;0;0;2;0;0;1;1;1;0;21;56;11;7;2;7;0;0;0;0;0;0;15;5;4;4;3;9;7;1;1;0;1;0;0;0;0;0;1;4;0
2025;51046946;12;3;0;3;9;9;3;3;9;2;3;0;0;0;0;0;0;0;0;0;0;0;0;0;0;0;0;0;0;0;0;0;0;0;0;0;0;0;0;0;0;0;0;0;0;0;0;0;0;0;0;0;0;0;0;0;0;0;0;0;0;0;10;10;0;11;1;0;5;0;7;0;0;0;0;3;6;2;0;1;0;9;3;0;0;0;12;11;1;10;0;0;2;9;3;0;0;12;0;0;0;0;0;0;2;0;0;1;2;0;0;0;0;0;0;0;0;0;0;0;0;1;0;5;6;8;1;7;0;0;0;0;0;0;0;8;7;0;0;0;7;7;0;0;0;0;0;8;0;0;0;0;0;0
2025;51047101;20;0;0;0;18;7;3;2;2;2;2;0;12;8;8;8;8;8;0;13;13;12;12;11;0;9;0;0;0;0;0;0;0;0;0;0;0;0;0;0;0;0;0;0;0;0;0;0;0;0;0;0;0;0;0;0;0;0;0;0;0;0;15;15;0;15;5;0;4;3;11;1;1;1;3;6;6;2;2;0;0;18;2;0;0;1;19;19;0;11;1;0;7;1;19;0;0;20;0;0;0;0;0;0;2;0;0;1;0;0;0;0;1;0;0;0;0;0;0;0;0;0;0;2;16;9;7;8;1;0;0;0;0;0;0;8;9;2;1;2;7;7;2;2;0;2;0;6;0;0;0;0;11;0
2025;51047110;40;0;0;0;31;0;0;0;0;0;0;0;31;22;23;20;20;0;0;26;26;26;23;13;0;0;0;0;0;0;0;0;0;0;0;0;0;0;0;0;0;0;0;0;0;0;0;0;0;0;0;0;0;0;0;0;0;0;0;0;0;0;40;40;0;29;11;0;17;4;19;0;0;1;4;11;17;6;1;0;0;39;1;0;0;2;38;38;0;27;2;1;9;7;33;0;0;40;0;0;0;0;0;0;7;0;1;0;0;0;0;0;1;0;0;0;0;0;0;0;0;1;0;9;29;6;2;4;4;0;0;0;0;0;0;7;3;2;2;3;4;3;1;1;0;1;0;0;0;0;0;0;15;0
2025;51055554;11;3;3;3;4;4;0;0;0;0;4;0;0;0;0;0;0;0;0;0;0;0;0;0;0;0;0;0;0;0;0;0;0;0;0;0;0;0;0;0;0;0;0;0;0;0;0;0;0;0;0;0;9;9;9;7;5;0;0;0;0;0;11;0;11;9;2;4;5;0;2;0;0;0;2;2;3;1;1;2;0;11;0;0;0;1;10;10;0;6;0;0;4;0;0;0;0;11;0;0;0;0;0;0;0;0;1;0;0;0;0;0;3;0;0;0;0;0;0;0;0;0;0;4;4;8;1;1;0;0;0;0;0;0;0;8;8;0;0;0;8;8;0;0;0;0;0;0;0;0;0;0;0;0
2025;51066610;78;0;0;0;0;0;0;0;0;0;0;0;0;0;0;0;0;0;0;77;0;0;0;0;0;0;72;42;47;50;0;0;0;0;0;0;0;0;0;0;0;0;0;78;78;0;18;0;12;0;0;0;0;0;0;0;0;0;0;0;0;0;68;66;0;24;54;25;28;4;21;0;0;3;6;33;24;8;2;2;0;78;0;0;0;1;77;60;17;22;36;12;18;57;28;1;0;78;0;0;0;0;0;0;2;0;0;0;0;0;12;1;0;0;0;0;1;0;0;0;1;1;0;39;29;6;2;4;3;1;0;0;0;0;0;8;0;3;7;3;3;3;1;2;0;1;0;0;18;0;0;0;0;0
2025;51066963;42;0;0;0;37;0;0;0;0;0;0;0;37;24;25;19;22;0;0;21;21;20;15;12;0;0;0;0;0;0;0;0;0;0;0;0;0;0;0;0;0;0;0;0;0;0;0;0;0;0;0;0;0;0;0;0;0;0;0;0;0;0;41;41;0;30;12;0;10;6;26;0;0;1;3;10;16;10;1;1;0;42;0;0;0;0;42;40;2;30;1;0;11;5;37;0;0;42;0;0;0;0;0;0;0;0;0;0;1;2;1;0;1;0;0;0;1;0;0;0;0;0;0;10;31;10;3;2;5;0;0;0;0;0;0;7;5;1;2;1;4;4;2;1;0;2;0;0;0;0;0;0;14;0
2025;51070120;35;0;0;0;24;0;0;0;0;0;0;0;24;14;9;8;14;0;0;32;31;27;23;21;0;0;19;13;17;0;0;0;0;0;0;0;0;0;0;0;0;0;0;19;19;0;0;0;0;0;0;0;21;9;9;0;9;0;18;18;0;0;35;35;0;26;9;1;9;3;21;1;0;1;4;5;18;4;3;0;0;35;0;0;0;0;35;34;1;23;5;1;10;12;23;0;0;35;0;0;1;0;0;0;0;0;0;0;0;1;1;0;1;0;0;0;1;0;0;0;0;0;0;11;24;7;2;4;2;0;0;0;0;0;0;4;2;3;1;3;4;8;2;2;0;2;0;0;0;0;0;0;26;0
2025;51143801;44;0;0;0;34;0;0;0;0;0;0;0;34;13;17;23;20;0;0;27;27;22;14;15;0;0;15;0;15;0;0;0;0;0;0;0;0;0;0;0;0;0;0;15;15;0;0;0;0;0;0;0;0;0;0;0;0;0;0;0;0;0;41;41;0;32;12;0;11;6;27;0;0;0;2;11;23;6;2;0;0;43;1;0;0;0;44;43;1;29;5;0;14;12;32;0;0;44;0;0;1;0;0;0;0;0;0;0;2;2;1;0;0;0;0;0;1;0;0;0;0;0;0;8;34;10;3;4;4;0;0;0;0;0;0;7;4;2;2;2;3;9;1;1;0;1;0;0;0;0;0;0;19;0
